words,start,end
when i was a child running in the night afraid of what might be,10.801,16.946
hiding in the dark hiding in the street and of what was following me,17.458,24.422
now hounds of love are hunting ive always been a coward and i dont know whats good for me,27.085,43.472
oh here i go its coming for me through the trees oh help me someone help me please,45.213,56.888
and take my shoes off and throw them in the lake and ill be two steps on the water,59.755,70.099
i found a fox caught by dogs he let me take him in my hands,73.274,79.726
his little heart it beats so fast and im ashamed of running away,80.136,86.178
but nothing real i just cant deal with this but im still afraid to be there,86.383,94.576
among your hounds of love and feel your arms surrounding me ive always been a coward hmmm i never know whats good for me,96.317,119.054
oh here i go dont let me go hold me down its coming for me through the trees oh help me darling help me please,120.999,139.639
and take my shoes off and throw them in the lake and ill be two steps on the water,142.199,152.338
i dont know whats good for me i dont know whats good for me i need love yeah yo yeah yo your love,155.616,165.959
and take your shoes off and throw them in the lake,168.622,173.743
do you know what i really mean do you know what i really mean oh love yeah,175.382,182.551
