words,start,end
libraries gave us power then work came and made us free what price now for a shallowpiece of dignity i wish i had a bottle right here in my dirty face to wear the scars to show from where i came,5.772,55.516
we dont talk about love we only want to get drunk and we are not allowed to spend as we are told that this is the end a design for life a design for life a design for life a design for life,60.779,102.035
i wish i had a bottle right here in my pretty face to wear the scars to show from where i came,106.109,128.859
we dont talk about love we only want to get drunk and we are not allowed to spend as we are told that this is the end a design for life a design for life a design for life a design for life,134.122,175.208
we dont talk about love we only want to get drunk and we are not allowed to spend as we are told that this is the end a design for life a design for life a design for life a design for,202.032,241.93
