words,start,end
out on the wiley windy moor wed roll fall in green you had a temper like my jealousy too hot too greedy how could you leave me when i needed to possess you i hated you i loved you too,8.131,33.005
bad dreams in the night they told me i was going to lose the fight leave behind my wuthering wuthering wuthering heights heathcliff,34.015,47.904
its me cathy ive come home im so cold let me in in your window heathcliff its me cathy ive come home im so cold let me in in your window,48.661,70.0
oh it gets dark it gets lonely on the other side from you i pine alot i find the lot falls through without you im coming back love cruel heathcliff my one dream my only master,72.777,97.272
too long i roam in the night im coming back to his side to put it right coming home to wuthering wuthering wuthering heights heathcliff,98.409,112.424
its me cathy ive come home im so cold let me in in your window heathcliff its me cathy ive come home im so cold let me in in your window,113.182,134.267
ooh let me have it let me grab your soul away ooh let me have it let me grab your soul away you know its me cathy,134.772,158.005
heathcliff its me cathy ive come home im so cold let me in in your window heathcliff its me cathy ive come home im socold let me in in your window heathcliff its me cathy ive come home im so cold,159.52,190.707
