words,start,end
hey mister curiosity is it true what theyve been saying about you are you killing me you took care of the cat already,20.204,31.9
and for those who think its heavy is it the truth or is it only gossip,32.436,38.865
call it mystery or anything just as long as you call me i sent the message on did you get it when i left it see this catastrophic event it wasnt meant to mean no harm but to think theres nothing wrong is a problem im looking for love this time sounding hopeful but its making me cry love is a mystery mister curious come back to me mister waiting ever patient cant you see that im the same the way you left me,40.204,86.811
in a hurry to spell check me and im underlined already in envy green and pencil red and ive forgotten what you said will you stop working for the dead and return mister curious i need some inspiration its my birthday and i cannot find no cause for celebration this scenario is grave but ill be braver when you save me from this situation laden with hearsay,87.436,119.043
im looking for love this time sounding hopeful but its making me cry and love is a mystery mister curiousity,121.097,136.722
be mister please do come and find me find find me find me find me im looking for love this time sounding hopeful but its making me cry trying not to ask why this love is a mystery mister curiousity be mister please do come and find me love is blind,136.811,203.15
when the timings never right or who am i to beg for diffrence finding love in just an instant well i dont mind at least ive tried well i tried i tried,203.508,224.668
