words,start,end
i dont know but i think i maybe falling for you dropping so quickly,19.904,27.98
maybe i should keep this to myself waiting til i know you better,28.108,35.48
i am trying not to tell you but i want to im scared of what youll say so im hiding what imfeeling but im tired of holding this inside my head,35.544,52.337
ive been spending all my time just thinking about ya i dont know what to do i think im falling for you ive been waiting all my life,52.722,63.362
and now i found ya i dont know what to do i think im falling for you im falling for you as im standing here,63.618,79.258
and you hold my hand pull me towards you and we start to dance,79.386,85.411
all around us i see nobody here in silence its just you and me,85.539,93.103
im trying not to tell you but i want to im scared of what youll say so im hiding what im feeling but im tired of holding this inside my head,93.231,109.768
ive been spending all my time just thinking about ya i dont know what to do i think im falling for you ive been waiting all my life,110.153,120.793
and now i found ya i dont know what to do i think im falling for you im falling for you,120.921,132.587
oh i just cant take it my heart is racing the emotions keep spinning out,134.766,149.252
ive been spending all my time just thinking about ya i dont know what to do i think im falling for you ive been waiting all my life,151.175,161.815
and now i found ya i dont know what to do i think im falling for you im falling for you i think i falling for you,161.943,175.532
i cant stop thinking about it i want you all around me and now i just cant hide it i think im falling for you,175.788,183.736
i cant stop thinking about it i want you all around me and now i just cant hide it i think im falling for you,183.993,194.376
im falling for you,194.761,198.222
oh oh oh no no o oh oh oh im falling for you,199.376,208.99
