words,start,end
drifting away from youspinningdown to the pinpoint drop of isolation in a spell walking away from the fire that keeps my heart from turning to ice,12.612,40.774
goldenfeet grace the surface of the sea sinking deeper i view them from underneath flailing kicking as i head for the deep i question a hypothetical lastsupper oh god receive my outstretched hand,45.312,72.574
will i inhale the bluespinningdown upon the glass a ghost towards realization of a cell enclosing the hauntings of a pastthat blind the eyes and rust the heart,80.374,108.387
goldenfeet grace the surface of the sea sinking deeper i view them from underneath flailing kicking as i head for the deep i question a hypothetical lastsupper oh god receive my outstretched hand,113.037,140.487
so i fell i need you to take myhand and keep my heartfrom ice,171.462,180.312
goldenfeet grace the surface of thesea sinking deeper i view them from underneath goldenfeet grace the surface of thesea,182.862,202.512
sinking deeper i view them from underneath flailing kicking as i head for the deep,206.712,222.574
