words,start,end
youve been around for such a long time now or maybe i could leave you but i dont know how and why should i be lonely every night when i can be with you oh yes you make it right and i dont listen to the guys who say that youre bad for me and i should turn you away,9.713,33.953
cause they dont know about us and theyve never heard of love,34.476,41.946
i get a feeling when i look at you wherever you go now i wanna be there too they say were crazy but i just dont care and if they keep on talkin still they get nowhere so i dont mind if they dont understand when i look at you and you hold my hand,43.44,67.755
cause they dont know about us and theyve never heard of love,68.204,75.86
why should it matter to us if they dont approve we should just take our chances while weve got nothing to lose,77.915,92.481
baby,111.605,112.613
theres no need for living in the past now i found good loving gonna make it last i tell the others dont bother me cause when they look at you they dont see what i see no i dont listen to their wasted lines got my eyes wide open and i see the signs,112.875,137.265
cause they dont know about us and theyve never heard of love,137.75,145.183
no i dont listen to their wasted lines got my eyes wide open and i see the signs,145.594,154.147
cause they dont know about us and theyve never heard of love ah ah ah ah ah ah ah ah ah ah ah,154.558,176.408
