words,start,end
i am driving up eighty five in the kind of morning that lasts all afternoon just stuck inside the gloom four more exits to my apartment but i am tempted to keep the car in drive and leave it all behind,10.521,45.22
cause i wonder sometimes about the outcome of a still verdictless life,49.243,65.336
am i living it right am i living it right am i living it right why why georgia why,66.844,87.695
i rent a room and i fill the spaces with wood in places to make it feel like home but all i feels alone it might be a quarter life crisis or just the stirring in my soul,96.979,122.781
either way i wonder sometimes about the outcome of a still verdictless life,125.334,142.084
am i living it right am i living it right am i living it right why why georgia why,143.593,164.869
so what so ive got a smile on but its hiding the quiet superstitions in my head dont believe me dont believe me when i say ive got it down,169.008,193.843
everybody is just a stranger but thats the danger in going my own way i guess its the price i have to pay still everything happens for a reason is no reason not to ask myself,203.669,234.306
if i am living it right am i living it right am i living it right why tell me why why why georgia why,234.616,261.927
