words,start,end
right now well its finally time to face my fears gonna get the hell out of here and create a fresher atmosphere but the consequence is clear,11.692,23.901
theres a furnace set on high and a yearning undefined but its time to turn the tide its social suicide,24.25,38.029
like you perserverence is a useless tool just a patron on a ship of fools feigning interest in the cast and crew why youve broken every single rule,39.425,51.808
theres a furnace set on high and a yearning undefined now its time to turn the tide its social suicide,51.983,65.936
shadows entertain the unwashed masses scholars explain their numb reactions i dont even know if i can ever find truth but im sure it wont come from following you,67.506,79.541
theres a furnace set on high and a yearning undefined but its time to turn the tide its social suicide,79.715,93.669
