words,start,end
got a call from an old friend we used to be real close said he couldnt go on the american way closed the shop sold the house bought a ticket to the west coast now he gives them a standup routine in la,37.522,64.633
i dont need you to worry for me cause im alright i dont want you to tell me its time to come home i dont care what you say anymore this is my life go ahead withyour own life leave mealone,70.347,96.898
i never said you had to offer me a second chance i never said i was a victim of circumstance,96.898,108.997
i still belong dont get me wrong and you can speak your mind but not on my time,110.846,124.906
they will tell you you cant sleep alone in a strange place then theyll tell you you cant sleep with somebody else but sooner or later you sleep in your own space either way its okay you wake up with yourself,125.354,152.801
i dont need you to worry for me cause im alright i dont want you to tell me its time to come home i dont care what you say anymore this is my life go ahead with your own life and leave me alone,158.291,184.954
i never said you had to offer me a second chance i never said i was a victim of circumstance,185.01,197.053
i still belong dont get me wrong and you can speak your mind but not on my time,198.846,213.298
i dont care what you say anymore this is my life go ahead with your own life leave me alone,213.522,227.974
