words,start,end
i got a pocket got a pocketful of sunshine i got a love and i know that its all mine oh oh oh oh do what you want but youre never gonna break me sticks and stones are never gonna shake me oh,8.906,22.379
oh oh oh take me away a secret place a sweet escape take me away take me away to better days take me away a hiding place i got a pocket got a pocketful of sunshine i got a love and i know that its all mine oh,23.353,48.686
oh oh oh do what you want but youre never gonna break me sticks and stones are never gonna shake me oh oh oh oh i got a pocket got a pocketful of sunshine i got a love and i know that its all mine oh oh oh oh wish that you could but you aint gonna own me do anything you can to control me oh oh no,49.557,76.683
take me away a secret place a sweet escape take me away take me away to better days take me away a hiding place theres a place that i go that nobody knows where the rivers flow and i call it home and theres no more lies in the darkness theres light and nobody cries theres only butterflies take me away a secret place a sweet escape take me away take me away to better days take me away a hiding place take me away a secret place a sweet escape take me away take me away to better days take me away a hiding place take me away a secret place to better days take me away,77.887,158.266
take me away to better days take me away a hiding place the sun is on my side and takes me for a ride i smile up to the sky i know ill be alright,158.65,185.366
the sun is on my side and takes me for a ride i smile up to the sky i know ill be alright,186.032,194.972
