words,start,end
i hate this town its so washed up and all my friends dont give a fuck theyll tell me that its just bad luck when will i find where i fit in,0.974,13.374
2 3 4 remember when i tried id never strayed too far from you forever by your side no matter what i was going through but now i never know the things to say to you that help me prove that im still on your side i never show just what you do to me guess im whats always wrong i hate this town its so washed up and all my friends dont give a fuck theyll tell me that its just bad luck when will i find where i fit in i hate this town,13.574,66.674
cause no one can understand i just cant be tied down nothing comes between me and my plans so now i never know the things to say to you that help me prove that im still on your side i never show just what you do to me,67.824,88.074
guess im whats always wrong i hate this town its so washed up and all my friends dont give a fuck theyll tell me that its just bad luck when will i find where i fit in,88.274,103.574
and dont believe a word theyre telling to you dont believe a word theyre telling to you they let me down when will i find where i fit in i hate this town,104.174,117.374
my world cannot ever bring me down everything i had turning back around cause our times worth something bigger than both you and me i cant live my life always backing down i gotta do this right so they cant make a sound cause im not here for nothing least i can say i stand for something,117.674,142.974
you and me we stand for something,146.374,149.974
i hate this town its so washed up and all my friends dont give a fuck theyll tell me that its just bad luck when will i find where i fit in,154.574,167.674
and dont believe a word theyre telling to you dont believe a word theyre telling to you they let me down when will i find where i fit in i hate this town,168.174,181.774
