words,start,end
lollipop lollipop oh lolli lolli lolli lollipop lollipop oh lolli lolli lolli lollipop lollipop oh lolli lolli lolli lollipop,7.148,17.829
lollipop lollipop oh lolli lolli lolli lollipop lollipop oh lolli lolli lolli lollipop lollipop oh lolli lolli lolli lollipop,20.215,30.896
call my baby lollipop tell you why his kiss is sweeter than an apple pie and when he does his shaky rockin dance man i havent got a chance,33.489,45.207
i call him lollipop lollipop oh lolli lolli lolli lollipop lollipop oh lolli lolli lolli lollipop lollipop oh lolli lolli lolli lollipop,45.518,57.548
sweeter than candy on a stick huckleberry chimry or lime if you had a choice hed be your pick but lollipop is mine,60.14,73.311
lollipop lollipop oh lolli lolli lolli lollipop lollipop oh lolli lolli lolli lollipop lollipop oh lolli lolli lolli lollipop,73.622,84.303
crazy way he thrills me tell you why just like a lightning from the sky he loves to kiss me till i cant see straight gee my lollipop is great,87.0,98.822
i call him lollipop lollipop oh lolli lolli lolli lollipop lollipop oh lolli lolli lolli lollipop lollipop oh lolli lolli lolli lollipop,99.133,111.163
lollipop lollipop oh lolli lolli lolli lollipop lollipop oh lolli lolli lolli lollipop lollipop oh lolli lolli lolli lollipop oh lollipop,113.963,125.888
