words,start,end
and the sky was made of amethyst and all the stars look just like little fish you should learn when to go you should learn how to say no,9.062,28.526
might last a day yeah mine is fore ver might last a day yeah mine is forever,31.919,50.937
when they get what they want they never want it againwhen they get what they want well they neverwantit again,51.026,62.812
go on take everything take everything i want you to go on take everything take everything i want you to,63.169,74.33
and the sky was all violet i want it again but violent more violent im the one with no soul one above and one below,77.901,97.366
might last a day yeah mine is fore ver might last a day yeah mine is forever,100.669,119.687
when they get what they want they neverwant it againwhen they get what they want they never want it again,119.776,131.651
go on take everything take everything i want you to go on take everything take everything i dare you to,131.919,142.991
i told youfrom the startjust howthis would end when i get what i want then i never want it again,143.169,155.044
go on take everything take everything i want you to go on take everything take everything i want you to,155.491,166.83
go on take everything take everything i want you to go on take everything take everything i want you to,178.883,190.223
go on take everything take everything i want you to go on take everything take everything take everything take everything,190.491,203.973
