words,start,end
taking on water sailing a restless sea from a memory a fantasy the wind carries into white water far from the islands dont you know youre,10.461,29.961
never going to get to france mary queen of chance will they find you never going to get to france could a new romance ever bind you,30.024,48.461
walking on foreign grounds like a shadow roaming in far off territory over your shoulder stories unfold youre searching for sanctuary you know youre,59.399,78.899
never going to get to france mary queen of chance will they find you never going to get to france could a new romance ever bind you,78.961,97.336
i see a picture by the lamps flicker isnt it strange how dreams fade and shimmer,98.586,117.461
never going to get to france mary queen of chance will they find you never going to get to france could a new romance ever bind you,118.086,136.461
i see a picture by the lamps flicker isnt it strange how dreams fade and shimmer,157.274,175.899
never going to get to france mary queen of chance will they find you never going to get to france could a new romance ever bind you,176.774,195.149
never going to get to france never going to never going to get to france never going to,242.836,274.461
