words,start,end
you are my friend aa ano hi no yume ima de mo mada wasurete nain desho you are my dream aa hajimatta bakka kimi no one longest way oh ima tabidatsu yo,0.996,20.086
everyday kono saki mo shining day kawarazu singing hikaru asa no smile kore de miosame no funny days tobidatsu future mezashita go far kokoro no dream on,20.689,39.628
ill go the distance mihatenu sora wa blue norikonda star ship kore ga saikou no forever trip,40.156,51.323
you are my friend aa ano hino yume ima de mo mada wasurete nain desho you are my dream aa hajimatta bakka kimi no one longest way oh ima tabidasu yo,51.851,70.941
thank you my friend aa ano hi no koto ima de mo mada oboeteru kara you are my dream aa mou nidoto sou modora nai days oh ill go the distance,71.242,92.369
kakushikire nai kurai no ooki na uso o tsuite nomikomareru hanne kore wa saikou no trip make tsuzuke no game kore kara hajimatteku one dream,117.721,133.717
you are my friend aa ano hi no yume ima de mo mada wasurete nain desho you are my dream aa hajimatta bakka kimi no one longest way oh ima tabidatsu yo,134.321,153.335
thank you my friend aa ano hi no koto ima de mo mada oboeteru kara you are my dream aa mou nidoto sou modora nai days mou ugokidashita asu e kisetashi nai flame of heart sou ill go the distance,153.712,181.177
