words,start,end
life is my passion lust is my confesion loves my religion sign of my origin,24.052,35.715
hes my love religion hes my love religion,36.641,41.824
hes my love religion and i believe in you hes my love religion hes my love religion,42.565,53.672
hes my love religion i believe in you life is my passion lust is my confesion loves my religion sign of my origion,54.413,106.712
hes my love religion hes my love religion hes my love religion and i believe in you,107.73,118.19
hes my love religion hes my love religion hes my love religion i believe in you,119.578,130.593
life is my passion lust ismy confesion loves my religion sign of my origin,166.23,177.801
hes my love religion hes my love religion,178.819,184.003
hes my love religion and i believe in you hes my love religion hes my love religion,184.743,195.851
hes my love religion i believe in you hes my love religion,196.591,204.644
hes my love religion hes my love reli,205.477,210.106
