words,start,end
day is dawning and i must go youre asleep but still im sure you know why it had to end this way you and i had a groovy time but i told you somewhere down the line you would have to find me gone i just have to move along just another town another train waiting in the morning rain look in my restless soul a little patience just another town another train nothing lost and nothing gained guess i will spend my life in railway stations guess i will spend my life in railway stations,8.691,80.468
when you wake i know youll cry and the words i wrote to say goodbye they wont comfort you at all but it time you will understand that the dreams we dreamed where made of sand for a no good bum like me to live is to be free,86.667,118.65
just another town another train waiting in the morning rain look in my restless soul a little patience just another town another train nothing lost and nothing gained guess i will spend my life in railway stations guess i will spend my life in railway stations,121.377,157.948
just another town another train waiting in the morning rain look in my restless soul a little patience just another town another train nothing lost and nothing gained guess i will spend my life in railway stations,160.055,188.319
