words,start,end
keep you in the dark you know they all pretend keep you in the dark and so it all began,12.376,33.096
send in your skeletons sing as their bones come marching in again they need you buried deep the secrets that you keep are at the ready are you ready,37.691,59.365
im finished making sense done pleading ignorance that whole defense spinning infinity but the wheel is spinning me its never ending never ending same old story,59.885,84.333
what if i say im not like the others what if i say im not just another one of your plays youre the pretender what if i say i will never surrender,84.506,95.43
what if i say im not like the others what if i say im not just another one of your plays youre the pretender what if i say i will never surrender,95.603,106.527
in time or so im told im just another soul for sale oh well the page is out of print we are not permanent were temporary temporary same old story,109.821,134.269
what if i say im not like the others what if i say im not just another one of your plays youre the pretender what if i say i will never surrender,134.443,145.366
what if i say im not like the others what if i say im not just another one of your plays youre the pretender what if i say i will never surrender oh,145.54,159.151
im the voice inside your head you refuse to hear im the face that you have to face mirrored in your stare im whats left im whats right im the enemy im the hand thatll take you down bring you to your knees,164.96,186.2
so who are you yeah who are you yeah who are you,186.633,194.609
yeah who are you keep you in the dark you know they all pretend,194.869,207.093
what if i say im not like the others what if i say im not just another one of your plays youre the pretender what if i say i will never surrender,209.347,220.271
what if i say im not like the others what if i say im not just another one of your plays youre the pretender what if i say i will never surrender,220.444,231.368
what if i say im not like the others what if i say im not just another one of your plays youre the pretender what if i say i will never surrender,231.541,242.465
what if i say im not like the others what if i say im not just another one of your plays youre the pretender what if i say i will never surrender,242.638,255.816
so who are you yeah who are you yeah who are you,255.989,264.659
