words,start,end
pick me up been bleeding too long ri ght here right now ill stop it some how,11.778,34.654
i will make it go away cant be here no more seems this is the only way i will soon be gone these feelings will be gone thes feelings will be gone,35.78,59.781
now i see the times they change leaving us it seems so strange i am hoping i can find where to leave my hurt behind all the shit i seem to take all alone i seem to break i have lived the best i can does this make me not a man,60.531,84.72
shut me off im ready heart stops i stand alone cant be my own,84.814,106.471
i will make it go away cant be here no more seems this is the only way i will soon be gone these feelings will be gone these feelings will be gone,107.784,131.692
now i see the times they change leaving us it seems so strange i am hoping i can find where to leave my hurt behind all the shit i seem to take all a lone i seem to break i have lived the best i can does this make me not a man,132.536,156.725
am i going to leave this place what is it im hanging from is there nothing more to come is it always black in space am i going to take its place am i going to leave this race i guess gods up in this place what is it that ive become is there something more to come more to come,168.538,208.29
now i see the times they change leaving us it seems so strange i am hoping i can find where to leave my hurt behind all the shit i seem to take all alone i seem to break i have lived the best i can does this make me not a man,210.54,234.354
now i see the times they change leaving us it seems so strange i am hoping i can find where to leave my hurt behind all the shit i seem to take all alone i seem to break i have lived the best i can does this make me not a man,234.542,258.356
