words,start,end
what makes this world go round will the answer let her down she is so sweet and young and her life has just begun,20.764,35.376
what does her future hold thats the story left unknown,37.316,43.652
will she make it through her days let our love lead the way,44.04,52.833
part of me laughs part of me cries part of me wants to question why why is there joy why is there pain why is there sunshine after rain one day youre here next you are gone no matter what we must go on just keep the faith and let love lead the way everything will work out fine if you let love love lead the way,53.867,94.988
sitting there all alone in the window of her room watching the world go by brings tears to her eye s,95.247,110.505
all she sees is hurt and pain she wants to break the chain,111.798,117.876
shell keep pressing everyday and shell find her own sweet wa y,118.523,127.574
part of me laughs part of me cries part of me wants to question why why is there joy why is there pain why is there sunshine after rain one day youre here next you are gone no matter what we must go on just keep the faith and let love lead the way,128.35,159.514
you can be all that and still can be who you are you gotta know for sure that it isnt make believ e,161.454,177.1
you may feel weak but you are strong dont you give up if,178.005,185.117
if you keep holding on youll never be wrong just close your eyes cause it lies deep in your heart,185.247,193.652
part of me laughs part of me cries part of me wants to question why why is there joy why is there pain why is there sunshine after rain one day youre here next you are gone no matter what we must go on just keep the faith and let love lead the way,194.557,225.721
