words,start,end
found the morning liquor found the morning light looking into the rearview mirror the motherfuckers are all awaiting him down the line sick and tired of fighting all the crap inside starting a new day breathing the morning got a feeling leaving something behind,8.438,23.376
he sees the lonely lonely lonely lonely lonely day yeah yeah left his car out in the desert forever more hes got another life now to explore and forever you will hear the people talk how they can hear his boots out in the cold,23.563,51.188
and the fallen will get down on his knees yeah and the fallen will get down on his knees yeah oh oh oh and forever the man in the coat will cast his shadows among those who knows the tale of the gangster who shot all his demons for good,51.438,80.876
oh oh oh then along came the mirror and the ripper what do you see in the night passing shadows that can scar your soul and make you feel demonized hear a match and see the lightning from the ripper what do you have in your mind we believe that he comes for another wicked destiny night dazing in the dark the life line going cold in fire,81.626,119.126
have you asked yourself what is it that you see well is it mr cadillac or you walking among those who nearly found peace into the light and out of the blue,127.126,141.938
and the fallen will get down on his knees yeah and the fallen will get down on his knees yeah oh oh oh and forever the man in the coat will cast his shadows among those who knows the tale of the gangster who shot all his demons for good,142.251,171.251
oh oh oh then along came the mirror and the ripper what do you see in the night passing shadows that can scar your soul and make you feel demonized hear a match and see the lightning from the ripper what do you have in your mind we believe that he comes for another wicked destiny night dazing in the dark the life line going cold in fire look into his eyes youll meet a hundred angels cr y,172.063,215.813
face the mirror you gonna seek another day you gonna face the mirror you gonna seek another day you gonna face the mirror you gonna seek another day,225.188,230.751
you gonna face the mirror you gonna seek another day you gonna oh going lonely home,230.751,237.501
