words,start,end
ill give you dairy queen pink dreams tongue all on your ice cream lips gleam plates clean preteen submarine,10.462,16.284
drippin down your ice cream cone rhinestone hormones,16.435,21.245
enter my construction zone make me moan danger prone,21.953,24.586
enter my construction zone make me moan danger prone,24.738,27.218
it doesnt feel right so keep going down it doesnt feel right until you start to drown,27.269,32.787
i wanna s your d i wanna l your v,37.849,42.759
gonna guarantee to set you free,48.986,53.795
sliddin down the pole swallow it whole flood control always on patrol lets take a stroll into your hole on cruise control now pay the toll,54.858,65.944
i want pants dropping slow fucking floor mopping right now,71.007,76.879
enter my construction zone make me moan danger prone,76.93,79.714
enter my construction zone make me moan danger prone,79.764,82.346
it doesnt feel right so keep going down it doesnt feel right until you start to drown,82.346,87.864
jeffree star for dinner ill give you jeffree star for din ner bitch,87.915,92.774
it doesnt feel right so keep going down it doesnt feel right until you start to drown,93.281,98.95
open up your thighs show me the surprise,104.468,106.949
open up your thighs show me the surprise,107.202,109.885
