words,start,end
i cant take your hand and lead you to the water i cant make you feel what you dont feel but you know you wanna find out how to crack me log in try to hack me,14.973,32.239
underneath the surface theres so much you need to know and you might feel like your drowning but thats what i need to let go,32.378,44.043
tell me what youve got to break down the walls you just might need dynamite yeah tell me what youve got to break down the walls kick senseless my defences,44.229,55.801
tell me what your gonna do i need you to light the fuse tell me what youve got to break down the walls you just might need dynamite,56.079,67.374
got dynamite,69.781,71.633
i cant paint this picture just so you can hang it i cant wait for you to understand if you just dont get it find out how to crack me log in try to hack me,74.225,91.399
underneath the surface theres so much you need to know and you might feel like your drowning but thats what i need to let go,91.63,103.295
tell me what youve got to break down the walls you just might need dynamite yeah tell me what youve got to break down the walls kick senseless my defences,103.481,115.053
tell me what your gonna do i need you to light the fuse tell me what youve got to break down the walls you just might need dynamite,115.331,126.672
when the walls come crashing down i hope your standing right in front of me where my past lies all around cause all you need to save me is to intervine and make the walls come crashing down,127.922,153.521
got got dynamite,157.918,165.001
tell me what youve got to break down the walls you just might need dynamite yeah tell me what youve got to break down the walls kick senseless my defences,165.695,177.175
tell me what your gonna do i need you to light the fuse tell me what youve got to break down the walls you just might need dynamite,177.546,188.887
got dynamite,191.248,192.868
got dynamite,194.21,196.478
got dynamite got dynamite,197.173,201.57
