words,start,end
were walking like in a dolce vita this time we got it right were living like in a dolce vita mmh gonna dream tonight were dancing like in a dolce vita with lights and music on our love is made in the dolce vita nobody else than you,36.01,65.753
its our last night together with our love again another light before well drown in darkness say youll never leave me now say youre gonna love me now,67.72,87.385
we made it down in the dolce vita wipe all your fears away we lived it like in the dolce vita a game of yesterday im so alone in the dolce vita oh baby telephone this magics gone in the dolce vita nobody else than you,102.871,132.615
its our last night together with our love again another light before well drown in darkness say youll never leave me now say youre gonna love meee,134.581,153.755
its our last night together with our love again another life before well drown in darkness say youll never leave me now say youre gonna love me now,154.246,173.912
