words,start,end
yeah ooh ooh ooh yeah ooh ooh ooh mhh mhh and your golden lies feed my role in this forgotten space race under my control whos returned from the dead who remains,25.035,90.05
you know that i dont want you and i never did i dont want you and i never will,98.202,114.06
and you wanted more than i was worth and you think i was scared yeah and you needed proof who really cares anymore who restrains,117.711,149.022
you know that i dont love you and i never did i dont want you and i never will,157.214,174.168
