words,start,end
heh not again ohh this aint supposed to happen to me,0.312,5.757
keep rockin and keep knockin whether you louie vouitonn it up or reebokin you see the hate that theyre servin on a platter so what we gon have dessert or disaster,6.715,18.715
i never thought id be in love like this when i look at you my mind goes on a trip then you came in and knocked me on my face feels like im in a race but i already won first place,18.917,41.455
i never thought id fall for you as hard as i did you got me thinkin bout our life our house and kids yeah every mornin i look at you and smile cause boy you came around and you knocked me down knocked me down,43.673,67.421
sometimes love comes around and it knocks you down just get back up when it knocks you down knocks you down,67.421,79.774
sometimes love comes around and it knocks you down just get back up when it knocks you down knocks you down,79.774,92.127
i never thought id hear myself say yall go ahead i think im gonna kick it wit my girl today i used to be commander and chief from my pimp ship flyin high,93.236,109.27
til i met this pretty little missile,110.379,112.85
that shot me out the sky hey sonow im crashing dont know how it happened,112.951,120.312
but i know it feels so damn good said if i could go back and make it happen faster dont you know i would baby if i could miss independent to the fullest the load never too much she helpin me pull it she shot the bullet that ended that life i swear to u the pimp in me just died tonight girl sometimes love comes around,120.312,147.035
and it knocks you down just get back up when it knocks you down knocks you down,147.438,154.144
sometimes love comes around and it knocks you down just get back up when it knocks you down knocks you down,154.144,166.346
tell me now can you make it past your caspers so we can finally fly off into nasa you was always the cheerleader of my dreams that seem to only date the head of football teams and i was the class clown that always kept you laughin we were never meant to be baby we just happen so please dont mess up the trick hey young world im the new slick rick they say i move too quick but we cant let this moment pass us let the hourglass pass right into ashes let the wind blow the ash right before my glasses so i wrote this love letter right before my classes,167.657,204.514
how could a goddess ask someone thats only average for advice omg you listen to that bitch whoa its me baby this is tragic cause we had it we was magic i was flyin now im crashin this is bad real bad michael jackson now im mad real mad joe jackson you should leave your boyfriend now,204.514,228.11
say u gotta put the good with the bad happy and the sad so will u bring a better future than i had in the past oh cause i dont wanna make the same mistakes i did i dont wanna fall back on my face again whoaa whoaaa ill admit it i was scared to answer loves call whoaa whoaaa and if it hits better make it worth the fall,228.11,253.27
sometimes love comes around and it knocks you down just get back up when it knocks you down knocks you down,253.27,265.623
sometimes love comes around and it knocks you down just get back up when it knocks you down knocks you down,265.623,277.825
wont see it coming when it happens but when it happens youre gonna feel it let me tell you now see when love comes and knocks you down,278.984,289.421
wont see it coming when it happens but when it happens youre gonna feel it let me tell you now you see when love comes and knocks you down,291.388,301.673
