words,start,end
sitting in a corner all alone staring from the bottom of his soul watching the night come in from the window window,31.493,43.318
itll all collapse tonight the fullmoon is here again in sickness and in health understanding so demanding it has no name theres one for every season makes him insane to knoooooow,43.912,72.31
running away from it all ill be safe in the cornfields he thinks hunted by his own again he feels the moon rising on the sky,84.409,95.503
find a barn which to sleep in but can he hide anymore someones at the door understanding too demanding can this be wrong its love that is not ending makes him insane to knoooooow,96.097,118.012
she should not lock the open door run away run away run away fullmoon is on the sky and hes not a man anymore sees the change in him but cant run away run away run away see what became out of her man,119.427,139.973
fullmoon swimming across the bay the nite is gray so calm today she doesnt wanna wait weve gotta make the love complete tonight,141.936,154.172
in the mist of the morning he cannot fight anymore hundred moons or more hes been howling knock on the door and scream that is soon ending mess on the floor aga in,154.674,176.453
she should not lock the open door run away run away run away fullmoon is on the sky and hes not a man anymore sees the change in him but cant run away run away run away see what became out of her man,177.959,198.824
solo she should not lock the open door run away run away run away fullmoon is on the sky and hes not a man anymore sees the change in him but cant run away run away run away see what became out of her darling man,199.966,274.021
she should not lock the open door fullmoon is on the sky and hes not a man anymore whoooo whoooo see what became out of that man,275.162,296.118
