words,start,end
it seems like everydays the same and im left to discover on my own it seems like everything is gray and theres no color to behold they say its over and im fine again yeah try to stay sober feels like im dying here,11.422,52.928
and i am aware now of how everythings gonna be fine one day too late im in hell i am prepared now seems everyones gonna be fine one day too late just as well,55.399,77.047
i feel the dream in me expire and theres no one left to blame it on i hear you lable me a liar cause i cant seem to get this through you say its over i can sigh again yeah why try to stay sober when im dying here,77.047,118.51
and i am aware now of how everythings gonna be fine one day too late im in hell i am prepared now seems everyones gonna be fine one day too late just as well,120.982,142.885
and im not scared now i must assure you youre never gonna get away and im not scared now and im not scared now no,143.056,164.192
i am aware now of how everythings gonna be fine one day too late im in hell i am prepared now seems everyones gonna be fine one day too late just as well,175.868,197.516
i am prepared now seems everythings gonna be fine for me for me for myself for me for me for myself for me for me for myself i am prepared now for myself i am prepared now and i am fine again erstellt von s w,197.814,239.661
