words,start,end
my teas gone cold im wondering why,1.28,4.162
i got out of bed at all the morning rain clouds up my window and i cant see at all,4.849,12.947
and even if i could itd all be grey but your picture on my wall it reminds me that its not so bad its not so bad my teas gone cold im wondering why,13.313,28.137
i got out of bed at all the morning rain clouds up my window and i cant see at all,28.823,36.921
and even if i could itd all be grey but your picture on my wall it reminds me that its not so bad its not so bad,37.287,48.268
dear slim i wrote you but you still aint callin i left my cell my pager and my home phone at the bottom i sent two letters back in autumn you must not have got em it probably was a problem at the post office or somethin,49.091,60.575
sometimes i scribble addresses too sloppy when i jot em but anyways fuck it whats been up man hows your daughter my girlfriends pregnant too im bout to be a father if i have a daugther guess what ima call her im a name her bonnie i read about your uncle ronnie too im sorry i had a friend kill himself over some bitch,60.758,77.733
who didnt want him i know you probably hear this everyday but im your biggest fan i even got the underground shit that you did with scam,77.733,84.687
i got a room full of your posters and your pic tures man i like the shit you did with ruckus too,85.236,89.766
that shit was fat anyways i hope you get this man hit me back just to chat truly yours biggest fan this is stan my teas gone cold im wondering why,89.903,100.151
i got out of bed at all the morning rain clouds up my window and i cant see at all,100.838,108.936
and even if i could itd all be grey but your picture on my wall it reminds me that its not so bad its not so bad dear slim you still aint called or wrote,109.348,122.616
i hope you have the chance i aint mad i just think its fucked up you dont answer fans if you didnt want to talk to me outside your concert you didnt have to but you could have signed an autograph for matthew,122.616,132.407
thats my little brother man hes only 6 years old we waited in the blistering cold for you 4 hours and ya just said no thats pretty shitty man your like his fuckin idol he wants to be just like you man,132.499,143.022
he likes you more than i do i aint that mad though i just dont like bein lied to remember when we met in denver you said if id write to you,143.113,150.525
you would write back see im just like you in a way i never knew my father neither he used to always cheat on my mom and beat her i can relate to what youre sayin,150.525,158.715
in your songs so when i have a shitty day i drift away and put em on cause i dont really got shit else so that shit helps when im depressed i even got a tattoo with your name across the chest sometimes i even cut myself to see how much it bleeds its like adrenaline the pain is such a sudded rush for me see everything you say is real and i respect you cause you tell it my girl friends jealous cause i talk about you 247 but she dont know you like i know you slim no one does,158.761,183.513
she dont know what it was like for people like us growing up youve got to call me man ill be the biggest fan youll ever loose sincerely yours stan pswe should be together too my teas gone cold im wondering why,183.604,196.14
i got out of bed at all the morning rain clouds up my window and i cant see at all,196.827,205.016
and even if i could itd all be grey but your picture on my wall it reminds me that its not so bad,205.337,214.67
its not so bad dear mr im too good to call or write my fans thisll be the last package i ever send your ass its been six months and still no word i dont deserve it i know you got my last two letters i wrote the addresses on em perfect,215.082,228.671
so this is my cassette im sending you i hope you hear it im in the car right now im doing 90 on the freeway hey slim i drank a fifth of vodka ya dare me to drive you know the song by phil collins in the air of the night about that guy who could have saved that other guy from drowning,228.808,243.494
but didnt then phil saw it all then at his show he found him thats kinda how this is you could have rescued me from drowning,243.632,249.305
now its too late im on a 1000 downers now im drowsy and all i wanted was a lousy letter or a call i hope you know i ripped all o your pictures off the wall i love you slim we could have been together think about it you ruined it now i hope you cant sleep and dream about it,249.534,264.998
and when you dream i hope you cant sleep and you scream about it i hope your conscious eats at you and you cant breathe without me see slim shut up bitch im trying to talk hey slim thats my girlfriend screaming but i didnt slit her throat,265.044,277.397
i just tied her up see i aint like you cause if she suffocates shell suffer more and then shell die too well gotta go im almost at the bridge now oh shit i forgot how am i supposed to send this shit out,277.534,288.698
dear stan i meant to write you sooner but ive just been busy you said your girlfriends pregnant now how far along is she look im really flattered you would call your daughter that and heres an autograph for your brother,288.835,335.091
i wrote it on your starter cap im sorry i didnt see you at the show i must have missed you dont think i did that shit intentionally just to diss you but whats this shit you said about you like to cut your wrists too i say that shit just clowning dogg cmon how fucked up is you you got some issues stan i think you need some counselin to help your ass from bouncin off the walls when you get down some and whats this shit about us meant to be together that type of shitll make me not want us to meet each other,335.366,360.392
i really think you and your girlfriend need each other or maybe you just need to treat her better i hope you get to read this letter i hope it reaches you in time before you hurt yourself i think that youd be doin just fine if youd relax a little im glad that i inspired you but stan why are you so mad try to understand that i do want you as a fan,361.079,379.059
i just dont want you to do some crazy shit i seen this one shit on the news a couple weeks ago that made me sick,379.242,384.779
some dude was drunk and drove his car over a bridge and had his girlfriend in the trunk and she was pregnant with his kid and in the car they found a tape but it didnt say who it was to come to think about it his name was it was you,384.962,396.354
