words,start,end
i dont wanna be i dont wanna be me i dont wanna be me anymore,7.203,15.121
ever throwing at his home two glass houses twenty stones fourteen yellow six are blue could it be worse quite doubtful,36.037,54.115
i dont wanna be i dont wanna be me i dont wanna be me anymore,55.011,62.78
i dont wanna be i dont wanna be me i dont wanna be me anymore,64.573,72.342
one two one two three four two steps forward three steps back without warning heart attack he fell asleep in the snow never woke up died alone,72.94,111.486
i dont wanna be i dont wanna be me i dont wanna be me anymore,112.382,120.151
i dont wanna be i dont wanna be me i dont wanna be me anymore,121.944,129.713
one two one two three four please dont dress in black when youre at his wake dont go there to mourn but to celebrate,130.31,149.733
please dont dress in black when youre at his wake dont go there to mourn but to celebrate,171.545,187.98
i dont wanna be i dont wanna be me i dont wanna be me anymore,188.876,196.645
i dont wanna be i dont wanna be me i dont wanna be me anymore,198.438,206.207
one two one two three four i dont wanna be wanna be i dont wanna be me be me i dont wanna be wanna be i dont wanna be wanna be,206.804,219.354
i dont wanna be me be me i dont wanna be wanna be me anymore,219.354,225.33
