words,start,end
la la la la la la la la la la la la la la la la la la la la la la la la la la la la la la la love the way you fill me up with life baby we can break the speed of light nothing to fear when you are near just give me more,0.999,27.856
reaching for the sky im aiming high close my eyes and then its almost like we fly up in the air lets take it there never let go oh,30.422,45.134
feel the energy between you and me baby its so right oh i feel the energy just taking over me over me how ive been waiting for this la la la la la la la la la la la la la la la love how ive been waiting for this,46.16,66.916
la la la la la la la la la la la la la la la love paris to la over the night all around the world just you and i nothing to fear when you are near were on a roll and we do it again no stop no end out of control,66.916,93.602
oh feel the energy between you and me baby its so right oh i feel the energy just taking over me over me how ive been waiting for this la la la la la la la la la la la la la la la love how ive been waiting for this,95.597,118.178
la la la la la la la la la la la la la la la love nothing to fear when you are near oh feel the energy between you and me baby its so right oh i feel the energy just taking over me over me how ive been waiting for this la la la la la la la la la la la la la la la love la la la la la la la la la la la la la la la love how ive been waiting for this la la la la la la la la la la la la la la la love,118.235,176.225
