words,start,end
one way or another im gonna find ya im gonna getcha getcha getcha getcha one way or another im gonna win ya im gonna getcha getcha getcha getcha,3.043,14.756
one way or another im gonna see ya im gonna meetcha meetcha meetcha meetcha one day maybe next week im gonna meetcha im gonna meetcha ill meetcha,14.895,26.376
i will drive past your house and if the lights are all down ill see whos around,26.747,43.089
lets go one way or another im gonna find ya im gonna getcha getcha getcha getcha one way or another im gonna win ya ill getcha ill getcha,43.969,56.006
one way or another im gonna see ya im gonna meetcha meetcha meetcha meetcha one day maybe next week im gonna meetcha ill meetcha,56.376,67.117
and if the lights are all out ill follow your bus downtown see whos hanging out,68.228,84.571
1 2 3 4 na na na na na na na na na na na na na na na na na na,87.487,94.663
i wanna hold you wanna hold you tight i wanna hold you wanna hold you tight i wanna hold you wanna hold you tight yeah teenage kicks right through the night,95.08,106.145
come on i wanna hold you wanna hold you tight i wanna hold you wanna hold you tight i wanna hold you wanna hold you tight yeah teenage kicks right through the night,106.376,117.997
one way or another im gonna see ya im gonna meetcha meetcha meetcha meetcha one way or another im gonna win ya im gonna getcha getcha getcha getcha one way or another,118.599,132.487
im gonna see ya im gonna meetcha meetcha meetcha meetcha one way or another im gonna win ya im gonna getcha getcha getcha getcha one way or another,132.858,144.339
im gonna see ya im gonna meetcha meetcha meetcha meetcha one way or another im gonna win ya im gonna getcha getcha getcha getcha one way or another,144.71,156.191
