words,start,end
im the most responsible girl that i know never late always on time for the show ask anyone around me and theyll tell you just how i am yeah,3.934,17.809
i try to tell the truth every chance that i get i never let the work im doing get to my head and when it came to love i thought i gave it the best i had yeah,19.647,34.009
but somewhere i missed somewhere i slipped somewhere theres a couple steps that i skipped somehow i told myself i didnt need anyone,35.659,48.559
but look at me now i was so busy telling everyone how good life is now that youre gone i was so happy being all on my own so why do i feel so alone,49.684,68.172
how could i get this all wrong i guess that little miss perfect wasnt so perfect after all,68.847,78.672
now everything around me feels out of place like all four walls are closing in and theres no escape everyday i spent without you it gets harder to act like im okay,85.609,100.947
if i could take back the things that i said if i could un break everything that we had id put all the pieces back together again,101.622,114.297
noo i was so busy telling everyone how good life is now that youre gone i was so happy being all on my own so why do i feel so alone,114.447,134.322
how could i get this all wrong i guess that little miss perfect wasnt so perfect after all,134.884,143.322
now all that i know is all crashing down and its the biggest shock to me cause i thought i had it all figured out so why does my heart feel empty,143.584,161.959
oh i thought it was perfect but it wasnt so perfect,162.072,172.947
but look at me now i was so busy telling everyone how good life is now that youre gone i was so happy being all on my own so why do i feel so alone,173.622,191.622
i was so busy telling everyone how good life is now that youre gone i was so happy being all on my own so why do i feel so alone,191.884,208.459
how could i get this all wrong i guess that little miss perfect wasnt so perfect after all,208.872,226.384
