words,start,end
i recommend gettin your heart trampled on to anyone yeah oh i recommend walking around naked in your living room yeah swallow it down it feels so good,12.742,44.349
wait until the dust settles you live you learn you love you learn you cry you learn you lose you learn you bleed you learn you scream you learn,46.849,73.278
i recommend biting off more than you can chew to anyone i certainly do oh i recommend sticking your foot in your mouth at anytime oh feel free throw it down hold it up you wait and see when the smoke clears,75.421,115.421
you live you learn you love you learn you cry you learn you lose you learn you bleed you learn you scream you learn,115.599,135.957
hi hi yeah ya ha hi ya ha hi yeah wear it out melt it down the fire trucks are coming up around the bend you live you learn you love you learn you cry you learn you lose you learn you bleed you learn you scream you learn,138.635,200.778
you breathe you learn you choke you learn you laugh you learn you choose you learn you pray you learn you ask you learn you live you learn oooah,201.135,234.171
