words,start,end
hey maybe ill dye my hair maybe ill move somewhere maybe ill get a car maybe ill drive so far theyll all lose track me ill bounce right back,21.532,40.7
maybe ill sleep real late maybe ill lose some weight maybe ill clear my junk maybe ill just get drunk on apple wine,41.838,56.451
me ill be just fine dandy lord its like a hard candy christmas im barely getting through tomorrow but still i wont let sorrow bring me way down,56.641,76.188
ill be fine dandy lord its like a hard candy christmas im barely getting through tomorrow but still i wont let sorrow bring me way down,76.757,95.166
hey maybe ill learn to sew hey maybe ill just lie low maybe ill hit the bars maybe ill count the stars until the dawn me i will go on,98.961,119.267
maybe ill settle down maybe ill just leave town maybe ill have some fun maybe ill meet someone make him mine,119.457,133.69
me ill be just fine dandy lord its like a hard candy christmas im barely getting through tomorrow but still i wont let sorrow bring me way down,134.07,153.237
ill be fine dandy lord its like a hard candy christmas im barely getting through tomorrow but still i wont let sorrow bring me way down,153.807,171.646
ill be fine dandy lord its like a hard candy christmas im barely getting through tomorrow but still i wont let sorrow bring me way down ill be fine ill be fine ill be fine,174.493,228.01
