words,start,end
one two three four shapes made of four colored blocks like a t or a box come down like falling bricks,13.849,20.501
you can place them in rows but everybody knows that they made this game for chicks,21.078,26.178
mom just loves to flip and stack flip and stack grandma says this shit is like crack well it is this is the game girls deserve there is no learning curve which makes it great for noobs it will fill you with glee especially,26.577,46.668
if you have a vag and boobs your mom loves it mine does too mine does too,46.801,54.784
call me sexist bitch its still true just kidding about the bitch part,55.006,60.506
deep in a girls dainty brain theres a spot near a vein,60.639,63.699
which regulates their bliss once they see falling blocks the t spot unlocks and they start to sing like this,63.965,71.46
sing lalalalalalala we love tetris lalalala here is a trick i have learned to avoid getting burned when you piss of your chick,71.549,88.491
if you sing this on key immediately shell forget that youre a dick,89.067,94.212
lalalalalalala lalalalalalalala tetris helps when chicks want to neuter us if you love it you propably have a uterus so i was kinda trying to,94.611,121.221
communicate that i think women enjoy tetris a lot is that,121.221,125.257
