words,start,end
i was so high i did not recognize the fireburning in her eyes the chaos that controlled my mind whispered goodbye as she got on a plane never to return again but always in my heart,21.172,39.232
oh this love has taken its toll on me she said goodbye too many times before and her heart is breaking in frontof me and i have no choice cause i wont say goodbye anymore woah woah woah,40.493,70.462
i tried my best to feed her appetite keep her coming every night so hard to keep her satisfied oh kept playing love like it was just a game pretending to feel the same then turn around and leave again,71.645,89.705
oh badaboh this love has taken its toll on me she said goodbye too many times before and her heart is breaking in frontof me and i have no choice cause i wont say goodbye anymore woah woah woah,90.493,121.172
ill fix these broken things repair your broken wings and make sure everythings alright my pressure on your hips sinking my fingertips every inch of you cause i know thats what you want me to do,122.039,141.992
this love has taken its toll on me she said goodbye too many times before her heart is breaking in frontof me and i have no choice cause i wont say goodbye anymore,142.78,162.339
this lovehas taken its toll on me she said bye too many times before and my heartis breaking in frontof me she said goodbye too many times before,162.97,183.001
this love has taken its toll on me she said goodbye too many times before,183.159,192.938
