words,start,end
whoo aa aai who o oh my love she throws me like a rubber ball oh oh oh the sweetest thing but she wont catch me or break my fall oh oh oh the sweetest thing babys got blue skies up ahead but in this im a rain cloud you know she wants a dry kind of love oh oh oh the sweetest thing,12.736,46.174
im losing you im losing you aint love the sweetest thing,47.632,60.34
i wanted to run but she made me crawloh oh oh the sweetest thing eternal fire she turned me to straw oh oh the sweetest thing i know i got black eyes but they burn so brightly for her this is a blind kind of love oh oh oh the sweetest thing,60.549,86.903
im losing you whoaah haaa im losing you aint love the sweetest thing,88.257,103.882
aint love the sweetest thing,104.09,108.153
ahhh shed crack me yeah ahhh lalalala,113.778,124.715
blue eyed boy meets a brown eyed girloh oh oh the sweetest thing you can sew it up but you still see the tear oh oh oh the sweetest thing babys got blue skies up ahead but in this im a rain cloud ours is a stormy kind of love oh oh oh the sweetest thing,128.465,154.507
do do do do do do do do do do do do do do do do do do do do do do do do do do do do do do do do the sweetest thing oohah the sweetest thing,154.611,175.757
