words,start,end
ive got a special power that im not afraid to use every waking hour i discover something new,13.523,24.966
so come on this is my adventure this is my fantasy its all about living in the ocean being wild and free,25.206,36.312
cause im no ordinary girl im from the deep blue underworld land or sea ive got the power if i just believe,36.793,48.812
cause im no ordinary girl im from the deep blue underworld land or sea the worlds my oyster im the pearl no ordinary girl,49.1,63.812
weve got to stick together cause the best things come in three i want it to last forever all the magic and fun at sea,65.783,77.321
so come on this is our adventure theres no telling where well go and all i want is just to live amongst the h 2 o,77.514,88.523
cause im no ordinary girl im from the deep blue underworld land or sea ive got the power if i just believe,89.1,101.12
cause im no ordinary girl im from the deep blue underworld land or sea the worlds my oyster im the pearl no ordinary girl,101.408,114.773
come along it just gets better so much to do and just so little time cause it all depends on weather you want to live and learn of whats behind,115.062,126.696
ordinary girl im from the deep blue underworld land or sea ive got the power if i just believe,126.793,138.043
cause im no ordinary girl im from the deep blue underworld land or sea the worlds my oyster im the pearl no ordinary girl,138.331,153.043
im from the deep blue underworld land or sea ive got the power if i just believe,153.668,162.658
cause im no ordinary girl im from the deep blue underworld land or sea the worlds my oyster im the pearl no ordinary girl,162.946,177.658
