words,start,end
what has come over me what madness taken hold of my heart to run away the only answer pulling me away to fall upon the source of my recovery sweet shadow taking hold of the light another day has been devoured calling me away bringing a question why,21.584,42.508
for saving me from all theyve taken let my armor fall again giving me the strength to face them feeling it taking over now on a path to take it all away,43.106,69.193
there can be no better way of knowing in a world beyond controlling are you gonna deny the savior in front of your eyes stare into the night power beyond containing are you gonna remain a slave for the rest of your life,71.149,92.291
give into the night,92.671,96.747
this self discovery redemption taking hold of my mind a serenade of haunting voices calling me away to feast upon the source of my felicity dark maiden taking hold of my hand lead me away from hibernation strong and unafraid never a question why,105.062,125.986
for saving me from all theyve taken let my armor fall again giving me the strength to face them feeling it taking over now on a path to take it all away,126.584,152.671
there can be no better way of knowing in a world beyond controlling are you gonna deny the savior in front of your eyes stare into the night power beyond containing are you gonna remain a slave for the rest of your life,154.627,175.769
give into the night,176.149,180.225
give into the night,217.888,220.062
in a world beyond controlling are you gonna deny the savior in front of your eyes stare into the night power beyond containing are you gonna remain a slave for the rest of your life give into the night,220.497,241.584
night night night give into the night,242.019,252.073
night night night give into the night,252.454,264.084
give into the night,270.062,276.041
