words,start,end
now hear this my friends ill never be the same again going to lock myself in a cold black room going to shadow myself in a veil of gloom,43.556,64.398
i will function operate i will be a satellite of hate a satelllite of hate,65.923,80.496
drivento this point by a chain of events each one pushed me nearer the edge goingto send my message through to you and you will receivethe signal too,92.357,113.199
i will function operate i will be a satellite of hate a satellite of hate,114.724,129.297
higher higher,132.686,139.464
disillusioned i was disenchanted forgot the love that had been implanted heard the lies and i felt the cold it broke my heart and i lost control,162.848,183.69
now im in a satellite of a free state im a satelliteof hate a satellite of hate,184.876,200.635
