words,start,end
shes gone and its quiet now took her mother with her left town took her mothers eye stole her mothers heart its a compromise,19.084,50.882
we nurture that part and shes gone says she can walk now says she can walk now thinks she can walk seen her walking,56.251,75.764
she totters and falls and when im not looking leans onto the wall,76.693,83.507
and shell hold on to me only when she wants and shell fall and be up again its part of the fun but shes gone thinks she can walk now thinks she can walk now thinks she can walk,83.558,107.304
shes gone and its quiet now took her mother with her left town took her mothers eye stole her mothers heart its a compromise,128.882,159.235
we nurture that part and shes gone and its quiet now took her mother with her left town,161.971,180.399
