words,start,end
ice your only rivers run cold these city lights they shine as silver and gold dug from the night your eyes as black as coal,40.914,60.914
walk on by walk on through walk till you run and dont look back for here i am,72.539,84.789
carnival the wheels fly and the colours spin through alcohol red wine that punctures the skin face to face in a dry and waterless place,89.414,109.664
walk on by walk on through so sad to beseige your love so head on,114.664,124.914
stay in this night stay tonight in a lie im only asking but i i think you know come on take me away come on take me away come on take me home home again,125.164,154.914
and if the mountains should crumble or disappear into the sea not a tear no not i,201.414,213.039
stay in this night stay tonight in a lie ever after its lovein time and if you save your love save it all tonight dont push me too far dont push me too far tonight tonight tonight,213.914,255.164
