words,start,end
i never thought that i was so blind i can finally see the truth its me for you tonight you cant imagine that im by your side cause its never gonna be the truth so far for you,14.753,35.935
but can you hear me say dont throw me away and theres no way out i gotta hold you somehow,37.578,48.809
i wanna i wanna i wanna touch you you wanna touch me too everyday but all i have is time our loves the perfect crime,49.813,61.317
i wanna i wanna i wanna touch you you wanna touch me too every way and when they set me free just put your hands on me,61.5,72.912
take everything that i know youll break and i give my life away so far for you,73.186,82.499
but can you hear me say dont throw me away and theres no way out i gotta hold you somehow,84.325,95.738
i wanna i wanna i wanna touch you you wanna touch me too everyday but all i have is time our loves the perfect crime,98.02,109.616
i wanna i wanna i wanna touch you you wanna touch me too every way and when they set me free just put your hands on me,109.707,121.302
tonight im weak its just another day without you that i cant sleep i gave the world away for you to,132.715,144.584
hear me say dont throw me away theres no way out i gotta hold you somehow,144.767,154.902
all i wanna do is touch you i wanna i wanna touch you you wanna touch me too everyday but all i have is time our loves the perfect crime,154.993,168.049
i wanna i wanna i wanna touch you you wanna touch me too every way and when they set me free just put your hands on me,168.14,179.553
i wanna i wanna i wanna touch you you wanna touch me too but all i have is time our loves the perfect crime,179.827,191.331
i wanna i wanna i wanna touch you you wanna touch me too and when they set me free just put your hands on me,191.422,203.2
