words,start,end
spare me your judgements and spare me your dreams cause recently mine have been tearing my seams i sit alone in this winter clarity which clouds my mind,28.735,42.485
alone in the wind and the rain you left me its getting dark darling too dark to see and im on my knees and your faith in shreds it seems,46.36,59.985
corrupted by the simple sniff of riches blown i know you have felt much more love than youve shown and im on my knees and the water creeps to my chest,85.36,98.735
but plant your hope with good seeds dont cover yourself with thistle and weeds rain down rain down on me,102.61,115.735
look over your hills and be still the sky above us shoots to kill rain down rain down on me,119.485,132.61
and i will hold on i will hold on hope oh i will hold on and i willhold on hope oh i will hold on,160.61,188.985
i will hold on hop e and i will hold on i will hold on hope and i will hold on i will hold on i begged you to hear me theres more than flesh and bones let the dead bury the dead they will come out in droves take the spade from my hands and fill in the holes youve made,189.11,266.985
but plant your hope with good seeds dont cover yourself with thistle and weeds rain down rain down on me,270.86,284.485
