words,start,end
i i always thought that i knew id always have the right to be living on the kingdom of the good and true and so on but now i think i was wrong and you were laughing a long and now i look i fool for thinking you were on my side,25.514,56.771
is it any wonder im tired is it any wonder that i feel up tight is it any wonder i dont know whats right,57.061,68.775
sometimes its hard to know where i stand its hard to know where i am well maybe its a puzzle i dont understand sometimes i get the feeling that im stranded in the wrong time where love is just a lyric in a childrens rhyme,69.471,98.641
a sound bite is it any wonder im tired is it any wonder that i feel up tight is it any wonder i dont know whats right,98.989,113.197
oh these days after all the mistery made is it any wonder that i feel afraid is it any wonder that i feel be trayed nothing left be side his old cathedral just the sad lonely spires how do you make it right oh but you try,113.545,145.788
is it any wonder im tired is it any wonder that i feel up tight is it any wonder i dont know whats right oh these days after all the mistery made is it any wonder that i feel afraid is it any wonder that i feel be trayed,146.078,173.392
