words,start,end
the mother of all that is evil her lips are poisonous venom wicked temptress knows how to please priestess roars get down on your knees,8.786,30.887
who ar the rite of the praying mantis kiss the bones of the enchantress spellbound searching through the night a howling man surrenders the fight the fight,31.952,63.017
one look in her lusting eyes savage fear in you will rise teeth of terror sinking in the bite of the shewolf,64.082,74.555
one look in her lusting eyes savage fear in you will rise teeth of terror sinking in the bite of the shewolf,75.265,85.739
my desires of flesh will obey me the lioness will enslave me another heart beat than my own the sound of claws on cobblestone i am stoned,86.981,116.804
one look in her lusting eyes savage fear in you will rise teeth of terror sinking in the bite of the shewolf,116.981,127.81
one look in her lusting eyes savage fear in you will rise teeth of terror sinking in the bite of the shewolf,128.165,138.816
beware what stalks you in the night beware the shewolf and her bite her mystic lips tell only lies,139.348,148.046
beware what stalks you in the night beware the shewolf and her bite her hidden will to kill in disguise,150.532,162.248
