words,start,end
make up your mind decide to walk with me around the lake tonight around the lake tonight by my side by my side,9.883,38.339
im not gonna lie ill not be a gentleman behind the boathouse ill show you my dark secret,45.044,62.773
im not gonna lie i want you for mine my blushing bride my lover be my loveryeah,71.862,89.516
dont be afraid i didnt mean to scare you so help me jesus,90.336,97.487
i can promise you youll stay as beautiful with dark hair and soft skin forever forever,106.203,130.488
make up your mind make up your mind and ill promise you i will treat you well my sweet angel so help me jesus,133.319,149.707
hey hey hey give it up to me give it up to me do you wanna be my angel,152.091,165.276
give it up to me give it up to me you wanna be my angel,166.021,177.195
give it up to me give it up to me do you wanna be my angel,177.866,189.263
so help me be my angel be my angel be my angel,189.785,238.652
do you wanna die do you wanna die do you wanna die do you wanna die,245.878,260.926
do you wanna die do you wanna die do you wanna die do you wanna die,263.086,278.655
well i promise you i will treat you well my sweet angel so help mejesus jesus jesus jesus,279.475,297.949
