words,start,end
run and tell all of the angels this could take all night think i need a devil to help me get things right hook me up a new revolution cause this one is a lie we sat around laughing and watched the last one die,14.966,40.428
and im looking to the sky to save me looking for a sign of life looking for something to help me burn out bright im looking for a complication looking cause im tired of lying make my way back home when i learn to fly,42.54,68.891
i think im done nursing the patience i can wait one night id give it all away if you give me one last try,81.789,93.463
well live happily ever trapped if you just save my life run and tell the angels that everythings alright,96.132,109.585
im looking to the sky to save me looking for a sign of life looking for something to help me burn out bright im looking for a complication looking cause im tired of trying make my way back home when i learn to fly,109.696,135.714
make my way back home when i learn to fly along with me i cant quite make it alone try and make this life my own fly along with me i cant quite make it alone try and make this life my own,136.714,160.619
im looking to the sky to save me looking for a sign of life looking for something to help me burn out bright im looking for a complication looking cause im tired of trying make my way back home when i learn to,161.175,185.747
looking to the sky to save me looking for a sign of life looking for something to help me burn out bright im looking for a complication looking cause im tired of trying make my way back home when i learn to fly make my way back home when i learn to fly make my way back home when i learn to,186.08,221.326
