words,start,end
gira tto shita kimi no me ni doki tto shita hirusagari shakki tto shita ore no karada marude tamesareteru you ni tsun tto shita,46.675,64.819
kimi to kuuki ni zoku tto shita koigokoro wa zara tto shita suna wo kami sareru ga mama yoru ni naru sorosoro jiman no kuchibiru de wain wo nomasete kurenai ka mangetsu no yoru ni musubareta otoko to onna wa eien sa hageshiku lady ah give me your love ayashiku lady,65.075,101.682
i need your love tama ni miseru samishige na me ga uso ka hontou ka wakaranai sunao ni lady ah give me your love,101.874,115.929
kanjite mite lady i need your love kimi no shigusa ni furimawasarete muchuu no ai wa ore no naka de odoru sara tto shita kami wo toki tsuya tto shita hada wo yose kotoba asobi wo suru you ni kimi wa ore wo moteasobu,116.184,152.217
kakehiki wa tsuyoi kimi no naka ayamachi wa yowai ore no naka suki na dake tanoshimeba ii sa otoko to onna wa eien sa,169.594,185.885
hageshiku lady ah give me your love ayashiku lady,188.057,193.743
i need your love tama ni miseru yasashii egao ga uso ka hontou ka wakaranai oh sunao ni lady ah give me your love,193.935,207.863
kanjite mite lady i need your love kimi no shigusa de ore wo koroshite sono isshun ga nani yori shiawase sa yami no naka odoru,208.246,225.623
dakishimete odoru nando demo odoru eien ni odoru eien ni odoru ah oh eien ni odoru oh eien ni odoru oh oh oh yeah oh yeah,227.156,253.414
