words,start,end
now that im thinkin sober dont you try to get no closer i just gonna get my car and drive and drive lookin in the rear view mirror everything is so much clearer watch me wave it all goodbye goodbye,12.999,35.638
the lights flashin givin me all the danger signs someone to save to save but it dont work that way,36.623,48.387
think you made your greatest mistake im not gonna call this a break think you really blew it this time think you could walk on such a thin line wont be takin your midnight calls ignore the rocks you throw at my wall i see it written on your face you know you made it your greatest mistake,48.997,72.386
when the last straw is broken when the last door is closin i aint that dumb to stick around stick around i aint got the time for lookin back you went and let yourself slip through the cracks and you just keep goin down,78.995,99.947
down down imma stay undercover lay low need some time no one to save to save these sick cycles over babe,100.181,114.383
think you made your greatest mistake im not gonna call this a break think you really blew it this time think you could walk on such a thin line wont be takin your midnight calls ignore the rocks you throw at my wall i see it written on your face you know you made it your greatest mistake,114.993,138.382
why you lookin at me spittin the same old line tryin to bring back aint no flippin my mind dont you get it by now the storys over over still callin my name outside my house im hittin the switch watch the lights go out watch the lights go out,138.616,159.568
i hope you ache ache ache oh oh i hope you ache ache ache oh oh,161.115,172.411
yeah think you made your greatest mistake im not gonna call this a break think you really blew it this time think you blew walk on such,172.552,185.535
a thin line wont be takin the midnight calls ignore all the rocks,185.676,190.785
youve thrown at my wall i see it written on your face you know you made it your greatest mistake uh uh,190.925,208.127
