words,start,end
getting edgy all the time someone around me just a step behind its scary the shape im in walls are shaking and there closing in,73.372,87.564
too fast or bit too slow paranoid of people and its starting to show one habit i cant shake over my shoulder is a big mistake,88.026,101.526
sitting on the bed and lying wide awake demons in my head its more than i can take think im gonna roll but i think its kinda weak saying all i know is i gotta get away from me,101.814,118.949
tell you somethingjust aint right my head is on loose but my shoes are tight avoiding my firendsthey all bug life is like a riddle and im really stoned,131.352,145.256
theres a reason dont you know preoccupation is where youll go being followed look around its only my shadow creepin on the ground,145.776,159.564
sitting on the bed and lying wide awake demons in my head its more than i can take think im gonna roll but i think its kinda weak saying all i know is i gotta get away from me,159.795,175.776
i gotta get away from me i gotta get away from me,176.006,184.083
whoa whoa sitting on the bed and lying wide awake demons in my head its more than i can take think im gonna roll but i think its kinda weak saying all i know is i gotta get away from me,196.429,226.314
i gotta get away from me i gotta get away from me i gotta get away from me,226.949,237.852
