words,start,end
and i hoope and i hoope ive practiced this for hours gone round and round and now i think that ive got it all down and as i say it louder i love how it sounds cause im not taking the easy way out not wrapping this in ribbons shouldnt have to give a reason why,4.437,43.287
its no surprise i wont be here tomorrow i cant believe that i stayed till today yeah you and i will be a tough act to follow but i know in time well find this was no surprise,44.412,66.987
it came out like a river once i let it out when i thought that i wouldnt know how held onto it forever just pushing it down felt so good to let go of it now not wrapping this in ribbons shouldnt have to give a reason why,71.337,98.637
its no surprise i wont be here tomorrow i cant believe that i stayed till today theres nothing here in this heart left to borrow theres nothing here in this soul left to say dont be surprised when we hate this tomorrow god knows we tried to find an easyer way yeah you and i will be a tough act to follow but i know in time well find this was no surprise,99.387,141.612
place we used to go the warm embrace that no one knows the loving look thats left your eyes thats why this comes as no as no surprise,141.312,161.637
if i could see the future and how this plays out i bet its better than where we are now but after going through this its easier to see the reason why,166.287,183.687
its no surprise i wont be here tomorrow i cant believe that i stayed till today yeah you and i will be a tough act to follow but i know in time well find this was no surprise,184.437,206.187
place we used to go the warm embrace that no one knows the loving look thats left your eyes but i know in time well find this was no surprise and i hoope and i hoope and i hoope and i hoope,206.262,248.787
