words,start,end
woke up this morning with my heart on fire held on to what id been dreaming woke up this morning i had one desire to get back to what id been seeing,10.228,27.991
heaven it was heaven i have never known a bliss witnessed anything like this,29.661,39.074
glowing all over as i started on my feet thought i heard somebody calling,39.378,47.424
heaven it was heaven now i know ive seen the light make it go on shining,49.094,58.507
i keep on searching for the way to your heart try to believe its getting better baby take me all the way to your heart i want you,58.811,75.511
oh oh oh oh oh all the sweet kisses all the tenderness that are being shared all around me only remind me of my own distress no loving arms to surround me,76.271,96.766
falling i am falling you could help me out again being mine forever,97.829,107.242
i keep on searching for the way to your heart try to believe its getting better baby take me all the way to your heart i want you,107.546,124.094
oh oh oh oh oh you got it you got it therell be no doubt about it nobodys gonna keep me from you oh i want you i need you ill find a way to get through nobodys gonna keep me from you,124.854,146.26
heaven it was heaven now i know ive seen the light make it go on shining,156.281,165.694
i keep on searching for the way to your heart try to believe its getting better baby take me all the way to your heart i want you,165.997,182.546
oh oh oh oh oh i keep on searching for the way to your heart try to believe its getting better baby take me all the way to your heart i want you i want you,183.305,203.194
oh i keep on searching for the way to your heart try to believe its getting better,203.953,213.062
