words,start,end
im not ashamed of the dreams that ive dream i found myself flirting with the verge of the obscene to the the unknown i will be bold going to places i can be out of control,27.256,45.912
explain tonight all the things i tried to hide i shut myself out from the world so i can draw the lines and ill teach myself to fly,47.036,64.044
i love myself its not a sin i cant control whats happening,64.269,68.39
cause ive just discovered imaginations taken over another day without a lover the more i come to understand the touch of my hand,68.615,89.219
the small of my back the arch of my feet lately ive been noticing the beautiful me all in my skin and im not gonna wait im into myself in a most precious way,94.239,113.12
explain tonight all the things i tried to hide i shut myself out from the world so i can draw the lines and ill teach myself to fly,114.244,130.802
cause ive just discovered imaginations taking over another day without a lover the more i come to understand the touch of my hand,131.027,151.632
theres a world undefined in my body and mind i wont be left behind im already here cause ive just discovered imaginations taking over another day without a lover the more i come to understand the touch of,161.971,198.01
cause ive just discovered imaginations taking over another day without a lover the more i come to understand i learn touch of my hand hey hey ha hey hey hey hey ha hey hey hey hey,198.235,236.747
