words,start,end
she lived on a boathouse down by the river evry one called her pretty belinda went to the boathouse down by the river just for a look at pretty belinda,14.776,29.314
all of my loving wanted to give her soon as i saw her pretty belinda lived in a boathouse down on the river wanted to have her pretty belinda,29.718,43.968
her eyes were exciting her hair it was golden her lips were inviting and my heart shes stolen now were together me and belinda now and forever me and my linda,44.199,58.622
lives in a boathouse down on the river evry one called her pretty belinda went to the boathouse down by the river just for a look at pretty belinda,58.911,73.334
lives on a boathouse down on the river evry one called her pretty belinda went to the boathouse down by the river just for a look at pretty belinda,88.334,102.699
now i am with her my pretty belinda and thats where ive send her my pretty belinda she gave me her heart then believe me your promise will ever bother belinda is honest,103.103,117.584
we live in a boathouse down by the river evry one calls her pretty belinda we live in a boathouse down by the river me and my wife called pretty belinda,117.699,132.411
evry one calls her pretty belin,151.218,154.218
