words,start,end
changing your strut when you know im behind you changing your ways cause you dont know what to do i only wanna tell you how i feel inside if only you could listen try to change your mind,14.832,42.165
so i walk right up to you and you walk all over me and i ask you what you want and you tell me what you need,44.165,57.665
cant you feel it all come down cant you hear it all around at the place where lost is found that great love sound,58.165,72.665
talking to you makes me wanna shake and shout touching you makes me wanna come right out,72.999,84.499
you could never want me the same way i want you im love tornado struck i dont know what to do,87.165,100.332
so i walk right up to you and you walk all over me and i ask you what you want and you tell me what you need,102.332,115.832
cant you feel it all come down cant you hear it all around at the place where lost is found that great love sound,116.499,130.999
so i walk right up to you and you walk all over me and i ask you what you want and you tell me what you need,141.165,154.832
cant you feel it all come down cant you hear it all around at the place where lost is found that great love sound,155.165,172.499
cant you feel it all come down cant you hear it all around at the place where lost is found that great love sound,172.832,188.165
