words,start,end
whoo ill be the one to show you the way youll be the one to always complain three in the morning come a bang bang bang all out of fags and i just cant wait,3.434,40.72
cancel the thing that i said id do i dont feel comfortable talking to you less you got the zipper fixed on my shoe then ill be in the lobby drinking for two,41.043,54.494
eighteen balding star,54.924,63.748
golden falling heart look at the shakeys whats with the blush fresh off the plane in my fuzzy rush every ones gathered to idolise me i hate the way you talk your japanese scream,68.752,95.869
its been too long since i left the shed you kick the bucket and ill swing my legs always remember the pact that we made too young to die but old is a grave,96.192,109.589
eighteen balding star,110.073,119.058
golden falling heart im a gonna show the way im a gonna show the way im a gonna show the way im a gonna show the way,124.062,164.307
eighteen balding star,165.545,173.077
