words,start,end
well my daddy left home when i was three and he didnt leave much to ma and me just this old guitar and an empty bottle of booze,4.29,12.084
now i dont blame him cause he run and hid but the meanest thing that he ever did was before he left he went and named me sue,13.848,21.495
well he must of thought that it was quite a joke and it gotta lot of laughs from a lots of folks seems i had to fight my whole life through,24.437,33.26
some gal would giggle and id get red and some guyd laugh and id bust his head i tell ya life aint easy for a boy named sue,33.848,41.642
well i grew up quick and i grew up mean my fist got hard and my wits got keen roam from town to town to hide my shame,45.613,54.437
but i made me a vow to the moon and stars id search the honky tonks and bars and kill that man that give me that awful name,55.172,62.672
well it was gatlinburg in mid july and i just hit town and my throat was dry i thought id stop and have myself a brew,64.363,72.598
at an old saloon on a street of mud there at a table dealin stud sat the dirty mangy dog that named me sue,73.995,81.716
well i knew that snake was my own sweet dad from a worn out picture that my motherd had and i knew that scar on his cheek and his evil eye,83.407,91.275
he was big and bent and gray and old and i looked at him and my blood ran cold and i said my name is sue how do you do now youre gonna die yeh thats what i told him,92.819,107.304
well i hit him hard right between the eyes and he went down but to my surprise he come up with a knife and cut off a piece of my ear,109.142,117.01
but i busted a chair right across his teeth and we crashed through the wall and into the street kicking and a gouging in the mud and the blood and the beer,118.554,126.201
i tell ya ive fought tougher men but i really cant remember when he kicked like a mule and he bit like a crocodile,128.26,136.201
i heard him laugh and then i heard him cuss and he went for his gun and i pulled mine first he stood there lookin at me and i saw him smile,137.525,145.466
and he said son this world is rough and if a mans gonna make it hes gotta be tough and i know i wouldnt be there to help ya along,145.613,154.878
so i give ya that name and i said goodbye i knew youd have to get tough or die and its that name that helped to make you strong,156.495,164.29
yeh he said now you just fought one hell of a fight and i know you hate me and you got the right to kill me now and i wouldnt blame you if you do,165.907,175.172
but ya ought to thank me before i die for the gravel in ya guts and the spit in ya eye cause im the that named you sue yeh what could i do what could i do,176.79,189.216
i got all choked up and i threw down my gun called him my paw and he called me his son and i come away with a different point of view,189.731,198.113
and i think about him now and then every time i try and every time i win and if i ever have a son i think im gonna name him bill or george anything but sue i still hate that man,199.29,213.481
