words,start,end
ninety nine ive been waiting so long oh ninety nine where did we go wrong oh ninety nine i love you,19.64,37.025
ninety nine i keep breaking your heart oh ninety nine how can we be apart oh ninety nine i love you i never thought it would happen i feel quite the same i dont want to hurt you anymore i never knew it would work out no one to blame you know i love you ninety nine,38.453,75.827
ninety nine you keep holding my hand oh ninety nine they dont know who i am oh ninety nine i love you,76.751,94.136
i never thought it would happen i feel quite the same i dont want to hurt you anymore i never knew it would work out no one to blame you know i love you ninety nine,132.35,151.751
ninety nine i cant take it no more oh ninety nine oh we were so sure oh ninety nine i love you,153.011,170.732
ninety nine i love you,171.992,189.209
ninety nine,190.805,191.56
la la la la la la la la la i love you,195.676,208.274
