words,start,end
times when i just cant bring myself to say it loud fraid that what ill say comes out somehow awry,24.334,35.29
that is when it seems we move in circles day to day twist the drama of the play to get us by,36.848,47.56
and it feels like fear like ill disappear gets so hard to steeryet i go on do we need debate when it seems too late like i bleed but wait like nothings wrong,49.702,73.756
you lift my spirit take me higher make me fly touch the moon up in the sky when you are mine you lift me higher take my spirit make it fly where all new wonders will appear ooohhhh,75.753,101.754
take me high make me fly like the other day i thought you wont be coming back i came to realize my lackluster dreams,101.851,122.691
and among the schemes and all the tricks we try to play only dreams will hold their sway and defy,124.055,135.01
when it feels like fear like ill disappear gets so hard to steeryet i go on do we need debate when it seems too late like i bleed but waitlike nothings wrong,136.861,161.012
you lift my spirit take me higher make me fly touch the moon up in the sky when you are mine you lift me higher take my spirit make it fly where all new wonders will appear oooohhhh,163.057,189.107
you lift my spirit take me higher make me fly touch the moon up in the sky when you are mine you lift me higher take my spirit make it fly where all new wonders will appear take me high make me fly,212.966,244.372
