words,start,end
4am you call to spit some fire out but did you think that i would listen to you now its nothing new so get in line with all the rest and i will wait till you realize youre out of breath,22.623,43.081
can you hear the crowd they all go wild for you and your denial theyre watching you break down hate me all you want ill be okay im half the world away im letting you go now,43.915,64.665
youve got sadness twisted up with jealousy you show your fists to make them look like loyalty and i have seen what holding on can take away if its the past you love then thats where you can stay,77.581,100.873
can you hear the crowd they all go wild for you and your denial theyre watching you break down hate me all you want ill be okay im half the world away im letting you go now,101.498,122.081
go now go now go now desperation kills but when its on your sleeve you wear it well underneath it all youll always have this war inside yourself,122.248,157.165
im letting you go now can you hear the crowd they all go wild for you and your denial theyre watching you break down hate me all you want ill be okay im half the world away im letting you go now,163.665,187.915
go now go now im letting you go now go now go now,188.081,197.415
