words,start,end
youve got me captured im under your spell i guess ill never learn i have your picture yes i know it well another page is turned,59.51,74.173
are you for real its so hard to tell from just a magazine yeah you just smiile and the picture seells look what that does to me,76.12,90.783
ill wa it til your love comes doown im coming straight for your heart no way you can stop me now as fine as you are,92.47,107.782
i wrote a letter and i told her these words that meant a lot to me i never sent it and she wouldnt have heard her eyes dont follow me,109.339,124.003
and while she watches i can never be free such good photography,125.949,132.308
i ll wait til your love comes down im coming straight for your heart no way you can stop me now as fine as you are,133.995,149.307
you cant imagine what your image means the pages come alive your magic greets everyone who reads heartbreak in overdrive,211.074,225.738
are you for real its so hard to tell from just a magazine yeah you just smiile and the picture seells look what that does to me,227.684,242.347
ill wait til your love comes down im coming straight for your heart no way you can stop me now as fine as you are,244.034,259.346
i ll wait til your love comes down im coming straight for your heart no way you can stop me now as fine as you are,260.644,275.956
