words,start,end
back in the day yo as we learned a man was not considered to be considered to be fully grown has he not gona beyond the hills has he not crossed the 7 seas yeah 7 seas at least,2.465,16.592
now all them jokers kept around just like the scarecrows in hometown yeah scarecrows in hometown from screen to screen theyre travelin but im a wonderlust king,16.647,31.219
i stay on the run let me out let me be gone in the worlds beat up road sign i saw new history of time new history of,33.11,58.917
dadadadada dadadadada dadadadada dadadadadooo dadadadada dadadadada dadadadada dadadadadooo dadadadada dadadadada dadadadada dadadadadooo dadadadadadoo ayayayayayayy through siberian woods breaking up their neck chinese moving in building discoteques transiberian sex toys and whatnot yeah and why not well at least its something different from what they got in every other airport,58.972,114.756
ja ne evrei no koje chto pohozge sovrat ne dast ni yura ni seryozga simple because im not a total gadjo da ja shut ja cirkach nu tak stozge,115.368,129.05
i traveled the world looking for understanding of the times that we live in hunting and gathering first hand information challenging definitions of sin,129.996,143.844
i traveled the world looking for lovers of the ultimate beauty but never settled in,144.234,151.075
hey de ha hey de ha hey de ha i am a wonderlust king i stay on the run let me out let me be gone in the worlds beat up road sign i saw new history of time what new history of,151.575,186.948
dadadadada dadadadada dadadadada dadadadadooo dadadadada dadadadada dadadadada dadadadadooo and presidents and billionaires and generals theyll never know theyll never know what i have owned what i have owned hey de ha hey de ha hey de ha hey de ha hey de ha hey de ha hey de ha im a wonderlust king,187.059,230.496
