words,start,end
girl i see it in your eyes youre disappointed cause im the foolish one that you anointed with your heart i tore it apart and girl what a mess i made upon your innocence and no woman in the world deserves this but here i am asking you for one more chance,10.934,32.636
can we fall one more time stop the tape and rewind oh and if you walk away i know ill fade cause there is nobody else,32.9,54.536
its gotta be you only you its got to be you oh only you,54.867,76.899
now girl i hear it in your voice and how it trembles when you speak to me i dont resemble who i was youve almost had enough and your actions speak louder than words and youre about to break from all youve heard but dont be scared i aint going no where,84.244,106.21
ill be here by your side no more fears no more crying but if you walk away i know ill fade cause there is nobody else,106.342,127.978
its gotta be you only you its got to be you oh only you,128.309,150.341
oh girl can we try one more one more time one more one more can we try one more one more time ill make it better one more one more can we try,150.804,166.551
one more one more can we try one more time to make it all better cause its gotta be you its gotta be you oh only you only you,166.684,195.2
its gotta be you only you its gotta be you oh only you,196.06,218.093
