words,start,end
keep your hands on me dont take them off until i say so let me break you off well be taking off or maybe making love you just keep your eyes on my you know what,3.418,13.29
trembling when you touch rush is racing body baking picture me and you making making sweet love baby give it to me,13.826,23.278
eyes on me dance on me tonight your all all on me keep your hands on me boy put your hands on it put your hands on it put your hands on it,23.316,36.097
put your hands on it put your hands on it put your hands on it put your hands on it put your hands on it put your hands on me you can put your hands on me if you like what you see baby put your hands on me,36.403,52.168
its your birthday every day with me and my maker hard rock asap its your birthday every day with me and my maker hard rock asap,52.321,62.117
skirt off keep da high heels on might be a little thing but i like that long yeah dont let these eyes fool you i can take it hold nothing back give it to me,62.806,72.257
eyes on me dance on me tonight your all all on me keep your hands on me boy put your hands on it put your hands on it put your hands on it,72.296,85.076
put your hands on it put your hands on it put your hands on it put your hands on it put your hands on it put your hands on me you can put your hands on me if you like what you see baby put your hands on me,85.382,101.148
its your birthday every day with me and my maker hard rock asap its your birthday every day with me and my maker hard rock asap,101.301,111.097
can i can i can i please put my hand on it shaking like theyre burning lemme put a fan on it bumblebee got a parachute to land on it cause you got the cake can i put my candle on it,111.173,120.739
its your birthday every day with me and my maker hand rock asap got me talking marriage i like what i see and might put a ring on it work a b and jay z but before i do that let me put a hand on it oh so hot i could catch a tan on it got me sweating so much we can swim on da dancefloor we gonn have to mes around and put a damn on it i love the way it feels baby i get crazy your hands on me you dont take it all dont take them off baby oh yeah yeah yeah oh woah yeah put your hands on me you can put your hands on me if you like what you see baby put your hands on me hmm ah yeah yeah hey yeah yeah yeah yeah yeah hands on me,120.969,190.382
