words,start,end
breathe ever so soft we wouldntt wannabreak the eggs as we walk never alone cautious afraid i hear the voice of reason on thepa,24.07,42.195
leave it alone follow the grain we couldnt stop the irresistable force leave it the same change with the leaves brining in the sheaves bringing in the old leave it alone,43.289,65.32
da na na na na na na naa da na na na na na na naa da na na na na na nanaa da na na na na na na,66.883,83.133
breathe ever so slight we couldnt take away our god given right leave it aloneheel and stay roll over and shake and beg for your bones leave it alone,84.851,106.258
da na na na na na na naa da na na na nana nanaa da na na na nana nanaa da na na na na na na naa,108.133,126.57
