,word,start,end,prob,curse
0,im,2.8199999999999985,3.26,0.13859893754124641,0
1,working,3.26,3.6,0.5809547901153564,0
2,way,3.6,3.88,0.9666896462440491,0
3,too,3.88,4.1,0.9309070110321045,0
4,much,4.1,4.38,0.9928497076034546,0
5,need,4.44,4.54,0.8271723389625549,0
6,to,4.54,4.72,0.9953548908233643,0
7,get,4.72,4.92,0.9957414865493774,0
8,out,4.92,5.16,0.9856266379356384,0
9,and,5.16,5.34,0.9359544515609741,0
10,get,5.34,5.52,0.9822263717651367,0
11,fucked,5.52,5.76,0.2935672104358673,1
12,up,5.76,6.02,0.9927741289138794,0
13,whats,6.1,6.26,0.9658121764659882,0
14,going,6.26,6.52,0.9023243188858032,0
15,on,6.52,6.88,0.9981738328933716,0
16,wheres,7.1,7.44,0.7424935698509216,0
17,it,7.44,7.52,0.9590284824371338,0
18,at,7.52,7.74,0.9984857439994812,0
19,make,7.9,8.14,0.988673985004425,0
20,some,8.14,8.32,0.9981314539909363,0
21,calls,8.32,8.64,0.9908941984176636,0
22,to,8.64,8.8,0.9813193082809448,0
23,make,8.8,9.02,0.997338593006134,0
24,it,9.02,9.14,0.8634172677993774,0
25,crack,9.14,9.42,0.9835813045501709,0
26,lets,9.58,9.82,0.9965187311172485,0
27,see,9.82,10.06,0.9994425177574158,0
28,i,10.54,10.6,0.9982419013977051,0
29,need,10.6,10.82,0.9971579313278198,0
30,money,10.82,11.16,0.9984873533248901,0
31,drugs,11.28,11.56,0.9316272139549255,0
32,to,11.56,11.72,0.38762083649635315,0
33,ride,11.72,11.9,0.7233094573020935,0
34,in,11.9,12.04,0.7849316596984863,0
35,the,12.04,12.14,0.555790901184082,0
36,spot,12.14,12.34,0.982901930809021,0
37,with,12.34,12.5,0.9354487657546997,0
38,hot,12.5,12.78,0.9765563011169434,0
39,ones,12.78,12.98,0.48508432507514954,0
40,inside,12.98,13.42,0.5946415066719055,0
41,the,14.02,14.22,0.9211755990982056,0
42,mission,14.22,14.7,0.9820669889450073,0
43,to,15.28,15.72,0.9940844178199768,0
44,get,15.72,15.86,0.9997133612632751,0
45,all,15.86,16.1,0.9962143301963806,0
46,of,16.1,16.28,0.9521827101707458,0
47,the,16.28,16.44,0.6754566431045532,0
48,up,16.44,16.78,0.2906934320926666,0
49,the,16.86,17.3,0.30251646041870117,0
50,limit,17.3,17.62,0.35789361596107483,0
51,amount,17.62,18.16,0.777306854724884,0
52,of,18.16,18.4,0.9984197616577148,0
53,time,18.4,18.68,0.9995989203453064,0
54,i,18.68,18.96,0.5062180161476135,0
55,can,18.96,19.16,0.998757004737854,0
56,do,19.16,19.38,0.9993230104446411,0
57,this,19.38,19.62,0.9929717183113098,0
58,and,19.62,19.84,0.8276050686836243,0
59,its,19.84,20.1,0.9978359341621399,0
60,done,20.1,20.32,0.8974632620811462,0
61,like,20.76,20.88,0.9969582557678223,0
62,that,20.88,21.1,0.9949365854263306,0
63,were,21.24,21.32,0.9994345009326935,0
64,on,21.32,21.58,0.9953427314758301,0
65,our,21.58,21.74,0.9984800219535828,0
66,way,21.74,22.04,0.9993083477020264,0
67,be,22.32,22.46,0.5497729182243347,0
68,an,22.46,22.64,0.7187521457672119,0
69,acid,22.64,22.92,0.9769548177719116,0
70,on,22.92,23.22,0.8671967387199402,0
71,the,23.22,23.36,0.9281266331672668,0
72,tongue,23.36,23.72,0.9787122011184692,0
73,cocaine,23.92,24.4,0.9559986591339111,0
74,in,24.4,24.84,0.9553744196891785,0
75,your,24.84,25.02,0.9989035129547119,0
76,brain,25.02,25.42,0.999880313873291,0
77,or,25.44,25.64,0.970603883266449,0
78,some,25.64,25.86,0.9983325600624084,0
79,weed,25.86,26.08,0.9979840517044067,0
80,that,26.08,26.26,0.9979771971702576,0
81,hits,26.26,26.5,0.9964685440063477,0
82,your,26.5,26.66,0.9993041753768921,0
83,lungs,26.66,27.08,0.9988144636154175,0
84,like,27.08,27.34,0.7527256011962891,0
85,a,27.34,27.5,0.9964333772659302,0
86,runaway,27.5,28.18,0.7891854345798492,0
87,train,28.18,28.7,0.7116982936859131,0
88,hell,28.7,29.16,0.3225986957550049,0
89,yeah,29.16,29.46,0.8763649463653564,0
90,from,29.72,29.86,0.49959447979927063,0
91,dmt,29.86,30.98,0.985999584197998,0
92,to,30.98,31.64,0.8936055898666382,0
93,mdma,31.64,32.56,0.9959307909011841,0
94,got,32.94,33.38,0.9726939797401428,0
95,all,33.38,33.6,0.9988724589347839,0
96,this,33.6,33.78,0.9914181232452393,0
97,shit,33.78,33.98,0.3627050817012787,1
98,in,33.98,34.18,0.5683174133300781,0
99,more,34.18,34.38,0.3365857005119324,0
100,so,34.46,34.54,0.9922906756401062,0
101,till,34.54,34.8,0.948246419429779,0
102,dawn,34.8,35.2,0.9965165853500366,0
103,were,35.2,35.5,0.9421222805976868,0
104,okay,35.5,35.88,0.980412483215332,0
105,but,36.22,36.34,0.992511510848999,0
106,anyway,36.34,36.84,0.9966320395469666,0
107,the,39.7,40.1,0.25046882033348083,0
108,line,40.1,40.46,0.978511393070221,0
109,every,40.46,40.8,0.9809429049491882,0
110,time,40.8,41.1,0.9997255206108093,0
111,get,41.24,41.36,0.5587484240531921,0
112,in,41.36,41.46,0.9950022101402283,0
113,get,41.52,41.6,0.9999064207077026,0
114,a,41.6,41.7,0.9991161227226257,0
115,drink,41.7,41.94,0.9998948574066162,0
116,and,41.94,42.14,0.6921610832214355,0
117,lose,42.14,42.36,0.9976615905761719,0
118,her,42.36,42.5,0.5483530759811401,0
119,minds,42.5,42.98,0.5648977756500244,0
120,all,43.16,43.34,0.9939826130867004,0
121,eyes,43.34,43.74,0.9892193675041199,0
122,on,43.74,44.04,0.9991334080696106,0
123,the,44.04,44.2,0.9895308017730713,0
124,dime,44.2,44.46,0.9754790663719177,0
125,that,44.46,44.64,0.8940949440002441,0
126,makes,44.64,44.88,0.997600257396698,0
127,your,44.88,45.08,0.9989301562309265,0
128,dick,45.08,45.38,0.9997127652168274,1
129,wanna,45.38,45.74,0.8365685343742371,0
130,grind,45.74,46.28,0.9957330822944641,0
131,no,46.52,46.66,0.47799333930015564,0
132,you,46.72,46.82,0.9999634027481079,0
133,got,46.82,47.04,0.9605324864387512,0
134,it,47.04,47.18,0.5458616018295288,0
135,good,47.18,47.32,0.5601608157157898,0
136,for,47.32,47.5,0.9135199785232544,0
137,us,47.5,47.64,0.6404023766517639,0
138,going,47.64,47.98,0.9802441596984863,0
139,cause,48.14,48.38,0.6131872534751892,0
140,everything,48.38,48.86,0.9998421669006348,0
141,is,48.86,49.14,0.9999097585678101,0
142,glowing,49.14,49.48,0.9066595435142517,0
143,skirt,49.62,49.82,0.9446624517440796,0
144,so,49.82,50.0,0.9436758160591125,0
145,short,50.0,50.3,0.9731602072715759,0
146,her,50.38,50.5,0.9922341108322144,0
147,ass,50.5,50.76,0.9996547698974609,0
148,is,50.76,50.9,0.9982666969299316,0
149,showing,50.9,51.22,0.9427257180213928,0
150,and,51.44,51.66,0.9996337890625,0
151,shes,51.66,51.9,0.999957799911499,0
152,looking,51.9,52.14,0.9879466891288757,0
153,so,52.14,52.4,0.9238682985305786,0
154,you,52.4,52.58,0.9888209104537964,0
155,know,52.58,52.82,0.8516133427619934,0
156,when,52.82,52.96,0.7638968229293823,0
157,you,52.96,53.1,0.9998149275779724,0
158,can,53.1,53.3,0.9059900641441345,0
159,get,53.3,53.54,0.9945117235183716,0
160,it,53.54,53.74,0.9773991107940674,0
161,to,53.74,54.0,0.9115956425666809,0
162,nuts,54.0,54.28,0.7817758321762085,0
163,but,54.62,54.78,0.9993295669555664,0
164,theres,54.78,55.04,0.9951102435588837,0
165,so,55.04,55.24,0.9683531522750854,0
166,much,55.24,55.4,0.9994251728057861,0
167,to,55.4,55.7,0.329976350069046,0
168,wrap,55.7,55.86,0.32904231548309326,0
169,lets,56.1,56.3,0.9939609467983246,0
170,take,56.3,56.48,0.9964434504508972,0
171,your,56.48,56.64,0.9989246726036072,0
172,time,56.64,56.88,0.9999254941940308,0
173,do,56.94,57.1,0.9997194409370422,0
174,it,57.1,57.26,0.9999697208404541,0
175,right,57.26,57.58,0.9968612194061279,0
176,as,59.379999999999995,59.86,0.4310343563556671,0
177,you,59.86,60.02,0.9883195161819458,0
178,keep,60.02,60.34,0.9778252243995667,0
179,getting,60.34,60.76,0.966500997543335,0
180,higher,60.76,61.24,0.9751384258270264,0
181,lights,61.44,61.68,0.6416980624198914,0
182,look,61.68,61.88,0.9882603883743286,0
183,like,61.88,62.06,0.9948813915252686,0
184,theyre,62.06,62.38,0.9802160561084747,0
185,on,62.38,62.5,0.9989282488822937,0
186,fire,62.5,62.9,0.9980477094650269,0
187,soon,63.14,63.36,0.972021758556366,0
188,all,63.36,63.58,0.9767571091651917,0
189,thats,63.58,63.78,0.9218847751617432,0
190,left,63.78,64.0,0.9990280866622925,0
191,of,64.0,64.22,0.9966327548027039,0
192,you,64.22,64.42,0.9984472393989563,0
193,is,64.42,64.82,0.8009384274482727,0
194,your,64.82,64.98,0.994745135307312,0
195,most,64.98,65.24,0.9978470802307129,0
196,primal,65.24,65.62,0.990739107131958,0
197,desire,65.62,66.22,0.9631033539772034,0
198,ass,66.6,67.08,0.9700769186019897,0
199,clapping,67.08,67.64,0.8901073932647705,0
200,dick,68.06,68.26,0.9021267890930176,1
201,sucking,68.26,68.88,0.9777551293373108,0
202,lock,69.22,69.4,0.994520902633667,0
203,the,69.4,69.58,0.9966442584991455,0
204,door,69.58,69.92,0.9973646998405457,0
205,to,69.92,70.18,0.9990882873535156,0
206,the,70.18,70.38,0.9987888932228088,0
207,bathroom,70.38,71.08,0.9993821382522583,0
208,quick,71.08,71.5,0.6795543432235718,0
209,find,72.28,72.76,0.8909613490104675,0
210,a,72.76,72.92,0.9617142081260681,0
211,whore,72.92,73.16,0.8908379375934601,0
212,and,73.16,73.36,0.9391931295394897,0
213,it,73.36,73.54,0.9958394765853882,0
214,can,73.54,73.72,0.989251434803009,0
215,happen,73.72,74.26,0.9950079917907715,0
216,but,74.54,74.84,0.9974035620689392,0
217,its,74.84,75.06,0.9997041821479797,0
218,nothing,75.06,75.6,0.9955040812492371,0
219,cause,75.9,76.04,0.8817066550254822,0
220,youre,76.04,76.3,0.9922510087490082,0
221,drunk,76.3,76.54,0.9972736239433289,0
222,and,76.54,76.68,0.9848847389221191,0
223,theyll,76.68,76.88,0.959336131811142,0
224,be,76.88,77.02,0.9998021721839905,0
225,blacking,77.02,77.54,0.9940801560878754,0
226,out,77.54,77.7,0.9997491240501404,0
227,before,77.7,78.0,0.2275320589542389,0
228,you,78.0,78.32,0.9842680096626282,0
229,even,78.32,78.7,0.9885321855545044,0
230,get,78.7,78.96,0.9926548004150391,0
231,a,78.96,79.14,0.9833444952964783,0
232,chance,79.14,79.44,0.9921459555625916,0
233,to,79.44,79.6,0.9083059430122375,0
234,think,79.6,79.78,0.988120436668396,0
235,about,79.78,79.98,0.632270872592926,0
236,what,79.98,80.22,0.9705984592437744,0
237,youre,80.22,80.52,0.8652206063270569,0
238,doing,80.52,80.74,0.8544194102287292,0
239,i,87.92,88.28,0.8849130868911743,0
240,want,88.28,88.62,0.9326136708259583,0
241,it,88.62,88.8,0.9540974497795105,0
242,i,88.88,88.96,0.998777449131012,0
243,need,88.96,89.26,0.9974688291549683,0
244,it,89.26,89.4,0.9998841285705566,0
245,need,89.42,89.62,0.9395805597305298,0
246,it,89.62,89.76,0.9999386072158813,0
247,to,89.76,89.94,0.7824196815490723,0
248,make,89.94,90.2,0.9958329796791077,0
249,me,90.2,90.4,0.9892475008964539,0
250,feel,90.4,90.62,0.998263418674469,0
251,heated,90.62,90.92,0.9764610528945923,0
252,shake,91.08,91.28,0.5938063263893127,0
253,it,91.28,91.44,0.99274080991745,0
254,cant,91.52,91.72,0.9942723512649536,0
255,take,91.72,91.92,0.9972336888313293,0
256,it,91.92,92.04,0.9999582767486572,0
257,must,92.14,92.26,0.988980770111084,0
258,break,92.26,92.52,0.9996341466903687,0
259,it,92.52,92.68,0.9994939565658569,0
260,break,92.74,92.9,0.9932726621627808,0
261,it,92.9,93.12,0.9998815059661865,0
262,off,93.12,93.32,0.7025607824325562,0
263,yeah,93.4,93.54,0.7779916524887085,0
264,when,93.62,93.72,0.7446262836456299,0
265,i,93.72,93.86,0.9996671676635742,0
266,say,93.86,94.2,0.8961884379386902,0
267,it,94.2,94.32,0.6094620823860168,0
268,i,97.92,98.28,0.732650101184845,0
269,want,98.28,98.58,0.9977229237556458,0
270,it,98.58,98.74,0.9998196959495544,0
271,i,98.86,98.92,0.999913215637207,0
272,need,98.92,99.2,0.9997451901435852,0
273,it,99.2,99.32,0.9999899864196777,0
274,need,99.38,99.6,0.998310923576355,0
275,it,99.6,99.74,0.9999954700469971,0
276,to,99.74,99.92,0.9340775012969971,0
277,make,99.92,100.16,0.9998574256896973,0
278,me,100.16,100.36,0.9998078942298889,0
279,feel,100.36,100.62,0.9998891353607178,0
280,heated,100.62,100.92,0.9993938207626343,0
281,shake,101.12,101.26,0.9958531856536865,0
282,it,101.26,101.4,0.9993937015533447,0
283,cant,101.48,101.68,0.9995672106742859,0
284,take,101.68,101.9,0.9997935891151428,0
285,it,101.9,102.02,0.9999754428863525,0
286,must,102.12,102.24,0.9942162036895752,0
287,break,102.24,102.52,0.9997326731681824,0
288,it,102.52,102.66,0.99894779920578,0
289,break,102.74,102.9,0.9988112449645996,0
290,it,102.9,103.14,0.9999631643295288,0
291,off,103.14,103.32,0.9577620625495911,0
292,yeah,103.32,103.52,0.04819094017148018,0
293,when,103.6,103.7,0.42756596207618713,0
294,i,103.7,103.86,0.9771820902824402,0
295,say,103.86,104.2,0.8481127023696899,0
296,it,104.2,104.48,0.22520408034324646,0
297,yes,105.14,105.5,0.721732497215271,0
298,i,107.88,108.24,0.8812946081161499,0
299,want,108.24,108.58,0.14382809400558472,0
300,it,108.58,108.72,0.8665900230407715,0
301,i,108.72,108.92,0.9953191876411438,0
302,need,108.92,109.22,0.9914974570274353,0
303,it,109.22,109.36,0.9841576814651489,0
304,need,109.42,109.6,0.9455615878105164,0
305,it,109.6,109.74,0.9996551275253296,0
306,to,109.74,109.94,0.6331238150596619,0
307,make,109.94,110.2,0.9929097294807434,0
308,me,110.2,110.36,0.982572078704834,0
309,feel,110.36,110.62,0.9885461926460266,0
310,heated,110.62,110.94,0.978232741355896,0
311,shake,111.1,111.28,0.5249100923538208,0
312,it,111.28,111.42,0.9691925644874573,0
313,cant,111.54,111.7,0.9899003803730011,0
314,take,111.7,111.86,0.7978293895721436,0
315,it,111.86,112.02,0.9989853501319885,0
316,must,112.12,112.24,0.652212381362915,0
317,break,112.24,112.5,0.9966945648193359,0
318,it,112.5,112.66,0.962529718875885,0
319,break,112.72,112.88,0.951155960559845,0
320,it,112.88,113.12,0.9991145730018616,0
321,off,113.12,113.3,0.030565837398171425,0
322,yeah,113.3,113.54,0.9877923130989075,0
323,when,113.68,113.74,0.9685754179954529,0
324,i,113.74,113.86,0.9996987581253052,0
325,say,113.86,114.2,0.985571026802063,0
326,it,114.2,114.52,0.9552363753318787,0
327,yes,115.04,115.4,0.31651607155799866,0
328,yes,116.7,117.06,0.9520601630210876,0
329,yes,117.52,117.7,0.8746024966239929,0
330,yes,117.7,117.74,0.40268492698669434,0
331,yes,117.74,118.32,0.0028963142540305853,0
332,i,118.32,118.32,0.012400208972394466,0
333,want,118.32,118.44,0.03078651800751686,0
334,it,118.44,118.74,0.8732894659042358,0
335,i,118.88,118.92,0.9682166576385498,0
336,need,118.92,119.22,0.9851868748664856,0
337,it,119.22,119.3,0.9925553202629089,0
338,need,119.34,119.58,0.82170569896698,0
339,it,119.58,119.74,0.9964635968208313,0
340,to,119.74,119.92,0.5083272457122803,0
341,make,119.92,120.2,0.9892515540122986,0
342,me,120.2,120.38,0.9865490794181824,0
343,feel,120.38,120.62,0.9612200856208801,0
344,heated,120.62,120.92,0.9757153987884521,0
345,shake,121.12,121.3,0.0005046285223215818,0
346,it,121.3,121.42,0.9543881416320801,0
347,cant,121.58,121.72,0.8746991753578186,0
348,take,121.72,121.94,0.9882532954216003,0
349,it,121.94,122.08,0.9986767172813416,0
350,must,122.18,122.26,0.03925016149878502,0
351,break,122.26,122.5,0.9818809032440186,0
352,it,122.5,122.68,0.9817403554916382,0
353,break,122.76,122.92,0.09748173505067825,0
354,it,122.92,123.12,0.9992018342018127,0
355,off,123.12,123.34,0.05870286375284195,0
356,yeah,123.42,123.54,0.67118901014328,0
357,when,123.66,123.72,0.37425506114959717,0
358,i,123.72,123.84,0.9904472827911377,0
359,say,123.84,124.18,0.4982842206954956,0
360,it,124.18,124.42,0.738692045211792,0
361,getting,128.72000000000003,129.20000000000002,0.5675426721572876,0
362,looser,129.20000000000002,129.68,0.9636139571666718,0
363,and,129.68,130.06,0.9570788145065308,0
364,looser,130.06,130.48,0.9930934906005859,0
365,and,130.48,130.84,0.9379554390907288,0
366,looser,130.84,131.36,0.9869606196880341,0
367,and,131.36,131.68,0.9616706371307373,0
368,losing,131.68,132.18,0.25539129972457886,0
369,yourself,132.18,132.76,0.9275637269020081,0
370,in,132.76,133.16,0.9082135558128357,0
371,the,133.16,133.28,0.846462607383728,0
372,groove,133.28,133.62,0.9490373730659485,0
373,thats,133.76,134.08,0.34366582334041595,0
374,the,134.08,134.24,0.543757438659668,0
375,whole,134.24,134.38,0.9886459112167358,0
376,body,134.38,134.96,0.3911699652671814,0
377,moving,134.96,135.46,0.5345205068588257,0
378,your,135.46,135.84,0.204832524061203,0
379,grooves,135.84,136.2,0.5427694320678711,0
380,and,136.44,136.52,0.9583063125610352,0
381,you,136.52,136.64,0.9901174902915955,0
382,dont,136.64,136.92,0.9981694519519806,0
383,know,136.92,137.06,0.9982397556304932,0
384,what,137.06,137.26,0.9977237582206726,0
385,youre,137.26,137.62,0.9718524813652039,0
386,doing,137.62,137.86,0.9969719648361206,0
387,and,137.86,138.12,0.9683395028114319,0
388,you,138.12,138.28,0.9735098481178284,0
389,dont,138.28,138.68,0.9854351878166199,0
390,give,138.68,138.96,0.9952652454376221,0
391,up,138.96,139.5,0.9984468817710876,0
392,because,139.5,139.82,0.21403343975543976,0
393,youre,139.82,140.06,0.9596143066883087,0
394,so,140.06,140.26,0.9951678514480591,0
395,liquor,140.26,140.84,0.01114920899271965,0
396,its,141.36,141.64,0.353186571970582,0
397,wrong,141.64,141.88,0.014447023160755634,0
398,eat,142.2,142.44,0.7015208601951599,0
399,up,142.44,142.74,0.9785261154174805,0
400,and,142.74,142.94,0.639441728591919,0
401,keep,142.94,143.16,0.9933711290359497,0
402,up,143.16,143.36,0.021070197224617004,0
403,riding,143.36,143.7,0.5683947205543518,0
404,because,143.7,144.0,0.8276385068893433,0
405,youre,144.0,144.24,0.5582034438848495,0
406,timing,144.24,144.52,0.692628800868988,0
407,is,144.52,144.86,0.7987288236618042,0
408,on,144.86,145.1,0.9046378135681152,0
409,and,145.22,145.66,0.8953858613967896,0
410,that,145.66,145.86,0.35012996196746826,0
411,fine,145.86,146.16,0.08380401879549026,0
412,when,146.16,146.3,0.2688799202442169,0
413,its,146.3,146.52,0.9088965952396393,0
414,on,146.52,146.86,0.9994305968284607,0
415,you,146.86,147.18,0.9859214425086975,0
416,its,147.18,147.56,0.6374808549880981,0
417,time,147.56,147.76,0.9851508736610413,0
418,to,147.76,147.94,0.9906392097473145,0
419,get,147.94,148.14,0.9909693598747253,0
420,gone,148.14,148.56,0.729910135269165,0
421,before,148.56,148.86,0.3866673707962036,0
422,i,148.86,149.22,0.6098204255104065,0
423,finish,149.22,149.5,0.9622434973716736,0
424,the,149.5,149.84,0.975976288318634,0
425,yawn,149.84,150.36,0.9527443945407867,0
426,till,150.36,150.6,0.34500280022621155,0
427,its,150.6,150.92,0.9618546962738037,0
428,finished,150.92,151.24,0.9845812916755676,0
429,come,151.42,151.48,0.785709798336029,0
430,on,151.48,151.84,0.9992073178291321,0
431,get,152.12,152.28,0.8818137645721436,0
432,more,152.28,152.44,0.7970108985900879,0
433,twisted,152.44,152.86,0.9921857714653015,0
434,and,152.86,153.14,0.9010977149009705,0
435,bomb,153.14,153.46,0.4638441205024719,0
436,the,153.46,153.76,0.29870733618736267,0
437,death,153.76,153.98,0.7751168012619019,0
438,fall,154.2,154.42,0.2080068439245224,0
439,till,154.42,154.58,0.7661795020103455,0
440,it,154.58,154.8,0.995991051197052,0
441,breaks,154.8,155.1,0.966336727142334,0
442,start,155.48,155.68,0.9813931584358215,0
443,to,155.68,155.88,0.8599876165390015,0
444,ponder,155.88,156.18,0.9157896041870117,0
445,and,156.18,156.48,0.9768259525299072,0
446,wreck,156.48,156.72,0.5378479361534119,0
447,me,156.72,157.1,0.9752419590950012,0
448,im,157.28,157.4,0.9988135695457458,0
449,all,157.4,157.56,0.9994623064994812,0
450,about,157.56,157.86,0.9993732571601868,0
451,the,157.86,158.12,0.9924954175949097,0
452,fakes,158.12,158.52,0.6652464270591736,0
453,but,158.86,159.0,0.969251275062561,0
454,it,159.0,159.16,0.9954978227615356,0
455,tastes,159.16,159.46,0.8224536776542664,0
456,so,159.46,159.78,0.9814565181732178,0
457,kind,159.78,160.14,0.9376065135002136,0
458,so,160.14,160.38,0.8093287348747253,0
459,pay,160.38,160.62,0.8284028172492981,0
460,no,160.62,160.8,0.9979085922241211,0
461,mind,160.8,161.1,0.45368918776512146,0
462,to,161.1,161.28,0.8785074949264526,0
463,the,161.28,161.48,0.9636573195457458,0
464,taste,161.48,161.82,0.31936565041542053,0
465,wanna,162.22,162.36,0.6408930420875549,0
466,hear,162.36,162.72,0.9884757995605469,0
467,that,162.72,163.06,0.9987123012542725,0
468,song,163.06,163.5,0.9989544153213501,0
469,you,163.5,163.76,0.8569894433021545,0
470,know,163.76,163.96,0.9947474598884583,0
471,whos,163.96,164.4,0.4047704413533211,0
472,wrong,164.4,164.44,0.44761091470718384,0
473,with,164.44,164.62,0.9988038539886475,0
474,the,164.62,164.82,0.98032146692276,0
475,facts,164.82,165.12,0.23952263593673706,0
476,to,165.12,165.38,0.3672460615634918,0
477,make,165.38,165.68,0.9933685660362244,0
478,their,165.68,165.84,0.4582778811454773,0
479,asses,165.84,166.32,0.9892034828662872,0
480,die,166.32,166.48,0.6082269549369812,0
481,right,166.48,166.86,0.15298619866371155,0
482,forget,166.86,167.66,0.716589093208313,0
483,to,167.66,167.88,0.8780312538146973,0
484,hydrate,167.88,168.46,0.9966222047805786,0
485,till,168.62,168.74,0.664002537727356,0
486,theyre,168.74,168.96,0.7385028898715973,0
487,so,168.96,169.1,0.9636948704719543,0
488,fucked,169.1,169.44,0.9955310225486755,1
489,up,169.44,169.62,0.8281519412994385,0
490,they,169.62,169.82,0.3512217700481415,0
491,take,169.82,170.16,0.9875239133834839,0
492,off,170.16,170.4,0.4826188087463379,0
493,all,170.4,170.7,0.993043065071106,0
494,of,170.7,170.86,0.9443007707595825,0
495,their,170.86,170.98,0.9967909455299377,0
496,clothes,170.98,171.26,0.9924259185791016,0
497,and,171.26,171.46,0.9868919253349304,0
498,whip,171.46,171.76,0.7242945432662964,0
499,it,171.76,172.5,0.7902984619140625,0
500,on,172.5,172.72,0.6404818296432495,0
501,me,172.72,172.88,0.9963200092315674,0
502,like,172.88,173.08,0.9606401920318604,0
503,my,173.08,173.24,0.9906788468360901,0
504,bodys,173.24,173.74,0.9582357108592987,0
505,made,173.74,173.96,0.9865520596504211,0
506,to,173.96,174.12,0.8768388032913208,0
507,fix,174.12,174.38,0.5993321537971497,0
508,when,174.38,174.6,0.8466382026672363,0
509,theyre,174.6,174.9,0.8588632643222809,0
510,lit,174.9,175.04,0.861753523349762,0
511,you,175.04,175.4,0.2465803474187851,0
512,got,175.4,175.6,0.9117769598960876,0
513,the,175.6,175.8,0.9877668619155884,0
514,ones,175.8,176.08,0.9519529938697815,0
515,on,176.08,176.32,0.9252805113792419,0
516,the,176.32,176.42,0.9885900616645813,0
517,grill,176.42,176.78,0.9725501537322998,0
518,or,176.88,177.46,0.738450825214386,0
519,between,177.46,177.78,0.9687416553497314,0
520,their,177.78,178.08,0.4641726315021515,0
521,hips,178.08,178.42,0.9854329228401184,0
522,but,178.42,178.74,0.4524785280227661,0
523,either,178.74,178.9,0.9820875525474548,0
524,way,178.9,179.36,0.9925210475921631,0
525,i,179.52,179.54,0.8733584880828857,0
526,must,179.54,179.74,0.8603861331939697,0
527,say,179.74,180.04,0.9959661960601807,0
528,i,180.2,180.38,0.9668633341789246,0
529,really,180.38,180.72,0.9952964186668396,0
530,dont,180.72,181.08,0.9980780780315399,0
531,give,181.08,181.24,0.9975650310516357,0
532,a,181.24,181.44,0.9987039566040039,0
533,shit,181.44,181.78,0.8350181579589844,1
534,as,181.78,182.04,0.6094667911529541,0
535,long,182.04,182.12,0.9983698725700378,0
536,as,182.12,182.38,0.9692427515983582,0
537,its,182.38,182.66,0.8504980802536011,0
538,somewhere,182.66,183.04,0.9695912599563599,0
539,and,183.46,183.8,0.7845180034637451,0
540,they,183.8,183.94,0.9836323857307434,0
541,promise,183.94,184.28,0.9158464670181274,0
542,not,184.28,184.58,0.9960237741470337,0
543,to,184.58,184.76,0.994852602481842,0
544,tell,184.76,185.08,0.5157544016838074,0
545,we,185.08,185.6,0.9731515049934387,0
546,can,185.6,185.8,0.45278024673461914,0
547,do,185.8,186.0,0.9924715757369995,0
548,this,186.0,186.22,0.9979799389839172,0
549,like,186.22,186.5,0.9915099143981934,0
550,an,186.5,186.7,0.961600124835968,0
551,orgy,186.7,187.0,0.8232140839099884,0
552,in,187.0,187.32,0.711661696434021,0
553,the,187.32,187.46,0.9930247068405151,0
554,bowels,187.46,187.96,0.9541473388671875,0
555,of,187.96,188.16,0.7607060074806213,0
556,there,188.16,188.42,0.22135117650032043,0
557,whatever,188.42,188.84,0.5925954580307007,0
558,lucys,189.24,189.7,0.8529042899608612,0
559,hella,189.7,189.9,0.8094854354858398,0
560,on,189.9,190.18,0.1352791041135788,0
561,me,190.18,190.2,0.361752986907959,0
562,and,190.2,190.64,0.7022712230682373,0
563,her,190.64,190.84,0.4260866045951843,0
564,pussies,190.84,191.24,0.942450741926829,0
565,dont,191.24,191.5,0.9994613230228424,0
566,smell,191.5,191.96,0.9926048517227173,0
567,wheres,196.07999999999998,196.64,0.64615897834301,0
568,it,196.64,196.76,0.9472010731697083,0
569,at,196.76,197.02,0.998986542224884,0
570,snap,197.02,197.3,0.042193200439214706,0
571,snap,197.64,197.74,0.9891433119773865,0
572,snap,198.42,198.52,0.9950563907623291,0
573,snap,198.82,198.96,0.9919752478599548,0
574,snap,199.6,199.6,0.9850746393203735,0
575,snap,199.68,199.68,0.9745482206344604,0
576,snap,199.96,200.12,0.9606362581253052,0
577,snap,200.12,200.12,0.9474502801895142,0
578,snap,200.12,200.12,0.9357131123542786,0
579,grab,200.12,200.12,9.366540325572714e-05,0
580,snap,200.12,200.12,0.39263126254081726,0
581,snap,200.12,200.16,0.7592502236366272,0
582,snap,200.54,200.54,0.8042434453964233,0
583,snap,200.54,200.54,0.8379902243614197,0
584,snap,200.54,200.54,0.8659437298774719,0
585,snap,200.54,200.54,0.9020614624023438,0
586,snap,200.54,200.54,0.9105883240699768,0
587,snap,200.54,200.54,0.923591673374176,0
588,snap,200.54,200.54,0.9364333152770996,0
589,snap,200.54,200.54,0.9412341117858887,0
590,snap,200.54,200.54,0.9463897943496704,0
591,snap,200.54,200.54,0.9518409967422485,0
592,snap,200.54,200.54,0.9556131362915039,0
593,snap,200.96,200.96,0.9586965441703796,0
594,snap,200.96,200.96,0.9622589945793152,0
595,snap,201.0,201.0,0.9645711183547974,0
596,snap,201.0,201.0,0.9642835259437561,0
597,snap,201.0,201.0,0.9679501056671143,0
598,snap,201.04,201.04,0.9708713293075562,0
599,snap,201.04,201.04,0.9707071185112,0
600,snap,201.48,201.74,0.48524296042887727,0
601,snap,201.74,203.5,0.7821056842803955,0
602,snap,203.98,204.64,0.9750326871871948,0
603,snap,207.0,207.66,0.9776686429977417,0
604,snap,207.66,207.74,0.9795856475830078,0
605,snap,207.74,207.74,0.9782547950744629,0
606,snap,207.74,207.86,0.9776514172554016,0
607,snap,207.86,207.9,0.9764986634254456,0
608,snap,207.9,207.9,0.9746277332305908,0
609,snap,207.9,207.9,0.9711214303970337,0
610,snap,207.9,208.5,0.96908038854599,0
611,snap,208.5,208.52,0.9655887484550476,0
612,snap,208.52,208.52,0.9600105881690979,0
613,snap,208.52,208.52,0.9538660645484924,0
614,snap,208.52,208.54,0.9469923377037048,0
615,snap,208.54,208.54,0.9445991516113281,0
616,snap,208.54,208.54,0.9318314790725708,0
617,snap,208.54,208.54,0.924458920955658,0
618,snap,208.54,208.54,0.9156955480575562,0
619,snap,208.54,208.54,0.9086360335350037,0
620,snap,208.54,208.54,0.900734007358551,0
621,snap,208.54,208.54,0.8896210789680481,0
622,snap,208.54,208.54,0.8783425688743591,0
623,snap,208.54,208.54,0.8677878379821777,0
624,snap,208.54,208.54,0.8550599813461304,0
625,snap,208.54,208.54,0.8453892469406128,0
626,snap,208.54,208.54,0.8341394066810608,0
627,snap,208.54,208.54,0.8259785175323486,0
628,snap,209.14,209.14,0.8110772967338562,0
629,snap,209.14,209.14,0.8072050213813782,0
630,snap,209.62,209.62,0.797176718711853,0
631,snap,209.62,209.62,0.7844962477684021,0
632,snap,209.62,209.62,0.7790542244911194,0
633,snap,209.62,209.62,0.7693220973014832,0
634,snap,209.62,209.62,0.7633224725723267,0
635,snap,209.62,209.62,0.7490158677101135,0
636,snap,209.62,209.62,0.7506206631660461,0
637,snap,209.62,209.62,0.7417286038398743,0
638,snap,209.62,209.62,0.7363081574440002,0
639,snap,210.24,210.9,0.7299199104309082,0
640,snap,210.9,210.9,0.7251287698745728,0
641,snap,210.9,210.9,0.7175112366676331,0
642,snap,210.9,210.9,0.7139988541603088,0
643,snap,210.9,210.9,0.72014981508255,0
644,snap,210.9,210.9,0.7173738479614258,0
645,snap,210.9,210.9,0.7159675359725952,0
646,snap,210.9,210.9,0.7117872834205627,0
647,snap,210.9,210.9,0.7034739851951599,0
648,snap,210.9,210.9,0.7059599757194519,0
649,snap,210.9,210.9,0.7035931348800659,0
650,snap,210.9,210.9,0.7056668400764465,0
651,snap,210.9,210.9,0.7067868113517761,0
652,snap,210.9,211.1,0.699848473072052,0
653,snap,212.24,212.9,0.7027966976165771,0
654,snap,212.96,213.62,0.7042924761772156,0
655,snap,213.62,213.62,0.7014015316963196,0
656,snap,213.62,213.62,0.7132560610771179,0
657,snap,213.62,213.62,0.708224892616272,0
658,snap,213.62,213.62,0.7105676531791687,0
659,snap,213.62,213.62,0.7112113833427429,0
660,snap,213.62,213.64,0.7109898924827576,0
661,snap,213.64,213.64,0.709293782711029,0
662,snap,213.64,213.64,0.7175728678703308,0
663,snap,213.64,213.64,0.7160258293151855,0
664,snap,213.64,213.96,0.7114169001579285,0
665,snap,213.96,213.96,0.72097247838974,0
666,snap,213.96,213.96,0.7138361930847168,0
667,snap,213.96,213.96,0.71531742811203,0
668,snap,213.96,213.96,0.7195867300033569,0
669,snap,213.96,213.96,0.7277599573135376,0
670,snap,213.96,213.96,0.7205674052238464,0
671,snap,213.96,214.08,0.723218560218811,0
672,snap,214.08,214.08,0.7204008102416992,0
673,snap,214.08,214.08,0.7218964695930481,0
674,snap,214.08,214.08,0.7206041812896729,0
675,snap,214.08,214.08,0.7233806252479553,0
676,snap,214.24,214.9,0.7254655361175537,0
677,snap,215.64,216.24,0.7275776267051697,0
678,snap,216.4,216.6,0.7262906432151794,0
679,snap,216.6,216.6,0.7283318638801575,0
680,snap,217.22,217.88,0.7311748266220093,0
681,snap,224.26,224.92,0.7311111688613892,0
682,make,224.92,225.16,0.008864098228514194,0
683,me,225.16,225.4,0.9769468903541565,0
684,feel,225.4,225.64,0.9438143968582153,0
685,heated,225.64,225.92,0.9362256526947021,0
686,shake,225.92,226.3,0.4418070912361145,0
687,it,226.3,226.42,0.9123139381408691,0
688,cant,226.42,226.74,0.8820624053478241,0
689,take,226.74,226.92,0.7369784712791443,0
690,it,226.92,227.04,0.9936720132827759,0
691,must,227.04,227.26,0.5733381509780884,0
692,break,227.26,227.48,0.9891946315765381,0
693,it,227.48,227.66,0.9132930636405945,0
694,break,227.66,227.86,0.4952094852924347,0
695,it,227.86,228.14,0.9803998470306396,0
696,off,228.14,228.3,0.5709537863731384,0
697,yeah,228.3,228.52,0.7799166440963745,0
698,what,228.52,228.72,0.515481173992157,0
699,i,228.72,228.86,0.574417233467102,0
700,say,228.86,229.22,0.6060917973518372,0
701,bitch,229.22,229.44,0.5914676189422607,1
702,yeah,229.44,229.7,0.07494653761386871,0
703,yeah,229.7,230.34,0.4118681252002716,0
704,yeah,230.34,231.14,0.3845852017402649,0
705,bitch,231.14,231.3,0.21607616543769836,1
706,bitch,231.3,232.24,0.7786775827407837,1
707,i,232.24,233.28,0.5303272604942322,0
708,wanted,233.28,233.62,0.511071503162384,0
709,i,233.62,233.92,0.9717702269554138,0
710,needed,233.92,234.3,0.7807158827781677,0
711,needed,234.3,234.66,0.95490562915802,0
712,to,234.66,234.92,0.9779972434043884,0
713,make,234.92,235.18,0.9974707365036011,0
714,me,235.18,235.38,0.9628833532333374,0
715,feel,235.38,235.64,0.9232886433601379,0
716,heated,235.64,235.92,0.9928315877914429,0
717,shake,235.92,236.3,0.7567893862724304,0
718,it,236.3,236.44,0.9768264889717102,0
719,cant,236.44,236.72,0.9924429059028625,0
720,take,236.72,236.9,0.9886283874511719,0
721,it,236.9,237.06,0.9981495141983032,0
722,must,237.06,237.26,0.921734631061554,0
723,break,237.26,237.52,0.9973293542861938,0
724,it,237.52,237.68,0.9797833561897278,0
725,break,237.68,237.9,0.8718658685684204,0
726,it,237.9,238.14,0.9930290579795837,0
727,off,238.14,238.3,0.9397059082984924,0
728,yeah,238.3,238.52,0.9908285140991211,0
729,what,238.52,238.7,0.788837730884552,0
730,i,238.7,238.84,0.9940890073776245,0
731,say,238.84,239.18,0.8165759444236755,0
732,bitch,239.18,239.5,0.8633356094360352,1
733,responsibilitys,244.26,244.78,0.8153683841228485,0
734,cool,244.78,245.06,0.9984248876571655,0
735,but,245.06,245.42,0.9920403361320496,0
736,theres,245.42,245.72,0.9982469379901886,0
737,more,245.72,245.86,0.9996005892753601,0
738,things,245.86,246.26,0.998991072177887,0
739,in,246.26,246.48,0.9966716766357422,0
740,life,246.48,246.9,0.9974324107170105,0
741,like,246.9,247.52,0.983544647693634,0
742,getting,247.52,247.8,0.918873131275177,0
743,your,247.8,248.04,0.9492169618606567,0
744,dick,248.04,248.54,0.9541361927986145,1
745,wrote,248.54,249.18,0.460391640663147,0
746,all,249.18,249.44,0.6294364333152771,0
747,fucking,249.44,249.78,0.011012655682861805,1
748,nuts,249.78,250.1,0.13895352184772491,0
749,im,250.1,250.74,0.4621156305074692,0
750,the,250.74,250.82,0.9796962738037109,0
751,kind,250.82,251.06,0.8072437047958374,0
752,of,251.06,251.24,0.9928494691848755,0
753,girl,251.24,251.46,0.9889740943908691,0
754,that,251.46,251.7,0.9835176467895508,0
755,knows,251.7,252.1,0.9907005429267883,0
756,how,252.1,252.32,0.9964272379875183,0
757,to,252.32,252.48,0.9962461590766907,0
758,keep,252.48,252.74,0.9974443912506104,0
759,her,252.74,252.9,0.9334144592285156,0
760,shit,252.9,253.12,0.9846112132072449,1
761,tight,253.12,253.56,0.964281439781189,0
762,legs,253.56,254.52,0.9774929285049438,0
763,in,254.52,254.86,0.9988241791725159,0
764,the,254.86,255.02,0.9986829161643982,0
765,air,255.02,255.34,0.9986316561698914,0
766,looking,255.34,255.74,0.9284650087356567,0
767,like,255.74,256.02,0.9995254278182983,0
768,they,256.02,256.22,0.9968421459197998,0
769,feel,256.22,256.5,0.9973416924476624,0
770,nice,256.5,256.88,0.9918838739395142,0
771,ball,256.88,257.78,0.607677698135376,0
772,cant,257.78,258.18,0.771942138671875,0
773,melt,258.18,258.94,0.6943206787109375,0
774,your,258.94,259.2,0.9786623120307922,0
775,peter,259.2,259.5,0.4257793724536896,0
776,like,259.5,259.8,0.9989683628082275,0
777,ice,259.8,260.24,0.9994944334030151,0
778,and,260.24,260.7,0.991592288017273,0
779,the,260.7,260.82,0.9991287589073181,0
780,drugs,260.82,261.18,0.9515359997749329,0
781,got,261.18,261.46,0.9992421865463257,0
782,you,261.46,261.66,0.996736466884613,0
783,going,261.66,262.0,0.9956229329109192,0
784,back,262.0,262.24,0.9986781477928162,0
785,for,262.24,262.46,0.9943167567253113,0
786,more,262.46,262.68,0.991438090801239,0
787,cause,262.68,262.94,0.9368406534194946,0
788,youre,262.94,263.26,0.8371886909008026,0
789,like,263.26,263.4,0.2577888071537018,0
790,i,263.4,263.86,0.9884061813354492,0
791,just,263.86,264.16,0.9992311000823975,0
792,cant,264.16,264.48,0.9997126758098602,0
793,get,264.48,264.62,0.9995307922363281,0
794,enough,264.62,265.12,0.9997844099998474,0
795,for,265.12,265.4,0.9786014556884766,0
796,that,265.4,265.6,0.9995483756065369,0
797,complex,265.6,266.04,0.9666047692298889,0
798,when,266.04,266.32,0.9738245010375977,0
799,i,266.32,266.46,0.9985713958740234,0
800,run,266.46,266.78,0.7583261132240295,0
801,its,266.78,267.14,0.9906682968139648,0
802,time,267.14,267.28,0.9999344348907471,0
803,to,267.28,267.46,0.9998631477355957,0
804,find,267.46,267.76,0.9985095858573914,0
805,one,267.76,267.92,0.999541163444519,0
806,and,267.92,268.12,0.9973850846290588,0
807,take,268.12,268.38,0.9656583070755005,0
808,one,268.38,268.58,0.9975179433822632,0
809,right,268.58,268.94,0.9913669228553772,0
810,now,268.94,269.22,0.9993817806243896,0
811,its,269.22,269.6,0.9967021644115448,0
812,time,269.6,269.78,0.999923825263977,0
813,to,269.78,269.98,0.9997143149375916,0
814,find,269.98,270.32,0.9747182130813599,0
815,one,270.32,270.58,0.9992241859436035,0
816,and,270.58,270.82,0.998248815536499,0
817,make,270.82,271.1,0.99832683801651,0
818,one,271.1,271.36,0.9994316697120667,0
819,say,271.36,271.7,0.5160401463508606,0
820,im,271.7,272.28,0.9891518652439117,0
821,damn,272.28,272.58,0.740317702293396,0
822,think,272.58,272.98,0.7229174375534058,0
823,i,272.98,273.1,0.9975364208221436,0
824,just,273.1,273.3,0.8807793855667114,0
825,found,273.3,273.6,0.9433592557907104,0
826,one,273.6,273.72,0.9991520643234253,0
827,bout,273.72,273.94,0.7151511311531067,0
828,to,273.94,274.14,0.9945147037506104,0
829,break,274.14,274.44,0.9994884729385376,0
830,one,274.44,274.78,0.9995304346084595,0
831,off,274.78,275.14,0.9357070326805115,0
832,meanwhile,275.14,275.86,0.0964486300945282,0
833,hallucinating,275.86,277.42,0.9010933637619019,0
834,crazy,277.42,277.84,0.9589203000068665,0
835,getting,277.84,278.3,0.8989332914352417,0
836,lost,278.3,278.72,0.9927096366882324,0
837,from,278.72,278.96,0.6240463256835938,0
838,bars,278.96,279.46,0.18729588389396667,0
839,may,279.46,279.82,0.901585042476654,0
840,have,279.82,280.0,0.9770734310150146,0
841,gotten,280.0,280.3,0.9901027679443359,0
842,too,280.3,280.58,0.9411126971244812,0
843,fucked,280.58,280.82,0.9421069622039795,1
844,up,280.82,281.04,0.9978916049003601,0
845,cause,281.04,281.26,0.5584208369255066,0
846,i,281.26,281.4,0.4977993369102478,0
847,forgot,281.4,281.82,0.9738775491714478,0
848,how,281.82,282.06,0.98857182264328,0
849,to,282.06,282.2,0.996462881565094,0
850,smile,282.2,282.72,0.9954923391342163,0
851,gonna,282.72,283.62,0.9432669878005981,0
852,have,283.62,283.98,0.9973202347755432,0
853,to,283.98,284.14,0.9982191920280457,0
854,do,284.14,284.36,0.9973993301391602,0
855,this,284.36,284.56,0.7413490414619446,0
856,jim,284.56,285.04,0.6023077890276909,0
857,morrison,285.04,285.52,0.7086947560310364,0
858,style,285.52,286.12,0.9493448734283447,0
859,will,286.12,286.5,0.907075822353363,0
860,it,286.5,286.64,0.9995143413543701,0
861,work,286.64,286.92,0.9986613988876343,0
862,probably,286.92,287.5,0.8705688118934631,0
863,not,287.5,287.82,0.9993234872817993,0
864,but,287.82,288.26,0.9946367144584656,0
865,its,288.26,288.5,0.9779596626758575,0
866,worth,288.5,288.74,0.9985413551330566,0
867,the,288.74,289.02,0.5341245532035828,0
868,try,289.02,289.44,0.9213190674781799,0
869,birth,289.44,290.08,0.11932173371315002,0
870,hop,290.08,290.4,0.35008344054222107,0
871,what,290.4,290.68,0.6847648620605469,0
872,i,290.68,290.86,0.9959729313850403,0
873,see,290.86,291.26,0.9956350922584534,0
874,with,291.26,291.8,0.9602695107460022,0
875,sex,291.8,292.14,0.9936403632164001,0
876,in,292.14,292.38,0.9902808666229248,0
877,her,292.38,292.54,0.983752965927124,0
878,eyes,292.54,292.92,0.9982240796089172,0
879,will,292.92,293.06,0.4305095970630646,0
880,be,293.06,293.24,0.9971235394477844,0
881,the,293.24,293.46,0.9945358037948608,0
882,hot,293.46,293.74,0.8938288688659668,0
883,one,293.74,294.0,0.9699203968048096,0
884,i,294.0,294.18,0.9976806640625,0
885,need,294.18,294.44,0.9996746778488159,0
886,to,294.44,294.64,0.9991365075111389,0
887,take,294.64,294.88,0.9989926218986511,0
888,home,294.88,295.06,0.987677276134491,0
889,with,295.06,295.32,0.9953770637512207,0
890,me,295.32,295.66,0.9996333122253418,0
891,tonight,295.66,296.08,0.9989410042762756,0
892,wish,296.08,296.54,0.9945452213287354,0
893,me,296.54,296.72,0.9997521042823792,0
894,luck,296.72,297.1,0.9986041188240051,0
895,give,297.1,297.34,0.8914581537246704,0
896,me,297.34,297.52,0.9991951584815979,0
897,death,297.52,297.84,0.9086545705795288,0
898,and,297.84,298.18,0.9989129304885864,0
899,ill,298.18,298.36,0.996431827545166,0
900,talk,298.36,298.62,0.9995384216308594,0
901,to,298.62,298.8,0.9992851614952087,0
902,you,298.8,298.96,0.9993628859519958,0
903,later,298.96,299.28,0.9986514449119568,0
904,and,299.28,299.66,0.9935681223869324,0
905,when,299.66,299.8,0.9978592991828918,0
906,i,299.8,299.98,0.9989124536514282,0
907,do,299.98,300.2,0.9978017210960388,0
908,that,300.2,300.42,0.299415647983551,0
909,my,300.42,300.7,0.725969135761261,0
910,story,300.7,301.18,0.9987850785255432,0
911,isnt,301.18,301.7,0.9956641793251038,0
912,all,301.7,301.94,0.9991299510002136,0
913,about,301.94,302.28,0.9995312690734863,0
914,haters,302.28,302.72,5.206848800298758e-05,0
915,wheres,302.72,303.3,0.45059720426797867,0
916,it,303.3,303.44,0.8619099855422974,0
917,at,303.44,303.64,0.8395285606384277,0
918,cause,303.64,303.96,0.29094159603118896,0
919,i,303.96,304.16,0.6612381339073181,0
920,want,304.16,304.44,0.8883811831474304,0
921,it,304.44,304.58,0.996142566204071,0
922,like,304.58,304.82,0.9962177872657776,0
923,man,304.82,305.26,0.9637123346328735,0
924,got,305.26,305.64,0.9830069541931152,0
925,the,305.64,305.82,0.9894157648086548,0
926,drugs,305.82,306.14,0.48023656010627747,0
927,bonita,306.14,306.54,0.6494019031524658,0
928,harwan,306.54,307.1,0.1563454121351242,0
929,thatll,307.1,307.44,0.7518635094165802,0
930,make,307.44,307.7,0.9964577555656433,0
931,me,307.7,307.88,0.9974212646484375,0
932,go,307.88,308.1,0.9966337084770203,0
933,damn,308.1,308.54,0.975837767124176,0
934,whats,308.54,309.14,0.8528849184513092,0
935,the,309.14,309.22,0.9979058504104614,0
936,most,309.22,309.56,0.9780927896499634,0
937,banging,309.56,309.96,0.9272375702857971,0
938,gut,309.96,310.3,0.29503706097602844,0
939,that,310.3,310.66,0.9950587749481201,0
940,i,310.66,310.84,0.9936518669128418,0
941,ever,310.84,311.16,0.9917140603065491,0
942,have,311.16,311.44,0.9040452837944031,0
943,smashed,311.44,311.8,0.8838921189308167,0
944,if,311.8,312.12,0.9883438348770142,0
945,you,312.12,312.2,0.9994231462478638,0
946,got,312.2,312.5,0.7785873413085938,0
947,it,312.5,312.66,0.9937736988067627,0
948,push,312.66,312.96,0.927931547164917,0
949,it,312.96,313.16,0.9974415302276611,0
950,up,313.16,313.36,0.9864533543586731,0
951,on,313.36,313.58,0.9671491980552673,0
952,me,313.58,313.72,0.9945523142814636,0
953,cause,313.72,313.94,0.9464886784553528,0
954,im,313.94,314.18,0.9918001890182495,0
955,feeling,314.18,314.52,0.8814401030540466,0
956,that,314.52,314.86,0.9983281493186951,0
957,ass,314.86,315.1,0.9591041803359985,0
958,know,315.1,315.4,0.9548805952072144,0
959,what,315.4,315.62,0.9992075562477112,0
960,i,315.62,315.76,0.9990467429161072,0
961,mean,315.76,316.06,0.9982341527938843,0
962,where,316.06,316.42,0.9944133162498474,0
963,is,316.42,316.6,0.5071201324462891,0
964,it,316.6,316.76,0.9832187294960022,0
965,at,316.76,317.0,0.9385036826133728,0
966,now,317.0,317.34,0.24706389009952545,0
967,i,317.34,323.28,0.509024441242218,0
968,wanted,323.28,323.76,0.4637492597103119,0
969,i,323.76,323.96,0.9954100251197815,0
970,need,323.96,324.26,0.38821691274642944,0
971,it,324.26,324.4,0.9992316961288452,0
972,needed,324.4,324.66,0.9592953324317932,0
973,to,324.66,324.96,0.9980746507644653,0
974,make,324.96,325.2,0.9989737272262573,0
975,me,325.2,325.38,0.9744457602500916,0
976,delete,325.38,325.78,0.4226169288158417,0
977,it,325.78,325.98,0.9932089447975159,0
978,shake,325.98,326.26,0.9455993175506592,0
979,it,326.26,326.44,0.9850847125053406,0
980,cant,326.44,326.72,0.9923688173294067,0
981,take,326.72,326.88,0.9803689122200012,0
982,it,326.88,327.06,0.9995761513710022,0
983,must,327.06,327.26,0.9333570599555969,0
984,break,327.26,327.52,0.9965255856513977,0
985,it,327.52,327.68,0.9790882468223572,0
986,break,327.68,327.9,0.9787197709083557,0
987,it,327.9,328.14,0.998885452747345,0
988,off,328.14,328.32,0.732724666595459,0
989,yeah,328.32,328.52,0.2589777410030365,0
990,when,328.52,328.74,0.8799043893814087,0
991,i,328.74,328.88,0.9986078143119812,0
992,say,328.88,329.14,0.40705668926239014,0
993,youre,329.14,329.6,0.6106170117855072,0
994,yes,335.76,336.24,0.004567268770188093,0
995,yes,341.35999999999996,341.84,0.21916227042675018,0
996,i,342.76,343.24,0.06760746985673904,0
997,wanted,343.24,343.72,0.39864927530288696,0
998,i,343.72,343.94,0.7949050068855286,0
999,needed,343.94,344.26,0.9267994165420532,0
1000,needed,344.26,344.66,0.9631063342094421,0
1001,to,344.66,344.94,0.9476772546768188,0
1002,make,344.94,345.2,0.980864942073822,0
1003,me,345.2,345.38,0.7503844499588013,0
1004,delete,345.38,345.86,0.04879888519644737,0
1005,it,345.86,346.1,0.8203211426734924,0
1006,shake,346.1,346.32,0.04476487264037132,0
1007,it,346.32,346.48,0.859051525592804,0
1008,cant,346.48,346.96,0.7006516456604004,0
1009,take,346.96,346.96,0.9333082437515259,0
1010,it,346.96,347.06,0.9854347705841064,0
1011,must,347.06,347.22,0.741646409034729,0
1012,break,347.22,347.54,0.9853065013885498,0
1013,it,347.54,347.66,0.7202126979827881,0
1014,break,347.66,347.88,0.7773458957672119,0
1015,it,347.88,348.14,0.9820475578308105,0
1016,off,348.14,348.32,0.431428998708725,0
1017,yeah,348.32,348.54,0.6247729063034058,0
1018,when,348.54,348.76,0.5807367563247681,0
1019,i,348.76,348.86,0.9780514240264893,0
1020,say,348.86,349.22,0.024745605885982513,0
1021,yes,349.22,349.8,0.43333005905151367,0
1022,i,352.80000000000007,353.26000000000005,0.022266635671257973,0
1023,wanted,353.26000000000005,353.72,0.4915027916431427,0
1024,i,353.72,353.98,0.8765392899513245,0
1025,needed,353.98,354.3,0.9419089555740356,0
1026,needed,354.3,354.66,0.898501992225647,0
1027,to,354.66,354.98,0.9764857292175293,0
1028,make,354.98,355.18,0.9866628050804138,0
1029,me,355.18,355.36,0.8760253190994263,0
1030,delete,355.36,355.78,0.019920308142900467,0
1031,it,355.78,356.02,0.9306913614273071,0
1032,shake,356.02,356.32,0.3347857892513275,0
1033,it,356.32,356.44,0.9326971173286438,0
1034,cant,356.44,356.74,0.8948521912097931,0
1035,take,356.74,356.94,0.9783783555030823,0
1036,it,356.94,357.06,0.9944203495979309,0
1037,must,357.06,357.26,0.6765028834342957,0
1038,break,357.26,357.54,0.9914436936378479,0
1039,it,357.54,357.7,0.8695617914199829,0
1040,break,357.7,357.92,0.8177289366722107,0
1041,it,357.92,358.14,0.9958828687667847,0
1042,off,358.14,358.32,0.8361390829086304,0
1043,yeah,358.32,358.52,0.6552478075027466,0
1044,when,358.52,358.72,0.9077547788619995,0
1045,i,358.72,358.84,0.990400493144989,0
1046,say,367.74,369.14,0.028492772951722145,0
