words,start,end
whats it gonna be are you willingly walking away from this,4.742,11.807
whats it gonna take can you really break this love where you gonna go tell me do you know when is your heart in it cause if you leave baby then leave make up your mind before you shut the door,13.969,39.778
cause if theres a chance we mightve missed and if theres a ray of light in this baby you should know that this is where my heart takes over over over going back in time you know we have tried too hard to let this fade almost disappeared still we made it here baby,40.499,74.166
and look me in the eye promise i wont cry this is your choice to make cause if you go baby then go you change your mind i wont be here no more,78.275,94.928
cause if theres a chance we mightve missed and if theres a ray of light in this baby you should know that this is where my heart takes over over and if theres a small piece left of us somewhere in the battles we have lost,95.793,122.683
baby look at me cause this is where my heart takes over over over this is where my heart takes over over this is where my heart takes over over this is where my heart takes over over,123.043,147.626
this is where my heart takes over over whats it gonna be are you willingly walking away from this,147.771,159.089
cause if theres a chance we mightve missed and if theres a ray of light in this baby you should know that this is where my heart takes over over and if theres a small piece left of us somewhere in the battles we have lost,160.603,187.421
baby look at me cause this is where my heart takes over over over this is where my heart takes over over this is where my heart takes over over this is where my heart takes over over this is where my heart takes over over,187.565,218.204
