words,start,end
i cant remember the last time that a we kissed goodbye all our ilove yous were just not enough to survive something your eyes never told me but its only now to plain to see brilliant disguise when you hold me and im free,8.975,40.554
ive been thinking and heres what ive come to conclude sometimes the distance is more than two people can use but how could ihave known girl it was time and not space you would need darling tonight i could hold you and you would know but would you believe,43.01,75.729
theres a light in your eyes that i used to see theres a place in your heart where i used to be was i wrong to assume that you were waiting for metheres a light in your eyes did you leave that light burning for me,75.993,96.256
cards and phone calls and photograph pictures of you constant reminder of all the things you get used tois there a chance in hell or heaven that theres still something here to build on or do you just pick up the pieces after they fall but after all,101.958,134.677
theres a light in your eyes that i used to see and a song in the words that you spoke to me was i wrong to believe in your melo dytheres a light in your eyes did you leave that light burning to me,134.94,155.203
should i keep on waiting or does love keep on fading away fading away,156.168,166.782
its been awhile since ive seen you so how have you been did you get my letter i wrote you but idid not send i tried to call your old number but the voice that i heard on the phone i recognized but she told me the number was wrong,185.817,217.133
theres a light in my eyes its too bright to see and a pain in my heart where you used to be guess i was wrong to assume that you were waiting here for metheres a light in your eyes did you leave that light burning for me hmmmmm,219.501,247.572
