words,start,end
im a sailor peg and i lost my leg climbing up the topsails i lost my leg,44.131,51.685
im shipping up to boston whoa oh oh im shipping up to boston whoa ooohhh im shipping up to boston whoa oh oh im shipping off to find my wooden leg,73.942,89.342
im a sailor peg and i lost my leg climbing up the topsails i lost my leg,96.228,103.782
im shipping up to boston whoa oh oh im shipping up to boston whoa ooohhh im shipping up to boston whoa oh oh im shipping off to find my wooden leg,118.455,134.116
