words,start,end
los angeles give it up one more time for akon lonely im mister lonely i have nobody for my own im so lonely im mister yo akon,-4.271,21.431
what up dude you comin or what man no i got a lot on my mind im gonna let yall go ahead man come on lonely i have nobody for my own im so lonely yall this one here goes out to all my,21.928,46.635
players out there man ya know that got that one good girl dawg thats always been there man like took all the bull then one day she cant take it no more and decided to leave,46.718,58.077
yeah i woke up in the middle of the night and i noticed my girl wasnt by my side coulda sworn i was dreamin for her i was faintin so i had to take a little ride,59.403,70.596
back tracking on these few years tryin to figure out what i did to make it go bad cause ever since my girl left me my whole life came crashing and im so,71.01,81.208
lonely im mister lonely i have nobody for my own im so lonely im mister lonely i have nobody for my own im so,81.291,102.516
cant believe i had a girl like you and i just let you walk right outta my life after all i put you through you still stuck around and stayed by my side,102.848,113.128
what really hurt me is i broke your heart baby youre a good girl and i had no right i really wanna make thingsright cause without you in my life girl im so,113.294,123.658
lonely im mister lonely i have nobody for my own im so lonely im mister lonely i have nobody for my own im so,123.741,144.965
been all about the world aint never met a girl that can take the things that you been through never thought the day would come where you would get up and run and i would be out chasing you,145.297,155.495
cause aint nowhere in the globe id rather be aint no one in the globe id rather see than the girl of my dreams that made me be so happy but now so lonely,155.744,166.107
lonely im mister lonely i have nobody for my own im so lonely im mister lonely i have nobody for my own im so,166.19,187.415
never thought that id be alone i didnt think youd be gone this long i just want you to call my phone so stop playing girl and come on home,187.747,197.861
baby girl i didnt mean to shout i want me and you to work it out i never wished to ever hurt my baby and its drivin me crazy cause im so,198.359,208.557
lonely im mister lonely i have nobody for my own im so lonely im mister lonely i have nobody for my own im so so lonely,208.64,232.269
so lonely mister lonely so lonely so lonely so lonely so lonely mister lonely,233.512,250.84
