words,start,end
im fifteen for a moment caught in between ten and twenty and im just dreaming counting the ways to where you are,17.008,31.289
im twenty two for a moment and she feels better than ever and were on fire making our way back from mars,33.152,47.309
fifteen theres still time for you time to buy and time to lose fifteen theres never a wish better than this when you only got a hundred years to live,49.42,68.916
im thirty three for a moment but still the man but you see im of age kid on the way babe a family on my mind,76.988,91.269
im forty five for a moment the sea is high and im heading into a crisis chasing the years of my life,93.132,107.289
fifteen theres still time for you time to buy and time to lose yourself within a morning star,109.276,120.949
fif teen im all right with you fifteen nev er a wish better than this when you onlygot a hundredyears to live,125.171,140.694
half timegoes by suddenly youre wiseanother blink of aneye sixty seven isgone the sun isget ting high were moving on,140.818,154.478
imnine ty nine for a moment timefor just anothermo ment and im just dreaming counting the ways to where you are,160.439,174.844
fif teen theres still time for youtwenty two i feel her too thirty three youreon your wayev erydays anew day,176.831,191.609
wooooo wooooo wooooo o fifteen theresstill timefor youtime to buy andtime tochoose heyfifteentheres never a wish better than this when you only got a hundrd years to live,191.733,228.491
