words,start,end
uptown girl shes been living in her uptown world i bet she never had a back street guy i bet her mama never told her why,9.287,21.637
im gonna try for an uptown girl shes been living in her white bread world as long as anyone with hot blood can and now shes looking for a downtown man thats what i am,22.569,38.648
and when she knows what she wants from her time and when she wakes up and makes up her mind,39.58,53.096
shell see im not so tough just because im in love with an uptown girl,54.494,62.883
you know ive seen her in her uptown world shes getting tired of her high class toys and all her presents from her uptown boys shes got a choice,63.698,75.932
oooooooooooooooh oooooooooooooooh uptown girl you know i cant afford to buy her pearls but maybe someday when my ship comes in shell understand what kind of guy ive been and then ill win,76.747,105.642
and when shes walking shes looking so fine and when shes talking shell say that shes mine,106.575,120.09
shell say im not so tough just because im in love with and uptown girl,121.488,129.877
shes been living in her white bread world as long as anyone with hot blood can and now shes looking for a downtown man thats what i am,130.809,142.926
uptown girl shes my uptown girl you know im in love with an uptown girl my uptown girl you know im in love with an uptown girl my uptown girl,143.392,162.5
you know im in love with an uptown girl my uptown girl you know im in love with an uptown girl my uptown girl you know im in love with an uptown girl,163.666,182.074
