words,start,end
his eyes are locked on her her eyes are fixed elsewhere hes confident but hes not aware she doesnt care,10.96,26.393
their only connection is the silence they both grasp hes lost con trol but shes not aware of his stare,27.159,42.465
everything seems to intimidate him with the strobe lights flashing her bodys jolting but cracking as his eyes split in two if only she knew,42.911,61.342
if only she knew if only if only she knew,61.852,71.929
the curtain goes down on him again the curtain goes down on him again,91.061,121.928
everything seems to be closing in on her it feels just like she is being haunted but its alright its all good shes not aware of his stare,130.41,147.183
weve had this date from the beginning anything can happen in the next half hour weve had this date from the beginning,178.56,202.539
the curtain goes down on him again the curtain goes down on him again,212.36,241.441
who remains when the curtain falls who remains when the curtain goes down who remains when the curtain falls who remains when the curtain goes down,243.801,257.513
