words,start,end
i never was the kind of girl thats naturally sure when it comes to love oh no i was insecure insecure,1.464,15.305
but when it comes to you and me i cant deny this feeling inside oh no i never felt like this before this before no no no,17.074,31.525
im seeing all the signs from above im gonna be the one that he loves i was made for loving him,33.171,42.866
the fashion of his love oh yeah im gonna be his first and last kiss cause honey i was born to be this i was made for loving him the fashion of his love,43.049,61.159
you know that id never cheat on a man cause im not like that im physically crafted to be as fitting as mcqueen,63.903,75.549
but when it comes to clothing im bad im fashionably just designed to be rad oh and hes no accessory to me ry to me no no no,79.513,94.33
no i just cant seem to forget you no i cant for just as long as i met you youre my babe right through i was made for you,96.098,108.232
im seeing all the signs from above im gonna be the one that he loves i was made for loving him,111.22,120.915
the fashion of his love oh yeah im gonna be his first and last kiss cause honey i was born to be this i was made for loving him the fashion of his love,121.098,139.208
they say i need a strong man not just a friend but baby my search is done no longer reason to pry or to justify how i feel for you my love,140.976,155.305
im seeing all the signs from above im gonna be the one that he loves i was made for loving him oh yeah,158.049,170.671
im seeing all the signs from above im gonna be the one that he loves i was made for loving him,171.708,181.403
the fashion of his love oh yeah im gonna be his first and last kiss cause honey i was born to be this i was made for loving him the fashion of his love,181.586,199.818
oh yeah im gonna be his first and last kiss cause honey i was born to be this i was made for loving him the fashion of his love oh yeah,200.001,217.135
