words,start,end
well i met the seventh son he came for everyone the day he heard the lighting in the field i heard him clear his throat a fork within the road that night the tallahatchie took the wheel,24.55,47.65
ive been throwing knives to see just where they land now my world is in your hands,51.204,63.05
send in the congregation open your eyes step in the light a jukebox generation just as you were,66.406,87.136
the voice upon the stage is the heart inside a cage and theyre singing like a bluebird in the round theres mystery in this wood and ghosts within these roots that are tangled deep beneath this southern ground,87.926,110.73
ive been going through life making foolish plans now my world is in your hands,114.382,126.228
send in the congregation open your eyes step in the light a jukebox generation just as you were,129.585,150.315
right just as you were just as you were all right and you need blind faith,150.512,224.353
no false hope no false hope do you have blind faith,226.327,233.928
no false hope no false hope where is your blind faith no false hope no false hope open your eyes open your eyes step into the light open your eyes step into the light the sound becomes congregation a congregation a congregation yeah,235.804,293.652
and theyre singing like a bluebird in the round,299.575,304.708
