words,start,end
my friends are so depressed i feel the question of your loneli nessconfide cause ill be on your side you know i will you know i will,15.437,37.011
x girlfriend called me up alone and desperate on the prison phonethey want to give her seven years for being sad,39.511,56.918
i love all of you hurt by the cold so hard and lonely too when you dont know yourself,57.751,80.066
my friends are so distressed and standing on the brink of empti nessno words i know of to express this emptiness,80.622,97.751
i love all of you hurt by the cold so hard and lonely too when you dont know yourself,98.585,120.807
imagine me taught by tragedy release is peace,144.048,161.085
i heard a little girl and what she said was something beautiful to give your love no matter what and what she said,167.566,184.696
i love all of you hurt by the cold so hard and lonely too when you dont know yourself,185.529,207.566
