words,start,end
baby face dont grow so fast make a special wish that will always last rub this magic lantern he will make your dreams come true for you,25.374,39.494
ride the rainbow to the other side catch a falling star and then take a ride to the river that sings and the clover that brings good luck to you its all true,40.439,55.031
pink elephants and lemonade dear jessie hear the laughter running through the love parade candy kisses and a sunny day dear jessie see the roses raining on the love parade,55.622,70.569
if the land of make believe is inside your heart it will never leave theres a golden gate where the fairies all wait and dancing moons for you,70.687,84.925
close your eyes and youll be there where the mermaids sing as they comb their hair like a fountain of gold you can never grow old where dreams are made your love parade,85.87,100.581
pink elephants and lemonade dear jessie hear the laughter running through the love parade candy kisses and a sunny day dear jessie see the roses raining on the love parade,100.994,117.536
your dreams are made inside the love parade its a holiday inside the love parade,118.954,132.897
on the merry go round of lovers and white turtle doves leprechauns floating by this is your lullaby sugar plum fingertips kissing your honey lips close your eyes sleepy head is it time for your bed never forget what i said hang on youre already there,140.281,163.972
close your eyes and youll be there where the mermaids sing as they comb their hair like a fountain of gold you can never grow old where dreams are made your love parade,181.518,196.229
pink elephants and lemonade dear jessie hear the laughter running through the love parade candy kisses and a sunny day dear jessie see the roses raining on the love parade,196.642,213.42
your dreams are made inside your love parade its a holiday inside your love parade,214.602,226.89
