words,start,end
i didnt hear you leave i wonder how am i still here i dont want to move a thing it might change my memory,12.608,31.887
oh i am what i am ill do what i want but i cant hide i wont go i wont sleep i cant breathe until youre resting here with me i wont leave i cant hide i cannot be until youre resting here with me,36.167,72.923
i dont want to call my friends they might wake me from this dream i cant leave this bed risk forgeting all thats been,84.5,103.599
oh i am what i am ill do what i want but i cant hide i wont go i wont sleep i cant breathe until youre resting here with me i wont leave i cant hide i cannot be until youre resting here,108.149,142.158
i wont go i wont sleep i cant breathe until youre resting here with me i wont leave i cant hide i cannot be until youre resting here with me,142.293,168.194
oh i am what i am ill do what i want but i cant hide i wont go i wont sleep i cant breathe until youre resting here with me i wont leave i cant hide i cannot be until youre resting here,177.383,211.167
i wont go i wont sleep i cant breathe until youre resting here with me i wont leave i cant hide i cannot be until youre resting here with me,211.527,238.554
