words,start,end
another summer day has come and gone away in paris and rome but i wanna go home mmm,15.799,27.396
maybe surrounded by a million people i still feel all alone i wanna go home oh i miss you you know,30.793,43.21
and ive been keeping all the letters that i wrote to you each one a line or two im fine baby how are you and i would send them but i know that its just not enough my words were cold and flat and you deserve more than that,44.908,74.955
another aeroplane another sunny place im lucky i know but i wanna go home ive got to go home,77.708,89.715
let me go home im just too far from where you are i wanna come home,91.531,104.592
and i feel just like im living someone elses life its like i just stepped outside when everything was goin right and i know just why you could not come along with me this was not your dream but you always believed in me,121.929,151.683
another winter day has come and gone away in even paris and rome and i wanna go home let me go home,154.553,166.677
and im surrounded by a million people i still feel alone and i wanna go home oh i miss you you know,169.313,181.73
let me go home ive had my run baby im done im comin back home let me go home itll all be all right ill be home tonight im comin back home,183.37,217.224
