words,start,end
is it really necessary evry single day youre making me more ordinary in evry possible way,4.521,18.232
this ordinary mind is broken you did it and you dont eeknow youre leaving me with words unspoken you better get back cos im ready for,19.287,32.88
more than this whatever it is baby i hate days like this caught in a trap i cant look back baby i hate days like this,33.115,47.646
when it rain and rain and rain and rains when it rain and rain and rain and rains when it rain and rain and rain and rains when it rain and rain and rain and rains more than this baby i hate days like,47.646,67.685
trying to be ordinary was it me who was the fool thought you found the man you wantd till you turned him into something new,68.271,81.865
even if our minds are broken theres something that i need you to know its nothing like the life we wanted you better move on cos im ready for,83.271,96.63
more than this whatever it is baby i hate days like this caught in a trap i cant look back baby i hate days like this,96.865,111.396
when it rain and rain and rain and rains when it rain and rain and rain and rains when it rain and rain and rain and rains when it rain and rain,111.396,124.521
and rain and rains when it rain and rain and rain and rains when it rain and rain and rain and rains when it rain and rain and rain and rains when it rain and rain and rain and rains more than this baby i hate days like,124.521,146.435
more than this whatever it is baby i hate days like this caught in a trap i cant look back baby i hate days like this,160.615,175.146
when it rain and rain and rain and rains when it rain and rain and rain and rains when it rain and rain and rain and rains when it rain and rain,175.146,188.271
and rain and rains when it rain and rain and rain and rains when it rain and rain and rain and rains when it rain and rain and rain and rains when it rain and rain and rain and rains more than this baby i hate days like,188.271,210.185
