words,start,end
i pack my case i check my face i look a little bit older i look a little bit colder,0.642,11.848
with one deep breath and one big step i move a little bit closer i move a little bit closer,14.303,25.509
for reasons unknown,27.963,30.311
i caught my stride i flew and flied i know if destinys kind ive got the rest of my mind,31.272,44.399
but my heart it dont beat it dont beat the way it used to and my eyes they dont see you no more,44.612,56.885
and my lips they dont kiss they dont kiss the way they used to and my eyes dont recognize you no more,58.166,70.546
for reasons unknown for reasons unknown,72.36,81.859
there was an open chair we sat down in the open chair i said if destinys kind ive got the rest of my mind,85.594,102.563
but my heart it dont beat it dont beat the way it used to and my eyes they dont see you no more,102.67,114.943
and my lips they dont kiss they dont kiss the way they used to and my eyes dont recognize you at all,116.117,128.924
for reasons unknown for reasons unknown,130.418,139.916
i said my heart it dont beat it dont beat the way it used to and my eyes dont recognize you no more and my lips they dont kiss they dont kiss the way they used to and my eyes dont recognize you no more,143.225,171.186
for reasons unknown for reasons unknown,171.4,180.898
for reasons unknown for reasons unknown,185.06,194.559
