words,start,end
be my thrill my little white pill my unpaid bill the one who will be my love my little grey dove my push and my shove my heaven above,3.348,24.948
and we tumble down like jack and jill and i miss all of the joy you kill but i love you still be my thrill,25.798,35.598
be my one my day in the sun my little pop gun the best thing ive done be my what my open and shut my everything but my little hot slut,38.148,59.648
and we tumble down like jack and jill and i miss all of the joy you kill but i love you still be my thrill,60.448,70.248
every morning is like the one before and everybody needs someone to adore im counting on you oh oh baby say you will oh oh baby be my thrill,71.698,90.248
be my youth my kissing booth my little sweet tooth my beauty and truth be my thrill my little white pill my wait up until the one who will,93.048,114.848
and we tumble down like jack and jill and i miss all of the joy you kill but i love you still be my thrill,115.498,125.298
and we tumble down like jack and jill and i miss all of the joy you kill but i love you still be my thrill,127.048,136.848
yeah i love you still be my thrill,138.648,142.698
