words,start,end
all brawn and no brains yeah and all those nice things yeah you finally got what you want someone to look good with and light your cigarette is this what you really want,5.344,18.159
i figured out what youre all about and i dont think i like what i see so i hope i wont be there in the end if you come around,19.623,30.5
how long will he last before hes a creep in the past and youre alone once again will you pop up again and be my special friend til the end and when will that be,33.15,46.124
i figured out what youre all about and i dont think i like what i see so i hope i wont be there in the end if you come around,47.35,58.188
uh hey i figured out what youre all about and i dont think i like what i see so i hope i wont be there in the end if you come around,63.567,102.923
