words,start,end
we thank you people for being around supporting volbeat with love and hell fire gu fanden do we care youre all our brothers sisters and our babies,4.364,22.272
oh oh oh oh oh going out on the street again with open arms and fists sweating out all the whiskey tommermaend and the pain that comes with it but we know who we are and more protectors of this band oh oh oh oh and were not alone anymore we got supporters in that rocknroll band,22.961,62.986
this songs for all the ones whos singing out loud yeah we make a lot of noise refuse to sit down and be tamed we still think that we owe you some so were making a lot of noise we sing it out loud we sing it out proud,63.675,82.502
sacrifice all the things that we had just to do this thing not even money for some glue so we hang all the posters up with jam but we know who we are and more protectors of this band oh oh oh oh and were not alone anymore we got supporters in that rocknroll band,96.813,115.793
this songs for all the ones whos singing out loud yeah we make a lot of noise refuse to sit down and be tamed we still think that we owe you some so were making a lot of noise we sing it out loud we sing it out proud we thank you people for being around supporting volbeat with love and hell fire gu fanden do we care youre all our brothers sisters and our babies,116.405,158.803
oh oh oh so when you sing this song out loud remember its for you for helvede we are proud lets all have a beer youre all our brothers sisters and our babies,159.415,178.624
oh oh oh oh oh this songs for all the ones whos singing out loud yeah we make a lot of noise refuse to sit down and be tamed we still think that we owe you some so were making a lot of noise we sing it out loud we sing it out proud,179.007,202.808
