words,start,end
all the things i felt and never shared all the times that she was lonely with me there the tears i wouldnt let fall from my eyes and how i let her go without a fight,20.455,50.314
the reasons im alone i know by heart but i dont wanna spend forever in the dark i swear next time ill hang on for dear life if love ever gives me another try,51.348,80.781
and theres no changin things that we regret the best that we can hope for is one more chance if the hands of time could just move in reverse i wouldnt make the same mistake again with her,94.16,124.505
the reasons im alone i know by heart but i dont wanna spend forever in the dark i swear next time ill hang on for dear life if love ever gives me another try,125.296,155.215
well the reasons im alone i know by heart but i dont wanna spend forever in the dark i swear next time ill hang on for dear life if love ever gives me another try,167.864,197.297
oh if love ever gives me another try hmm,198.027,214.811
