words,start,end
hey good girl with your head in the clouds i bet you i can tell you what youre thinkin about youll see a good boy gonna give you the world but hes gonna leave you cryin with your heart in the dirt,15.433,30.123
his lips are dripping honey but hell sting you like a bee so lock up all your love and go and throw away the key hey good girl get out while you can i know you think you got a good man,30.646,45.278
why why you gotta be so blind wont you open up your eyes its just a matter of time til you find,45.742,59.677
hes no good girl no good for you you better get to getting on your goodbye shoes,59.968,67.458
and go gooo goooo better listen to me hes low lowoo lowooo hey good girl you got a heart of gold you want a white wedding and a hand you can hold just like you should girl like every good girl does want a fairy tale ending somebody to love,67.516,97.128
but hes really good at lying yeah hell leave you in the dust cause when he says forever well it dont mean much hey good girl so good for him better back away honey you dont know where hes been why why you gotta be so blind wont you open up your eyes its just a matter of time til you find,97.302,126.218
hes no good girl no good for you you better get to getting on your goodbye shoes,126.915,134.231
and go gooo goooo yeah yeah yeah hes low yeah yeah yeah oh hes no good girl why cant you see hell take your heart and break it listen to me yeah,134.521,165.237
why why you gotta be so blind wont you open up your eyes its just a matter of time til you findhes no good hes no good wont you open up your eyes just a matter of time til you find hes no good girl no good for you,166.63,199.726
you better get to getting on your goodbye shoes,199.843,203.617
