words,start,end
can you hear the sirens resound from the coastline of ireland tonight its the song of a promising heart of the souls that the ocean unite,20.944,41.058
and she stands by the window alone staring into the rain she is trying to guide his way home from the waters that keep them apart,41.876,60.83
so she lights up a candle for hope to be found captive and blind by the darkness around firm as a mountain she never will mourn timeless awaiting the break of dawn,60.899,85.171
can you hear the sailormans hymn as it comes with the rise of the tide it is sung where the rainbow begins as a comfort for tears she has cried,91.171,111.217
she remains by the window alone staring into the rain she is trying to guide his way home keeps on praying for god to protect him,111.967,131.467
she lights up a candle for hope to be found captive and blind by the darkness around each wave a promise a new hope reborn sunrise consoles at the break of dawn,131.535,155.671
she lights up a candle for hope to be found captive and blind by the darkness around each wave a promise a new hope reborn sunrise consoles at the break of dawn,181.376,201.967
she lights up a candle for hope to be found captive and blind by the darkness around each wave a promise a new hope reborn sunrise consoles at the break of dawn,201.967,222.694
