words,start,end
kiss me out of the bearded barley nightly beside the green green grass swing swing swing the spinning step you wear those shoes and i will wear that dress,11.64,29.11
oh kiss me beneath the milky twilight lead me out on the moonlit floor lift your open hand strike up the band and make the fireflies dance silver moon sparkling so kiss me,29.331,52.537
kiss me down by the broken tree house swing me upon its hanging tire bring bring bring your flowered hat well take the trail marked on your fathers map,62.022,79.448
oh kiss me beneath the milky twilight lead me out on the moonlit floor lift your open hand strike up the band and make the fireflies dance silver moon sparkling so kiss me,79.713,102.919
kiss me beneath the milky twilight lead me out on the moonlit floor lift your open hand strike up the band and make the fireflies dance silver moon sparkling so kiss me so kiss me so kiss me,121.669,162.831
