words,start,end
midnight and im a waiting on the twelve oh five hoping itll take me just a little farther down the line,13.337,22.234
moonlight youre just a heartache in disguise wont you keep my heart from breaking if its only for a very short time,24.613,33.613
playing with the queen of hearts knowing it aint really smart the joker aint the only fool wholl do anything for you laying out another lie thinking bout a life of crime thats what ill have to do to keep me away from you,35.94,57.665
honey you know it makes you mad why is everybody telling everybody what you have done,60.199,69.096
baby i know it makes you sad but when theyre handing out the heartaches you know you got to have you some,71.527,80.268
playing with the queen of hearts knowing it aint really smart the joker aint the only fool wholl do anything for you laying out another lie thinking bout a life of crime thats what ill have to do to keep me away from you,82.854,104.578
lovers i know youve had a few but hide your heart beneath the covers and tell em theyre the only one,119.94,128.63
others they know just what im going through and its so hard to be a lover when you say youre only in it for fun,131.216,140.113
playing with the queen of hearts knowing it aint really smart the joker aint the only fool wholl do anything for you,142.596,153.044
playing with the queen of hearts and knowing it aint really smart the joker aint the only fool wholl do anything for you,153.975,164.527
laying out another lie thinking bout a life of crime thats what ill have to do to keep me away from you,165.354,175.596
playing with the queen of hearts playing with the queen of hearts playing with the queen of hearts,179.527,192.665
