words,start,end
oh o o o o o o ooo oh o o o o o o ooo oh ooo can you keep a secret can you keep a secret im in love with you can you make a promise can you make a promise stay forever true woh o wohoo then im forever yours,1.462,45.551
je taime amour quand jentends la voix je taime ma vie cest jamais sans toi je vis ma vie pour toi cest luniverse pour moi je taime amour quand jentends la voix,46.408,75.391
tell me what youre feeling tell me what youre feeling i just wanna know tell me what youre dreaming tell me what youre dreaming let your feelings show woh o wohoo stay and dont let go,75.605,100.301
je taime amour quand jentends la voix je taime ma vie cest jamais sans toi je vis ma vie pour toi cest luniverse pour moi je taime amour quand jentends la voix,100.676,136.998
oh o o o o o o o o oo je vis ma vie pour toi cest luniverse pour moi je taime amour quand jentends la voix jentends la voix la voix,137.266,172.783
