words,start,end
cant seem to get my mind off of you back here at home theres nothin to do now that im away i wish id stayed tomorrows a day of mine that you wont be in,12.84,36.795
when you looked at me i should have run but i thought it was just for fun i see i was wrong and im not so strong i should have known all along that time would tell,37.313,60.468
a week without you thought id forget two weeks without you and i still havent gotten over you yet,61.833,75.152
vacation all i ever wanted vacation had to get away vacation meant to be spent alone,75.622,85.035
vacation all i ever wanted vacation had to get away vacation meant to be spent alone,88.0,97.413
a week without you thought id forget two weeks without you and i still havent gotten over you yet,120.474,133.698
vacation all i ever wanted vacation had to get away vacation meant to be spent alone,134.169,143.582
vacation all i ever wanted vacation had to get away vacation meant to be spent alone,146.5,155.865
vacation all i ever wanted vacation had to get away vacation meant to be spent alone,158.736,168.055
