words,start,end
i know i know i know i know what youd sayay i know i know i know i know all the games you play i am i am i am i am not afraidaycause i know i know i know i know what to say,16.699,36.457
i feelit its coming its hereifah you wantit,36.699,46.618
and i am out on my own moving in shadow nobody knows who i am standing alone and its me but you cant see who i am,46.699,67.425
idliketo rip you outof your skin id switch us aroundand put you back in and i know i know i know i know what to sayaybut it couldnt be any other way cause,70.892,90.651
i feelit its coming its hereifah you wantit,90.812,100.731
and i am out on my own moving in shadow nobody knows who i am standing alone and its me but you cant see who i am,100.812,121.457
whoa ooh oohoh ooh hoo whoammm mmmoh ooh hoo so close but you dont know its me but you cant see,122.505,147.989
so close but you dont know its me but you cant see,148.554,152.828
i feelit its coming its hereif you wantit,152.989,162.667
i am out on my own moving in shadow nobody knows who i am standing alone and its me but you cant see who i am,163.07,183.392
so close but you dont know and its me but youre never gonna see who i am so close but you dont know and its me but you just cant see who i am,184.683,195.167
