words,start,end
he who walks the fire breathes,52.401,53.932
he who walks the fire breathes unlike the rest living by the bloody creed kirisute gomen,75.36,85.768
air of battle tasting stale reeks of deceit send the bitter straight to hell kirisute gomen,86.228,96.215
in their wretched guts all they want is to feed unending covetous hunger known as greed as the last legion makes its way to the skies,96.33,110.258
i can see in their eyes theyve already died inside but as for the outside ill take their fucking heads,111.177,120.781
quake has bred with the storm conceiving war wicked stampeding hordes kirisute gomen,121.432,131.419
in their wretched guts all they want is to feed unending covetous hunger known as greed as the last legion makes its way to the skies,131.534,145.462
i can see in their eyes theyve already died inside but as for the outside ill take their fucking heads,146.381,155.87
i can see in their eyes theyve already died inside but as for the outside ill take their fucking heads,156.023,165.169
i will never be what they want me to i live by my own path in life no turning back now i wont be held down forced into a shallow grave built upon their empty ways theres no turning back,165.284,195.437
theres hell to pay such disarray a bloodied mess flesh masquerade with all the blood making a flood you made your path by crossing us,206.381,218.549
he who spits the fire seethes all he detests decapitating bloody creed kirisute gomen,280.462,290.449
in their wretched guts all they want is to feed unending covetous hunger known as greed as the last legion makes its way to the skies,290.564,304.493
i can see in their eyes theyve already died inside but as for the outside ill take their fucking heads,305.411,314.863
i can see in their eyes theyve already died inside but as for the outside ill take their fucking heads,315.016,324.582
i will never be what they want me to i live by my own path in life no turning back now i wont be held down forced into a shallow grave built upon their empty ways no turning,327.758,355.615
i will never be what they want me to i live by my own path in life theres no turning back,355.807,372.146
