words,start,end
i walked through the door with you the air was cold but something bout it felt like home somehow and i left my scarf there at your sisters house and you still got it in your drawer even now,20.591,40.396
oh your sweet disposition and my wide eyed gaze were singing in the car getting lost upstate autumn leaves falling down like pieces into place and i can picture it after all these days,51.327,71.737
and i know its long gone and and magics not here no more and i might be okay but im not fine at all,72.261,86.701
cause there we are again on that little town street you almost ran the red cause you were looking over me wind in my hair i was there i remember it all too well,87.871,106.143
photo album on the counter your cheeks were turning red you used to be a little kid with glasses in a twin size bed your mothers telling stories bout you on the tee ball team you tell me bout your past thinking your future was mean,108.079,128.368
i know its long gone and and theres nothing else i could do and i forget about you long enough to forget why i needed to,128.569,144.018
cause there we are again in the middle of the night we dance around the kitchen in the refrigerator light down the stairs i was there i remember it all too well,144.704,164.508
yeah well maybe we got lost in translation maybe i asked for too much but maybe this thing was a masterpiece till you tore it all up,164.831,189.92
running scared i was there i remember it all too well,190.323,200.246
and you call me up again just to break me like a promise so casually cruel in the name of being honest,200.689,210.733
im a crumpled up piece of paper lying here cause i remember it all all all too well,211.015,225.415
time wont fly its like im paralyzed by it id like to be my old self again but im still trying to find it,235.217,244.736
after plaid shirt days and nights when you made me your own now you mail back my things and i walk home alone,244.857,255.021
but you keep my old scarf from that very first week cause it reminds you of innocence and it smells like me you cant get rid of it cause you remember it all too well yeah,255.505,275.31
cause there we are again when i loved you so back before you lost the one real thing youve ever known it was rare i was there i remember it all too well,276.117,295.196
wind in my hair you were there you remember it all down the stairs you were there you remember it all it was rare i was there i remember it all too well,296.164,315.121
