words,start,end
baby take off your coat real slow and take off your shoes ill take off your shoes baby take off your dress yes yes yes you can leave your hat on you can leave your hat on you can leave your hat on,31.793,75.946
go on over there turn off the lights hey all the lights come over here stand on that chair yeah thats right raise your arms up in the air now shake em,81.908,111.891
you give me reason to live you give me reason to live you give me reason to live you give me reason to live sweet darling,114.397,131.419
you can leave your hat on baby you can leave your hat on suspicious minds are talkin theyre tryin to tear us apart,138.245,183.435
they dont believe in this love of mine they dont know what love is they dont know what love is they dont know what love is they dont know what love is yeah i know what love is there aint no way you can leave your hat on give me the reason to live you can leave your hat on,187.323,251.349
