words,start,end
blank face in the windowpane made clear in seconds of light disappears and returns again counting hours searching the night,36.121,58.155
might be waiting for someone might be there for us to see might be in need of talking might be staring directly at me,107.59,129.812
inside plays a lullaby slurred voice over children cries on the inside,168.701,190.64
haunting loneliness in the eye skin covering secret scars his hand is waving a goodbye theres no response or action returned,394.595,416.253
theres deep prejudice in me outshines all reasons inside given dreams all ridden with pain and projected unto the lost,418.701,441.017
