words,start,end
were just ready for you to come home and seems like youve been gone forever already here in this town safe and guarded we call it home,0.478,19.833
a feeling that we share now i leave this place clinging to hope and this midnight prayer if we hold our breath and float beyond this well be reborn i will carry us home,20.075,45.599
are you still alive are you scared inside providence is blind when youre terrified are you still alive are you scared inside when weve reached the end of the road i will carry us home,45.962,71.728
oh no if all ive said was only a hope and meaningless in truth now will i expire holding the womb in safety for you if we make it through and i can save you with this heart i know i will carry us home,74.51,107.172
are you still alive are you scared inside providence is blind when youre terrified are you still alive are you scared inside when weve reached the end of the road i will carry us home,107.534,132.938
now im so far away from you will i be making any difference after leaving you all alone now im so far away from home can i justify my actions after leaving you here in this town,133.422,153.26
safe and guarded we call it home a feeling that we shared are you still alive are you scared inside providence is blind when youre terrified are you still alive if you scared inside i will carry us home,153.684,186.889
are you still alive are you scared inside providence is blind when youre terrified are you still alive are you scared inside when weve reached the end of the road when weve reached the end of the road i will carry us home carry us home,187.131,223.059
