words,start,end
i dont wanna talk about things weve gone through though its hurting me now its history,32.468,46.276
ive played all my cards and thats what youve done too nothing more to say no more ace to play,48.261,62.774
the winner takes it all the losers standing small beside the victory thats her destiny,63.656,78.875
i was in your arms thinking i belonged there i figured it made sense building me a fence,79.492,92.77
building me a home thinking id be strong there but i was a fool playing by the rules,94.711,108.871
the gods may throw a dice their minds as cold as ice and someone way down here loses someone dear,109.71,124.223
the winner takes it all the loser has to fall its simple and its plain why should i complain,124.928,139.221
but tell me does she kiss like i used to kiss you does it feel the same when she calls your name,139.971,153.778
somewhere deep inside you must know i miss you but what can i say rules must be obeyed,155.543,169.306
the judges will decide the likes of me abide spectators of the show always stay alone,170.497,184.922
the game is on again a lover or a friend a big thing or a small the winner takes it all,185.583,200.273
i dont wanna talk if it makes you feel sad and i understand youve come to shake my hand,202.92,216.109
i apologize if it makes you feel bad seeing me so tense no selfconfidence,218.227,231.549
but you see the winner takes it all the winner takes it all,232.166,247.738
so the winner takes it all and the loser has to fall,250.032,264.589
throw a dice cold as ice way down here someone dear,265.03,279.146
takes it all has to fall,280.028,286.822
