words,start,end
dubi dam dubi dam dubi dam dubi dam dubi dam dam da dubi daba dibi dam dubi dam dam da dubi dibi dam dubi dam dam da dubi daba dibi dam dubi dam dam da dubi dibi dam,3.51,20.117
when i was lying in my bedroom there was a scary sound behind the door it was a sound of space and nowhere i never heard before got out of bed and saw this green light there was something going on but then i saw an alien and he,38.01,61.474
began to sing his song it goes dubi dam dam da dubi daba dibi dam dubi dam dam da dubi dibi dam dubi dam dam da dubi daba dibi dam dubi dam dam da dubi dibi dam,62.01,78.403
dubi dam dam da dubi daba dibi dam dubi dam dam da dubi dibi dam dubi dam dam da dubi daba dibi dam dubi dam dam da dubi dibi dam,78.939,92.117
dubi dam dam da dubi daba dibi dam dubi dam dam da dubi dibi dam dubi dam dam da dubi daba dibi dam dubi dam dam da dubi dibi dam,92.653,105.832
he stood in front of his blue starship i saw that he could fly just like a bird he told me stories bout his planet across the universe with lots of fun we talked for hours but later on he had to leave now he is gone but i can still hear his little melody,110.01,135.617
it goes dubi dam dam da dubi daba dibi dam dubi dam dam da dubi dibi dam dubi dam dam da dubi daba dibi dam dubi dam dam da dubi dibi dam,136.582,150.403
dubi dam dam da dubi daba dibi dam dubi dam dam da dubi dibi dam dubi dam dam da dubi daba dibi dam dubi dam dam da dubi dibi dam,150.939,164.117
dubi dam dam da dubi daba dibi dam dubi dam dam da dubi dibi dam dubi dam dam da dubi daba dibi dam dubi dam dam da dubi dibi dam,164.653,177.832
dubi dam dubi dam dubi dam dubi dam dubi dam dubi dam dubi dubi dubi dubi,178.367,185.117
dubi dam dubi dam dubi dam dubi dam dubi dam dubi dam dubi dubi dubi dubi,185.224,191.974
dubi dam dam da dubi daba dibi dam dubi dam dam da dubi dibi dam dubi dam dam da dubi daba dibi dam dubi dam dam da dubi dibi dam,192.082,205.26
dubi dam dam da dubi daba dibi dam dubi dam dam da dubi dibi dam,205.796,212.117
