words,start,end
is it a kind of dream floating out on the tide following the river of death downstream oh is it a dream,26.241,47.441
theres a fog along the horizon a strange glow in the sky and nobody seems to know where you go and what does it mean ohhh is it a dream,49.441,76.375
bright eyes burning like fire bright eyes howcan you close and fail how can the light that burned so brightly suddenly burn so pale bright eyes,77.841,105.575
is it a kind of shadow reaching in to the night wandering over the hills unseen or is it a dream,116.775,137.441
theres a high wind in the trees a cold sound in the air and nobody ever knows when you go and where do you start ohhh into the dark,139.441,166.108
bright eyes burning like fire bright eyes howcan you close and fail how can the light that burned so brightly suddenly burn so pale bright eyes,167.575,195.308
bright eyes burning like fire bright eyes howcan you close and fail how can the light that burned so brightly suddenly burn so pale bright eyes,196.775,224.375
