words,start,end
tonight its very clear as were both lyin here there so many things i wanna say i will always love you i will never leave you alone,7.38,30.109
sometimes i just forget say things i might regret it breaks my heart to see you crying i dont wanna lose you i could never make it alone,33.622,55.524
i am a man who will fight for your honor ill be the hero youre dreamin of well live forever knowing together that we did it all for the glory of love,59.863,86.724
you keep me standing tall you help me through it all im always strong when youre beside me i have always needed you i could never make it alone,91.477,112.966
i am a man who will fight for your honor ill be the hero you been dreamin of well live forever knowin together that we did it all for the glory of love,117.512,143.133
its like like knight in shining armor from a long time ago just in time i will save the day take you to my castle far away,145.819,160.49
i am a man who will fight for your honor ill be the hero that youre dreamin of gonna live forever knowing together that we did it all for the glory of love,171.854,197.476
well live forever knowin together that we did it all for the glory of love,209.874,222.891
we did it all for love we did it all for love we did it all for love,225.99,242.727
