words,start,end
caught in neverland no purpose to be seen theres no point of destination neverending wastelands such a wicked odyssey dont know what we have done wrong lead us back to rome to follow you again bring the power get salva tion i know less than all but more than many who know less i know its keeping us strong,34.122,70.744
and while they are pulling strings while they are in commend theyre hanging on strings and fate they do commend into another hand,72.374,89.87
caught in neverland heat and fire snow and ice they call netherworld what we call a paradise caught in neverland and their spirits cannot rise from the netherworld they cant see the paradise,91.056,109.737
and the roman whore the masters and the sla ves raging on without they dont know good intentions on their minds cant ask for why they bow out,133.756,151.326
lead us to eden judge those who bite off more then they can chew to serve without they ask or call in doubt the task,153.327,170.674
caught in neverland heat and fire snow and ice they call netherworld what we call a paradise caught in neverland and their spirits cannot rise from the netherworld they cant see the paradise,171.712,190.394
caught in neverland in the place of many eyes make it be what they are allowed to realize,228.498,237.69
caught in neverland heat and fire snow and ice they call netherworld what we call a paradise caught in neverland and their spirits cannot rise from the netherworld they cant see the paradise,238.135,256.816
caught in neverland heat and fire snow and ice they call netherworld what we call a paradise caught in neverland and their spirits cannot rise from the netherworld they cant see the paradise,257.113,275.794
caught in neverland heat and fire snow and ice,276.091,280.687
