words,start,end
ive sung the blues for every broken heart in here time to light up this joint with some boogie woogie feelings move your hips ive too felt love now i leaves just to come back knocking at my door and make me bleed again,57.663,83.731
feel the chain no longer holds finding yourself or you find that soul feel the chain no longer holds reaching for answers that no one knows,83.835,98.318
should we spend each day like its the last day of our lives yeah why not be a king for a day ill make you queen and see how long it shines life aint always what it seems so grab it by the balls and do your best before it leaves,107.628,133.076
feel the chain no longer holds finding yourself or you find that soul feel the chain no longer holds reaching for answers that no one knows,133.387,147.663
feel the chain no longer holds finding yourself or you find that soul,152.731,160.387
in the rearview mirror only dessert and storm towards the sunset,192.352,204.145
