words,start,end
sometimes i feel like i dont have a partner sometimes i feel like my only friend is the city i live in the city of angels lonely as i am together we cry,28.456,51.505
i drive on her streets cause shes my companion i walk through her hills cause she knows who i am she sees my good deeds and she kisses me windy i never worry now that is a lie,57.496,80.224
i dont ever want to feel like i did that day take me to the place i love take me all the way i dont ever want to feel like i did that day take me to the place i love take me all the way yeah yeah yeah,86.535,114.111
its hard to believe in theres nobody out there its hard to believe that im all alone at least i have her love the city she loves me lonely as i am together we cry,120.285,143.243
i dont ever want to feel like i did that day take me to the place i love take me all the way i dont ever want to feel like i did that day take me to the place i love take me all the way yeah yeah yeah,149.096,176.398
oh no no no yeah love me i said yeah under the bridge downtown is where i drew some blood under the bridge downtown i could not get enough under the bridge downtown forgot about my love under the bridge downtown i gave my life away yeah yeah oh no no no yeah oh no i said yeah do i,177.267,233.837
