words,start,end
im tearing away pieces are falling i cant seem to make them stay you run away faster and faster you cant seem to get away break,8.933,37.579
hope theres a reason for questions unanswered i just dont see everything yes im inside you tell me how does it feel to feel like this just like i do o,52.128,78.068
i dont care about anyone else but me e i dont care about anyone i dont care about anyone else but me e i dont care about anyone,81.0,106.94
do o i really want this sometimes i scare myself i just cant let it go can you believe it everything happens for reasons i just dont kno ow,110.098,135.925
i dont care about anyone else but me e i dont care about anyone i dont care about anyone else but me e i dont care about anyone,138.97,164.91
or anything but me i dont care about anyone else but me e i dont care about anyone i dont care about anyone else but me e i dont care about anyone,165.587,229.872
or anything i dont care about anyone else but me e idont care about anyone,230.549,244.647
