words,start,end
lookin for a job in the city workin for the man every night and day and i never lost a minute of sleep worryin about the way things might have been,12.81,27.81
things we keep on turnin proud mary keeps on burnin rollin rollin rollin on a river,28.77,42.33
been a lot of places in memphis pumped a lot of pain down in new orleans but i never saw a good side of a city till i hitched a ride on a river boat queen,44.85,59.97
things we keep on turnin proud mary keeps on burnin rollin rollin rollin on a river,60.93,74.37
rollin rollin rollin on a river,111.33,117.21
if you come down to the river bet you gonna find some people who live you dont have to worry if you have no money people on the river are happy to give,131.97,146.91
things we keep on turnin proud mary keeps on burnin rollin rollin rollin on a river,147.93,161.31
rollin rollin rollin on a river,163.23,169.11
rollin rollin rollin on a river rollin rollin rollin on a river,171.03,184.53
