words,start,end
memories consume like opening the wound im picking me apart again you all assume im safe here in my room unless i try to start again,19.89,37.729
i dont want to be the one the battles always choos cause inside i realize that im the one confused,38.479,47.324
i dont know whats worth fighting for or why i have to scream i dont know why im instigate and say what i dont mean i dont know how i got this way i know its not alright so im breaking the habit,47.773,66.512
im breaking the habit tonight clutching my cure i tightly lock the door i try to catch my breath again i hurt much more than anytime before i have no options left again,66.962,95.445
i dont want to be the one the battles always choose cause inside i realize that im the one confused,96.044,105.039
i dont know whats worth fighting for or why i have to scream i dont know why im instigate and say what i dont mean i dont know how i got this way ill never be alright so im breaking the habit,105.339,124.077
im breaking the habit to night ill paint it on the walls cause im the one at fault ill never fight again and this is how it ends,124.527,148.213
i dont know whats worth fighting for or why i have to scream but now i have some clarity to show you what i mean i dont know how i got this way ill never be alright so im breaking the habit im breaking the habit im breaking the habit tonight,148.513,178.045
