words,start,end
tell me when will you be mine tell me quando quando quando we can share a love divine please dont make me wait again,14.469,33.886
when will you say yes to me tell me quando quando quando you mean happiness to me oh my love please tell me when,36.136,55.719
evry moments a day evry day seems a lifetime let me show you the way to a joy beyond compare,57.886,79.052
i cant wait a moment more tell me quando quando quando say its me that you adore and then darlin tell me when,79.719,100.469
evry moments a day evry day seems a lifetime let me show you the way to a joy beyond compare,123.552,145.469
i cant wait a moment more tell me quando quando quando say its me that you adore and then darlin tell me when oh my darlin tell me when mmm my darlin tell me when,145.552,179.386
