words,start,end
you can look but you cant touch i dont think i like you much heaven knows what a girl can do heaven knows what youve got to prove,8.311,24.478
i think im paranoid and complicated i think im paranoid manipulate it,24.576,38.689
bend me break me anyway you need me all i want is you bend me break me breaking down is easy all i want is you,44.295,62.157
i fall down just to give you a thrill prop me up with another pill if i should fail if i should fold i nailed my faith to the sticking pole,71.675,87.679
i think im paranoid manipulate it i think im paranoid and complicated,87.842,101.792
bend me break me anyway you need me all i want is you bend me break me breaking down is easy all i want is you,107.529,125.39
bend me break me anyway you need meall i want is you bend me break me breaking down is easy all i want is you,145.436,162.809
steal me deal me anyway you healme maim me tame me you can never change melove me like me come ahead and fight meplease me tease me go ahead and leave me,164.308,194.752
bend mebreak meanyway you need me as long as i want you baby its alright bend mebreak meanyway you need me as long as i want you baby its alright,198.141,215.482
