words,start,end
build a bridge to your mind takes me there everytime lay it all on the line if theres a way,26.934,37.702
build a bridge make a path overlook the aftermath make my tears be your bath if theres a way only if youll take a ride go with me to the other side even though its gonna crumble down ill keep building till you come around even though its gonna fall apart break my heart ill keep building till i die,39.696,88.549
build a bridge of memories stretch it out overseas to the end of the world if theres a way build a bridge made of pain send my longing down the drain have no reasons to complain if theres a way only if youll take a ride go with me to the other side,90.743,126.934
even though its gonna crumble down ill keep building till you come around even though its gonna fall apart break my heart ill keep building till i die,129.028,152.358
wait wait for me wait please wait for me wait wait for me wait please wait for me yeah,153.754,178.778
even though its gonna crumble down ill keep building till you come around even though its gonna fall apart break my heart ill keep building till i die,180.075,204.003
even though its gonna crumble down ill keep building till you come around even though its gonna fall apart break my heart ill keep building till i die,205.598,228.43
