words,start,end
1 2 3 4 im going away for a while but ill be back dont try and follow me cause ill return as soon as possible see im trying to find my place but it might not be here where i feel safe we all learn to make mistakes,0.236,38.348
and run from them from them with no direction well run from them from them with no conviction,38.648,55.83
cause im just one of those ghosts traveling endlessly dont need no roads in fact they follow me and we just go in circles,56.48,82.953
but now im told that this is life pain is just a simple compromise so we can get what we want out of it would someone care to classify a broken heart some twisted minds so i can find someone to rely on,83.103,100.985
and run to them to them full speed ahead oh you are not useless,100.985,114.921
we are just misguided ghosts traveling endlessly the ones we trusted the most,116.12,131.505
pushed us far away and theres no one road we should not be the same but im just a ghost and still they echo me they echo me in circles,133.802,164.472
