words,start,end
ah ah uptown girl shes been living in her uptown world i bet she never had a backstreet guy i bet her mama never told her why,1.89,21.554
im gonna try for an uptown girl shes been living in her white bread world as long as anyone with hot blood can and now shes looking for a downtown man thats what i am,22.25,38.201
and when she knows what she wants from her time and when she wakes up and makes up her mind shell see im not so tough just because im in love with an,39.187,60.939
uptown girl you know ive seen her in her uptown world shes getting tired of her high class toys and all her presents from her uptown boys shes got a choice,61.055,75.556
oh oh oh oh uptown girl you know i cant afford to buy her pearls but maybe someday when my ship comes in shell understand what kind of guy ive been and then ill win,76.484,105.428
and when shes walking shes looking so fine and when shes talking shell say that shes mine shell say im not so tough just because im in love,106.357,127.702
with an uptown girl shes been living in her white bread world as long as anyone with hot blood can and now shes looking for a downtown man thats what i am,127.934,142.725
oh oh,143.712,150.614
oh oh,151.194,157.749
uptown girl shes my uptown girl you know im in love with an uptown girl my uptown girl,158.213,170.684
you know im in love with an uptown girl my uptown girl you know im in love with an uptown girl,171.09,182.401
