words,start,end
one can have a dream baby two can make that dream so real one can talk about bein in love two can say how it really feels one can wish upon a star two can make that wish come,7.725,24.779
true yeah one can stand alone in the dark two can make the light shine through it takes two baby it takes two baby me and you just takes two it takes two baby it takes two baby to make a dream come true just takes two,24.83,55.649
oh one can have a broken heart livin in misery two can really ease the pain like a perfect remedy a one can be alone in the park like an island breeze all alone two can make just ah any place seem just like ah bein home,58.736,82.673
it takes two baby it takes two baby me and you just takes two it takes two baby it takes two baby to make a dream come true just takes two ooh ooh ooh ooh just takes two,83.027,122.297
just takes two ooh,124.423,128.471
one can go out to a movie lookin for a special treat two can make that single movie somethin really kinda sweet yeah one can take a walk in the moonlight thinkin that its really nice ah but two walkin ah hand in hand is like addin just a pinch of spice,128.775,152.206
yeah it takes two baby it takes two baby,152.256,158.531
me and you just takes two,159.139,163.39
