words,start,end
twisted you shaking my existence when im with you baby blisses all ive come to know come to me running i didnt see it coming blinded its so startling i dont want to let you go,7.669,34.11
a thousand church bells ringing i can hear the angels singing when you call my name your love is off the chain off the chain chain off the chain,36.669,50.999
the chemistry is crazy and you make me feel amazing and i cant explain your love is off the chain off the chain chain off the chain,51.283,65.271
your love off the chain your love your love off the chain chain off the chain your love off the chain your love your love coming just keep the magic coming you got me baby crushing,65.328,88.642
but it feels like so much more just when when i least expect it you make it feel so epic like nothing i felt before,89.211,109.227
a thousand church bells ringing i can hear the angels singing when you call my name your love is off the chain off the chain chain off the chain,109.454,123.613
the chemistry is crazy and you make me feel amazing and i cant explain your love is off the chain off the chain chain off the chain,123.954,138.0
your love off the chain your love your love off the chain chain off the chain your love off the chain your love your love,138.056,150.225
off the chain chain off the chain im not the type who gets crazy for someone,150.339,156.594
not like me tripping on like next to nothing guarded my heart like a diamond ring but love your love changes everything everything is changed everything is changed everything is changed your love is off the chain oh everything is changed everything is changed now everything is changed your l l l l loves off a thousand church bells ringing i can hear the angels singing when you call my name your love is off the chain off the chain chain off the chain,156.935,196.341
the chemistry is crazy and you make me feel amazing and i cant explain your love is off the chain off the chain chain off the chain,196.683,210.671
your love off the chain your love your love off the chain chain off the chain your love off the chain your love your love,210.785,222.897
your love your love your love loves your love your love your love loves your love your love your love loves off the,226.706,238.648
