words,start,end
i close both locks below the window i close both blinds and turn away sometimes solutions arent so simple sometimes goodbyes the only way,22.656,53.201
ahahah and the sun will set for you the sun will set for you and the shadow of the day will embrace the world in grey and the sun will set for you,53.747,89.201
in cards and flowers on your window your friends all plead for you to stay sometimes beginnings arent so simple sometimes goodbyes the only way,101.201,131.611
ahahah and the sun will set for you the sun will set for you and the shadow of the day will embrace the world in grey and the sun will set for you,132.292,167.747
and the shadow of the day will embrace the world in grey and the sun will set for you,186.838,202.929
and the shadow of the day will embrace the world in grey and the sun will set for you,221.747,238.042
