words,start,end
victor was born the spring of fortyfour and never saw his father anymore a child of sacrifice a child of war another son who never had a father after leningrad,22.102,49.024
went off to school and learned to serve the state followed the rules and drank his vodka straight the only way to live was drown the hate a russian life was very sad and such was life in leningrad,49.406,77.366
i was born in fortynine a cold war kid in mc carthy time stop em at the thirtyeighth parallel blast those yellow reds to hell,80.315,93.421
cold war kids were hard to kill under their desk in an air raid drill havent they heard we won the war what do they keep on fighting for,93.64,107.729
victor was sent to some red army town served out his time became a circus clown the greatest happiness hed ever found was making russian children glad and children lived in leningrad,110.35,138.037
the children lived in levittown and hid in the shelters underground till the soviets turned their ships around and tore all the cuban missiles down,140.767,153.764
and in that bright october sun we knew our childhood days were done and i watched my friends go off to war what do they keep on fighting for,153.928,167.744
and so my child and i came to this place to meet him eye to eye and face to face he made my daughter laugh then we embraced we never knew what friends we had until we came to leningrad,170.638,200.073
