words,start,end
im the invisible man im the invisible visible visible man incredible how you can see right through me,16.768,26.64
when you hear a sound that you just cant place feel somethin move that you just cant trace when something sits on the end of your bed dont turn around when you hear me tread,40.358,55.358
im the invisible man im the invisible man incredible how you can see right through me im the invisible man im the invisible man its criminal how i can see right through you,55.871,74.717
now im in your room and im in your bed and im in your life and im in your head like the cia or the fbi youll never get close never take me alive,82.281,97.409
im the invisible man im the invisible man incredible how you can see right through me im the invisible man im the invisible man its criminal how i can see right through you,97.922,116.512
hah hah hah hello hah hah hah okay hah hah hah hello hello hello hello,116.64,129.589
never had a real good friend not a boy or a girl noone knows what ive been through let my nag unfurl sol make my mark from the edge of the world,130.101,141.64
from the edge of the world from the edge of the world now im on your track and im in your mind and im on your back but dont look behind im your meanest thought im your darkest fear put ill never get caught you cant shake me shake me dear,142.024,191.512
im the invisible man im the invisible man incredible how you can see right through me im the invisible man its criminal how i can see right through you,191.896,210.614
