words,start,end
i thought i knew you well but all this time i could never tell i let you get away haunts me every night and every day you were the only one the only friend that i counted on how could i watch you walk away id give anything to have you here today but now i stand alone with my pride and dreams that youre still by my side,26.401,82.617
but that was yesterday i had the world in my hands but its not the end of my world just a slight change of plans that was yesterday but today life goes on no more hiding in yesterday cause yesterdays gone oh,83.658,119.769
love my love i gave it all thought i saw the light when i heard you call life that we both could share has deserted me left me in dispair but now i stand alone with my pride fighting back the tears i never let myself cry,134.538,165.379
but that was yesterday love was torn from my hands but its not the end of my world just a little hard to understand that was yesterday but today life goes on you wont find me in yesterdays world now yesterdays gone,166.485,197.391
good by yesterday now its over and done still i hope somewhere deep in your heart yesterday will live on oh,198.562,218.537
