words,start,end
oh yeah yeah,10.53,12.365
last night i took a walk in the snow couples holding hands places to go seems like everyone but me is in love santa can you hear me i signed my letter than i sealed with a kiss i sent if off it just said this i know exactly what i want this year santa can you hear me,18.074,42.949
i want my baby baby i want someone to love me someone to hold maybe maybe hell be all my own in my big red room,43.153,56.712
santa can you hear me i have been so good this year and all i want is one thing tell me my true love is here hes all i want just for me underneath my christmas tree ill be waiting here santa thats my only wish this year,56.814,83.83
oh yeah ye ah christmas eve i just cant sleep would i be wrong for taking a peek coz i heard that youre coming to town santa can you hear me i really hope that youre on your way with something special for me in your slei ght oh please make my wish come true santa can you hear me,86.379,121.245
i want my baby baby i want someone to love me someone to hold maybe maybe well be all alone under the mistletoe,121.449,134.906
santa can you hear me i have been so good this year and all i want is one thing tell me my true love is here hes all i want just for me underneath my christmas tree ill be waiting here santa thats my only wish this ye ar,135.109,161.82
i hope my letter reaches you in time bring me love i can call all mine coz i have been so good so good this year cant be alone under mistletoe hes all i want in a big red bow,164.266,190.365
santa can you hear me i have been so good this year and all i want is one thing tell me my true love is near hes all i want just for me underneath my christmas tree ill be waiting here santa thats my only wish this year,192.2,219.522
oh santa can you hear me o h oh santawell hes all i want just for me underneath my christmas tree ill be waiting here santa thats my only wish this ye ar santa thats my onl y wish this year,220.745,254.999
