words,start,end
the tide is high but im holdin on im gonna be your number one im not the kinda girl who gives up just like that oh no,29.761,48.961
its not the things you do that tease and hurt me bad but its the way you do the things you do to me im not the kinda girl who gives up just like that oh no,49.575,68.929
the tide is high but im holdin on im gonna be your number one number one,69.466,84.903
every girl wants you to be her man but ill wait my dear till its my turn im not the kinda girl who gives up just like that oh no,87.13,106.099
the tide is high but im holdin on im gonna be your number one number one number one,106.714,128.678
every girl wants you to be her man but ill wait my dear till its my turn im not the kinda girl who gives up just like that oh no,149.183,168.306
the tide is high but im holdin on im gonna be your number one number one number one,168.767,189.579
the tide is high but im holdin on im gonna be your number one the tide is high im holdin on im gonna be your number one,191.115,208.395
your number one the tide is high im holdin on im gonna be your number one,208.472,220.529
