words,start,end
she calls me from the cold just when i was low feeling short of stable and all that she intends and all she keeps inside isnt on the label,7.746,23.957
she says shes ashamed can she take me for awhile can i be a friend well forget the past but maybe im not able and i break at the bend,24.578,44.081
were here and now will we ever be again cause i have found all that shimmers in this world is sure to fade away again,44.206,65.386
she dreams a champagne dream strawberry surprise pink linen on white paper lavender and cream fields of butterflies reality escapes her,68.305,85.199
she says that love is for fools who fall behind and im somewhere in between i never really know a killer from a savior till i break at the bend,85.199,104.578
were here and now will we ever be again cause i have found all that shimmers in this world is sure to fade away again,104.827,126.38
its too far away for me to hold its too far away its too far away for me to hold its too far away yea,129.423,148.181
its too far away for me to hold its too far away too far away for me to hold its too far away,162.839,179.423
its too far away for me to hold too far away its too far away for me to holdtoo far away guess ill let it go,179.671,201.038
