words,start,end
let me hear you say hey hey hey hey hey hey al right now let me hear you say hey hey ho,3.042,11.406
hey hey ho i hate it when a guy doesnt get the door even though i told him yesterday and the day before i hate it when a guy doesnt get the tab and i have to put my money out and that looks bad,11.406,24.133
where are the hopes where are the dreams my cinderella story scene when do you think theyll finaly see,24.86,34.678
that youre not not not gonna get any better you wont wont wont you wont get rid of me never like it or not even though shes a lot like me were not the same and yeah yeah yeah,35.587,48.678
im a lot to han dle you dont know trouble im a hell of a scandal me im a scene im a drama queen im the best damn thing that your eyes have ever seen,48.678,59.406
alright alright yeah,60.497,63.406
i hate it when a guy doesnt understand why a certain time of month i dont wanna hold his hand i hate it when they go out and we stay in and they come home smelling like their exgirlfriend,65.042,76.497
but i found my hopes i found my dreams my cinderella story scene now evry bodys gonna see,77.042,87.042
that youre not not not gonna get any better you wont wont wont you wont get rid of me never like it or not even though shes a lot like me were not the same and yeah yeah yeah im a lot to handle you dont know trouble,87.951,104.133
im a hell of a scandal me im a scene im a drama queen im the best damn thing that your eyes have ever seen,104.133,111.769
a always give me what i want give me a v be very very good to me r are you gonna treat me right i i can put up a fight give me an l let me hear you scream loud,111.769,125.951
let me hear you scream loud 1 2 3 4 where are the hopes where are the dreams my cinderella story scene when do you think theyll finaly see,125.951,139.406
that youre not not not gonna get any better you wont wont wont you wont get rid of me never like it or not even though shes a lot like me were not the same and yeah yeah yeah im a lot to handle you dont know trouble,140.315,156.497
im a hell of a scandal me im a scene im a drama queen im the best damn thing that your eyes have ever seen,156.497,164.133
let me hear you say hey hey hey hey hey hey alright now let me hear you say hey hey ho,165.951,174.315
hey hey ho hey hey hey hey hey hey hey hey hey,174.315,184.133
im the best damn thing that your eyes have ever seen,184.133,187.406
