words,start,end
there you are in a darkened room and youre all alone looking out the window your heart is cold and lost the will to love like a broken arrow here i stand in the shadows,20.277,42.882
come to me come to me,44.369,47.046
cant you see that,47.046,48.831
nobody wants to be lonely nobody wants to cry my bodys longing to hold you so bad it hurts inside time is precious and its slipping away and ive been waiting for you all of my life nobody wants to be lonely tonight oh why dont you let me love you,49.426,87.796
oh why do you hear my voice do you hear my song its a serenade so your heart can find me and suddenly you flying down the stairs in to my arms baby,91.068,115.161
before i start going crazy,115.756,119.027
run to me cause im dying nobody wants to be lonely nobody wants to cry my bodys longing to hold you so bad it hurts inside time is precious and its slipping away and ive been waiting for you all of my life nobody wants to be lonely tonight oh why dont you let me love you,120.515,163.644
i want to feel you deeply just like the air youre breathing,164.536,172.121
i need you here in my life,172.864,175.839
dont walk away dont walk away nobody wants to be lonely nobody wants to cry,177.029,190.711
nobody wants to be lonely nobody wants to cry my bodys longing to hold you so bad it hurts inside time is precious and its slipping away and ive been waiting for you all of my life nobody wants to be lonely tonight why dont you let me love you,193.388,231.46
nobody wants to be lonely nobody wants to cry my bodys longing to hold you so bad it hurts inside,231.46,248.712
