words,start,end
love and marriage love and marriage go together like a horse and carriage this i tell you brother you cant have one without the other,13.454,30.67
love and marriage love and marriage its an institute you cant disparage ask the local gentry and they will say its elementary,30.942,47.887
try try try to separate them its an illusion try try try and you will only come to this conclusion,48.294,65.374
love and marriage love and marriage go together like a horse and carriage dad was told by mother you cant have one you cant have none you cant have one without the other,65.442,87.742
try try try to separate them its an illusion try try try and you will only come to this conclusion,112.957,129.767
love and marriage love and marriage go together like a horse and carriage dad was told by mother you cant have one you cant have none you cant have one without the other,130.038,151.863
