words,start,end
i got dosed by you and closer than most toyou and what am i supposed to do take it away i never had it anyway take it away and everything will be okay,19.234,42.022
in you a star is born and you cut a perfect form and someone forever warm lay on lay on lay on lay on lay on lay on lay on lay on,51.686,74.042
way upon the mountain where she died all i ever wanted was your life deep inside the canyon i cant hide all i ever wanted was your life,74.042,107.503
show love with no remorse and climb on to your seahorse and this ride is right on corse this is the way i wanted it to be with you this is the way i knew that it would be with you lay on lay on lay on lay on lay on lay on lay on lay on,111.542,143.128
way upon the mountain where she died all i ever wanted was your life deep inside the canyon i cant hide all i ever wanted wasyour life,143.272,176.446
i got dosed by you and closer than most to you and what am i supposed to do takeitaway i never had it anyway take it away and everything will be okay,194.042,217.551
way upon the mountain where she died all iever wanted was your life deep inside the canyon i cant hide all i ever wanted was your life,225.772,261.542
