words,start,end
flood gates cant wait here she comes shutem fast better shutem fast too late swept away feel the rush after the fact,4.477,16.964
coming up beneath me never been in love so deeply before,17.714,26.152
i am close to the waterline,27.689,32.827
i thought that id been over my head for the last time im so close to the waterline and the way im loving her now i know this is bound to go down as the big one,34.477,54.727
whistle blast lights flash throw a rope grab a hold feel the undertow she laughs waves crash whats the use i cant let her go,57.802,70.402
coming up beneath me never been in love so deeply before,71.002,79.477
i am close to the waterline,80.977,86.114
i thought that id been over my head for the last time im so close to the waterline and the way im loving her now i know this is bound to go down as the big one,87.727,108.052
flood gates cant wait here she comes shutem fast better shutem fast too late swept away feel the rush,111.127,122.002
i am close to the waterline and the way im loving her now i know this is bound to go down as the one,126.277,142.552
i am close to the waterline,152.677,157.814
i thought that id been over my head for the last time im so close to the waterline and the way im loving her now i know this is bound to go down as the big one,159.464,179.639
