words,start,end
job well done standing ovation yeah you got what you wanted i guess you won,6.944,21.569
and i dont wanna hear they dont know you like i do even i couldve told you but now were done,24.757,39.644
cause you play me like a symphony play me till your fingers bleed im your greatest masterpiece you ruin me later when the curtains drawn and no ones there for you back home dont cry to me you played me wrong you ruin me,41.182,82.882
i know you thought that i wouldnt notice you were acting so strange im not that dumb,84.232,99.232
and in the end i hope she was worth it i dont care if you loved me you make me numb,102.344,117.269
cause you play me like a symphony play me till your fingers bleed im your greatest masterpiece you ruin me later when the curtains drawn and no ones there for you back home dont cry to me you played me wrong you ruin me,118.582,160.844
were that song you wouldnt sing just a broken melody youre killing me,161.819,179.257
you play me like a symphony play me till your fingers bleed im your greatest masterpiece you ruin me and later when the curtains drawn and no ones there for you back home dont cry to me you played me wrong you ruin me,181.169,222.307
