words,start,end
so long to the hurt and stormy weather its time for a cleansing nice try but you cant avoid this forever i know it makes you feel good,2.87,23.745
feeding on yourself you search for a cure you want to be sure you dont loose control your want to be sure that this is really you,34.87,57.37
so long since i can even remember its time for renewal you know that you wont have one after you know it makes you feel good,58.995,79.995
feeding on yourself you search for a cure you want to be sure you dont loose control your want to be sure that this is really you,80.245,102.87
fell towards the fire shielded myself from sin things are looking brighter this is the way i want to look,105.62,124.745
so long to the hurt and stormy weather its time for a cleansing nice try but you cant control me forever,136.245,153.12
feeding on yourself you search for a cure you want to be sure you dont loose control ill allways be sure you want to be sure so long to the hurt youll always be there but you are gone to me,168.12,203.37
