words,start,end
calling all cars weve got another victim cause my love has become an affliction what did you expect from me what did you expect from me,0.525,11.329
im sorry but i think i failed to mention that i lied at my very first confession what did you expect from me what did you expect from me,23.204,33.918
cause this has been building since i have been breathing and i know how its going to end,34.096,44.454
so will you scatter my ashes where they wont be found i kept my word when i swore that i would let you down and now that im gone try to forget me and just move on so will you scatter my ashes where they wont be found i kept my word and you hate me for it now but you knew all along try to forget me and just move on,44.811,68.739
oh my dear what have i gone and done now its curtain call im about to take my last bow what did you expect from me what did you expect from me,68.918,79.632
without giving away the entire ending i ruined the evening again,79.811,90.168
so will you scatter my ashes where they wont be found i kept my word when i swore that i would let you down and now that im gone try to forget me and just move on so will you scatter my ashes where they wont be found i kept my word and you hate me for it now but you knew all along try to forget me and just move on,90.525,114.364
i dont have love left inside inside and i dont have love left inside inside are you desperate for an answer i dont have an ounce of good left in me now thats why i walked out,114.543,147.489
so will you scatter my ashes where they wont be found i kept my word when i swore that i would let you down and now that im gone try to forget me and just move on so will you scatter my ashes where they wont be found i kept my word and you hate me for it now you hate me for it now try to forget me and just move on,147.668,171.507
i am not the one that you should blame so take what i left you for the pain i am not the one that you should blame so take what i left you for the pain and do your best to forget my name,171.686,197.936
