words,start,end
fame is but a fruit tree so very unsound it can never flourish til its stock is in the ground so men of fame can never find a way til time has flown far from their dying day,30.449,90.164
forgotten why youre here remembered for a while a much updated ruin from a much outda ted style,95.415,108.853
life is but a memory happened long ago theatre full of sadness for a long forgotten show seems so easy just to let it go on by til you stop and wonder why you never wondered why,112.813,144.184
safe in the womb of an everlasting night you find the darkness can give the brightest light safe in your place deep in the earth thats when theyll know what you were realy worth,147.254,175.243
forgotten why youre here remembered for a while a much updated ruin from a much outdated style,177.957,190.149
fame is but a fruit tree so very unsound it can never flourish til its stock is in the ground so men of fame can never find a way til time has flown far from their dying day,198.203,229.173
instrumental 30 secfruit tree fruit tree no one knows you but the rain and the air dont you worry theyll stand and stare when youre gone fruit tree fruit tree open your eyes to another year theyll all know that you were here when youre gone,230.33,308.334
