words,start,end
oh send me off to war with a gun in my hand but i wont pull the trigger our destiny is here neath the red white and blue so lead me to the slaughter,17.249,33.801
now dont be afraid come and join the parade for the ultimate in sacrifice its an old fashioned story of hope and of glory a ticket for taking a liiife,34.602,50.354
i i dont want to be a hero i dont wanna die for you i dont wanna be a hero,51.956,65.305
no oh send me off to war in a far away land i never knew existed subject me to the truth to the horror and pain until my mind is twisted,66.639,85.061
and what if i fail will you put me in jail for a murder i will not commit cos you dont understand till theres blood on your hands that its time to forget and forgiiive,85.862,101.613
i i dont want to be a hero i dont want to die for you i dont want to be a hero,103.215,116.564
nooo and those who return come back only to leaaarn that theyre hated by those who they love cos youre not satisfied till the thousand will diiie and your anger is paint foor bloood,117.899,153.006
i i dont want to be a hero i dont want to die for you i dont want to be a hero,154.474,167.823
oooh yeah i i dont want to be a hero i dont want to die for you i dont want to be a hero,169.692,184.909
oh nooo i i dont want to be a hero i dont want to die for you,185.977,197.19
