words,start,end
ah ah ah ah ah ah ah ah ah come on hop on lets take a ride come and meet the travelers who came to town they have a tale from the past to tell from the great dark between the stars,6.494,61.697
we are a special speck of dust a fleeting moment on an ark a celebration a rest haven of life,62.671,73.191
lay on a field of green with mother eve with father pine reaching high look at yourself in the eyes of aye e aye unfolding rendezvous,74.944,87.217
deep into the past follow the aeon path greet a blade of grass every endless form most beautiful alive aware in awe before the grandeur of it all our floating pale blue ark of endless forms most beautiful,88.775,113.515
beyond aeons we take a ride welcoming the shrew that survived to see the tiktaalik take her first walk witness the birth of light,126.421,138.061
deeper down in panthalassa eukaryote finds her way we return to the very first one greet the one well soon become,139.23,151.259
lay on a field of green with mother eve with father pine reaching high look at yourself in the eyes of aye e aye unfolding rendezvous,151.259,163.532
deep into the past follow the aeon path greet a blade of grass every endless form most beautiful alive aware in awe before the grandeur of it all our floating pale blue ark of endless forms most beautiful,163.532,190.025
aaaaaaaaaaaah deep into the past follow the aeon path greet a blade of grass every endless form most beautiful alive aware in awe before the grandeur of it all our floating pale blue ark of endless forms most beautiful,268.24,299.165
