words,start,end
regrets collect like old friends here to relive your darkest moments i can see no way i can see no way and all of the ghouls come out to play and every demon wants his pound of flesh but i like to keep some things to myself i like to keep my issues drawn its always darkest before the dawn,1.906,37.286
and ive been a fool and ive been blind i can never leave the past behind i can see no way i can see no way im always dragging that horse around all of his questions such a mournful sound tonight im gonna bury that horse in the ground so i like to keep my issues drawn but its always darkest before the dawn shake it out shake it out shake it out shake it out oh wooh,37.356,76.923
shake it out shake it out shake it out shake it out oh wooh and its hard to dance with a devil on your back so shake him off oh wooh i am done with my graceless heart so tonight im gonna cut it out and then restart cause i like to keep my issues drawn its always darkest before the dawn shake it out shake it out shake it out shake it out oh wooh,76.993,112.653
shake it out shake it out shake it out shake it out oh wooh and its hard to dance with a devil on your back so shake him off oh wooh and its hard to dance with the devil on your back,112.722,129.471
and given half the chance would i take any of it back its a fine romance but its left me so undone its always darkest before the dawn,130.448,144.753
oh wooh oh wooh,145.102,150.336
and im damned if i do and im damned if i dont so heres to drinks in the dark at the end of my rope and im ready to suffer and im ready to hope its a shot in the dark and right at my throat cause looking for heaven for the devil in me looking for heaven for the devil in me well what the hell im gonna let it happen to me shake it out shake it out shake it out shake it out oh wooh shake it out shake it out shake it out shake it out oh wooh and its hard to dance with a devil on your back so shake him off oh wooh shake it out shake it out shake it out shake it out oh wooh,152.778,210.629
shake it out shake it out shake it out shake it out oh wooh and its hard to dance with a devil on your back so shake him off,210.908,220.12
oh wooh ooh,220.957,225.912
ooh ooh ooh,225.981,233.169
ooh ooh ooh,233.239,239.31
ooh ooh ooh,239.38,246.568
ooh ooh ooh,246.637,252.709
ooh ooh ooh,252.778,259.966
