words,start,end
ooh darkmeditationyour second sight can show mylight in crystal bowl sweet are the daysintoxication crowblack the nights caging my mind behind the wall,19.296,47.316
into the rock through walls of red dreams into rock to find the creaminto the rock through walls of red dreams pictured life from yesterday,47.96,63.635
into the rock through walls of red dreams into the rock to find the creaminto the rock through walls of red dreams pictured life from yesterday,64.279,80.382
ooh darkmeditationdeep down inside a stream oflight begins to flow sweet are the daysintoxication crowblack the nights cag ing my mind behind the wall,96.916,124.828
into the rock through walls of red dreams into the rock to find the creaminto the rock through walls of red dreams pictured life from yesterday,125.687,141.147
into the rock through walls of red dreams into the rock to find the creaminto the rock through walls of red dreams pictured life from yesterday,141.791,157.787
pictured life pictured lifepictured life from yesterday,179.473,190.961
