words,start,end
one two three four shapes made of four colored blocks,0.885,4.001
like a t or a box come down like falling bricks,4.136,7.658
you can place them in rows but everybody knows that they made this game for chicks,8.245,13.438
mom just loves to flip and stack flip and stack grandma says this shit is like crack well it is this is the game girls deserve,13.845,27.121
there is no learning curve which makes it great for noobs it will fill you with glee especially if you have a vag and boobs,27.211,36.514
your mom loves it mine does too mine does too call me sexist bitch its still true,36.965,47.306
just kidding about the bitch part deep in a girls dainty brain theres a spot near a vein which regulates their bliss once they see falling blocks the t spot unlocks,47.351,57.376
and they start to sing like this sing lalalalalalala,57.421,65.504
we love tetris lalalala here is a trick i have learned to avoid getting burned when you piss of your chick if you sing this on key,65.73,79.232
immediately shell forget that youre a dick lalalalalalala lalalalalalalala tetris helps when chicks want to neuter us if you love it you propably have a uterus so i was kinda trying to,79.322,110.21
communicate that i think women enjoy tetris a lot is that,110.21,114.319
