words,start,end
coffee black cigarette start this day like all the rest first thing every morning that i do is start missing you,9.754,26.404
some broken hearts never mend some memories never end some tears will never dry my love for you will never die,30.72,48.141
rendezvous in the night a willing woman to hold me tight but the middle of loves embrace i see your face,71.573,88.377
some broken hearts never mend some memories never end some tears will never dry my love for you will never die,92.231,109.652
some broken hearts never mend some memories never end some tears will never dry my love for you will never die,111.964,129.384
