words,start,end
l is for the way you look at me o is for the only one i see v is very very extraordinary e is even more than anyone that you adore can,7.497,32.224
love is all that i can give to you love is more than just a game for two two in love can make it take my heart and please dont break it love was made for me and you,32.321,56.417
l is for the way you look at me o is for the only one i see v is very very extraordinary e is even more than anyone that you adore can,82.453,106.938
love is all that i can give to you love is more than just a game for two two in love can make it take my heart and please dont break it love was made for me and you,107.035,130.598
love was made for me and you love was made for me and you,131.374,144.222
