words,start,end
if you believe in the power of magic i can change your mind and if you need to believe in someone turn and look behind when we were living in a dream world clouds got in the way we gave it up in a moment of madness and threw it all away,18.546,51.068
dont answer me dont break the silence dont let me win dont answer me stay on your island dont let me in run away and hide from everyone can you change the things weve said and done,52.263,82.396
if you believe in the power of magic its all a fantasy so if you need to believe in someone just pretend its me it aint enough that we meet as strangers i cant set you free so will you turn your back forever on what you mean to me,85.316,117.838
dont answer me dont break the silence dont let me win dont answer me stay on your island dont let me in run away and hide from everyone can you change the things weve said and done,119.033,149.033
dont answer me dont break the silence dont let me win dont answer me stay on your island dont let me in run away and hide from everyone,185.537,207.44
dont answer me dont break the silence dont let me win dont answer me stay on your island dont let me in can you change the things weve said and done,210.493,232.263
