words,start,end
its empty in the valley of your heart the sun it rises slowly as you walk away from all the fears and all the faults youve left behind,16.376,27.647
the harvest left no food for you to eat you cannibal you meat eater you see but i have seen the same i know the shame in your defeat,29.393,40.718
but i will hold on hope and i wont let you choke on the noose around your neck and ill find strength in pain and i will change my ways ill know my name as its called again,43.417,63.102
cause i have other things to fill my time you take what is yours and ill take mine now let me at the truth which will refresh my broken mind,77.813,89.455
so tie me to a post and block my ears i can see widows and orphans through my tears i know my call despite my faults and despite my growing fears,91.202,103.267
but i will hold on hope and i wont let you choke on the noose around your neck and ill find strength in pain and iill change my ways ill know my name as its called again,105.754,125.969
so come out of your cave walking on your hands and see the world hanging upside down you can understand dependence when you know the makers land,133.589,145.443
so make your sirens call and sing all you want i will not hear what you have to say,147.771,157.879
cause i need freedom now and i need to know how to live my life as its meant to be,157.931,168.251
and i will hold on hope and i wont let you choke on the noose around your neck and ill find strength in pain and i will change my ways ill know my name as its called again,190.0,212.278
