words,start,end
we all got lonely days get stuck in a phase i can see the sun is shining bright right on through the haze,56.345,67.654
i complain to say is this really my life now that im over you and im sober too i can finally feel alive,67.771,78.786
but i wont give you my heart cause it dont break twice just to let you know let you know,78.845,89.568
and if you play the part and play it real nice baby ill let go ill let go,89.861,100.583
im sure youll tell me anything under the sun like how you think im special and the only one cause normally ill probably just get up and run but you looking so damn good to me under the sun,101.872,122.615
under the sun,127.595,129.353
are we on the same page dont need to play all these games just to get a little feel of sunshine on my face,132.693,144.236
and i got paid today is this really my life now that im over you and im sober too i can finally feel alive,144.294,155.31
but i wont give you my heart cause it dont break twice just to let you know let you know,155.427,166.208
and if you play the part and play it real nice baby ill let go ill let go,166.384,177.282
im sure youll tell me anything under the sun like how you think im special and the only one cause normally ill probably just get up and run but you looking so damn good to me under the sun,178.454,199.138
well do you get do you get what i need na na na na na na could you show me something that i want to see na na na na na na and maybe you could get underneath na na na na na na if you watch the sun go down on me go down on me,199.782,221.697
im sure youll tell me anything under the sun like how you think im special and the only one cause normally ill probably just get up and run but you looking so damn good to me under the sun,222.224,242.966
