words,start,end
like a grain on the beach like a star in the sky far too many to count with the naked eye they will see you,22.686,38.789
go ahead walk on by you dont know im alive maybe one day youll find you should open your eyes you dont know me,39.848,55.862
youre the one who looked right through me and now youre saying that you knew me when i was invisible,56.568,66.671
and youre the one who walked right through me and now youre saying that you knew me when i was invisible little things adding up try so hard not to rush giving in letting go of the world we know they wont see you,67.642,96.01
force it down lose the taste they all think its a waste we dont need to believe every word they say now they dont know me,96.804,113.039
youre the one who looked right through me and now youre saying that you knew me when i was invisible and youre the one who walked right through me and now youre saying,113.612,128.877
that you knew me when i was invisible its so easy to be lost but maybe youre not lost at all,129.098,150.142
whoa whoa do you recognize me whoa whoa do you know who i am whoa whoa do you see me now do you see me now,151.377,172.598
youre the one who looked right through me now youre saying that you knew me when i was invisible and youre the one who walked right through me and now youre saying that you knew me when i was whoa invisible im invisible im invisible,173.48,211.421
