words,start,end
theres a place in your heart and i know that it is love and this place could much brighter than tomorrow and if you really try youll find theres no need to cry in this place youll feel theres no hurt or sorrow there are ways to get there if you care enough for the living make a little space make a better place,71.674,106.696
heal the world make it a better place for you and for me and the entire human race there are people dying if you care enough for the living make a better place for you and for me,107.252,130.229
if you want to know why theres a love that cannot lie love is strong it only cares for joyful giving if we try we shall see in this bliss we cannot feel fear or threat we stop existing and start living then it feels that always loves enough for us growing make a better world oh make a better world,134.027,168.956
heal the world make it a better place for you and for me and the entire human race there are people dying if you care enough for the living make a better place for you and for me,169.605,192.397
and the dream we would conceived in will reveal a joyful face and the world we once believed in will shine again in grace then why do we keep strangling life wound this earth crucify its soul,193.694,210.927
though its plain to see this world is heavenly be gods glow we could fly so high let our spirits never die in my heart i feel you are all my brothers create a world with no fear together well cry happy tears well see the nations turn their swords into plow shares we could really get there if you cared enough for the living make a little space to make a better place heal the world,211.483,254.565
make it a better place for you and for me and the entire human race there are people dying if you care enough for the living make a better place for you and for me,255.584,275.226
heal the world make it a better place for you and for me and the entire human race there are people dying if you care enough for the living make a better place for you and for me,276.337,298.944
heal the world make it a better place for you and for me and the entire human race there are people dying if you care enough for the living make a better place for you and for me,300.056,322.662
there are people dying if you care enough for the living make a better place for you and for me,323.681,334.336
there are people dying if you care enough for the living make a better place for you and for me for a better place for a better place for a better place heal the world we live in save it for our children heal the world we live in save it for our children heal the world we live in save it for our children,335.541,374.176
heal the world we live in save it for our children,374.824,381.588
