words,start,end
friday night im goin nowhere all the lights are changin green to red turnin over tv stations situations runnin through my head,15.58,28.995
lookin back through time you know its clear that ive been blind ive been a fool to open up my heart to all that jealousy that bitterness that ridicule,32.694,46.599
if you want it come and get it cryin out loud the love that i was givin you was never in doubt,50.922,65.941
let go your heart let go your head and feel it now let go your heart let go your head and feel it now,67.724,82.966
babylon babylon,83.59,88.938
saturday im runnin wild and all the lights are changin red to green movin through the crowds im pushin chemicals all rushin in my bloodstream,92.637,106.453
only wish that you were here you know im seein it so clear ive been afraid to show ya how i really feel admit to some of those bad mistakes ive made,109.26,124.235
well if you want it come and get it cryin out loud the love that i was givin you was never in doubt,125.839,142.909
let go your heart let go your head and feel it now let go your heart let go your head and feel it now,144.736,160.067
let go your heart let go your head and feel it let go your heart let go your head,161.939,174.284
and feel it now babylon babylon babylon,174.641,189.749
babylon babylon why why why why why why,192.467,202.049
