words,start,end
all we are is entertainment caught up in our own derangement tell us what to say and what to do all we are are pretty faces picture perfect bottled rage packaged synthesized versions of you,26.733,45.297
weve all made petty fortunes but we cant afford a life confined to pull out quotes and hotel rooms they all scream california and its toppling empire but cant you see the end is coming soon hey,45.446,65.792
come one come all the new sensation guarantees then obligations spotlights follow every single move basking here on ten foot stages pouty lips and oh so jaded all as if we have something to prove,74.183,92.971
despite these petty fortunes we still cant afford a life confined to pull out quotes and hotel rooms they all scream california and its toppling empire but cant you see the end is here,93.268,111.461
and if we cared at all about this unknown plight then wed do something more to finally make this right,129.728,140.347
is this only entertainment pull the curtains places please weve learned to sing and dance and cry on cue but this is more than entertainment in a world so sick with pain this is the only thing thats real or true,140.495,170.495
weve all made petty fortunes but we cant afford a life confined to pull out quotes and hotel rooms they all screambloody murder over graves already dug but cant you see the,170.718,186.461
