words,start,end
you say you want diamonds on a ring of gold you say you want youre story to remain untold but all the promises we make from the cradle to the grave when all i want is you,10.274,48.476
you say youll give me a highway with no one on it treasure just to look upon it all the riches in the night,56.857,76.2
you say youll give me eyes in the moon of blindness a river in a time of dryness a harbour in the tempest but all the promises we make from the cradle to the grave when all i want is you,77.65,115.69
you say you want your love to work out right to last with me through the night,134.388,148.733
you say you want diamonds on a ring of gold your story to remain untold your love not to grow cold all the promises we break from the cradle to the grave when all i want is you,149.862,187.257
you all i want is you all i want is you all i want is you,207.244,226.264
