words,start,end
theres a place up ahead and im goin just as fast as my feet can fly come away come away if youre goin leave the sinking ship behind,17.006,30.699
come on the risin wind were goin up around the bend ooh,31.507,39.623
bring a song and a smile for the banjo better get while the gettins good hitch a ride to the end of the highway where the neons turn to wood,40.969,54.701
come on the risin wind were goin up around the bend ooh,55.355,63.587
you can ponder perpetual motion fix your mind on a crystal day always time for good conversation theres an ear for what you say,64.818,78.473
come on the risin wind were goin up around the bend yeah,79.28,87.666
ooh catch a ride to the end of the highway and well meet by the big red tree theres a place up ahead and im goin come along come along with me,110.36,126.246
come on the risin wind were goin up around the bend yeah,127.053,135.439
doo doo doo doo doo doo doo doo doo doo doo doo doo doo doo doo yeah doo doo doo,137.862,153.902
