words,start,end
well i was born the year that disco died and u2 was in high school thank the lord that they survived got my first taste on a seger fourtyfive and since that kiss i rocked all day and partied every night,9.632,25.209
we still argue bout whos better elton john or billy joel we still wonder if kurt really wrote the song she sang in hole no one ever stop believing this the journey of our lives so wont you help me pour some sugar on these memories tonight,25.472,42.101
sing it long live rock long live roll long live big guitars and music for the soul sing it dont give up dont grow old long live crazy nights and records made of gold long live rock and roll,42.364,63.199
summer of ninetysix i got my first guitar i played it till my fingers said youre gonna be a star grunge was everything at least it was to me a marshall in my chevy sprint just runnin down a dream,64.185,79.893
we still argue bout whos better motley crue or g n r we still cant believe van halen turned into van hagar now the record shops are gone for good and no one seems to care but me and you and all our friends keep living on that prayer sing it long live rock long live roll long live big guitars and music for the soul sing it dont give up dont grow old long live crazy nights and records made of gold long live rock and roll,80.222,117.883
oh oh ooohhh oh oohh oh oh ooohhh oh oohh oh oh ooohhh oh oohh oh oh ooohhh oh oohh went to bed in cleveland woke up in tennessee no matter where ill roam tonight im chasing history,118.146,144.633
we still argue boutwhos better the beatles or the stones theyre forever twentyseven jimmy janis brian jones and we stand here in their memry cause their songs they still survive so throw your lighters up and darling sing with me to night come on long live rock long live roll long live big guitars and music for the soul sing it dont give up dont grow old long live crazy nights and records made of gold long live rock and roll,146.408,184.135
long live rock long live roll long live big guitars and music for the soul sing it dont give up dont grow old long live crazy nights and records made of gold long live rock and roll,185.055,210.359
