words,start,end
my love ill never find the words my love to tell you how i feel my love mere words could not explain precious love you held my life within your hands created everything i am taught me how to live again,12.112,61.084
only you cared when i needed a friend believed in me through thick and thin this song is for you filled with gratitude and love,64.88,89.271
god bless you you make me feel brand new for god blessed me with you you make me feel brand new i sing this song cause you make me feel brand new,91.264,124.671
my love whenever i was insecure you built me up and made me sure you gave my pride back to me precious friend with you ill always have a friend youre someone whom i can depend to walk a path that sometimes ends,134.637,183.798
without you life has no meaning or rhyme like notes to a song out of time how can i repay you for having faith in me,186.171,210.467
god its you you make me feel brand new for god blessed me with you you make me feel brand new i sing this song for you youre makin me feel so brand new,211.985,245.582
whoa huh honey makin me makin me makin me feel so new wow you you make me feel brand new make me feel so brand new you make me feel brand new god has blessed me with you wow you make me feel brand new make me feel brand new,246.911,297.496
