words,start,end
a long long time ago i can still remember how that music used to make me smile and i knew if i had my chance that i could make those people dance and maybe theyd be happy for a while,0.046,22.758
but february made me shiver with evry paper id deliver bad news on the doorstep i couldnt take one more step,25.681,38.957
i cant remember if i cried when i read about his widowed bride something touched me deep inside the day the music died,41.045,59.665
so bye bye miss american pie drove my chevy to the levee but the levee was dry them good old boys were drinkin whiskey and rye singing this will be the day that i die,63.339,81.542
this will be the day that i die did you write the book of love and do you have faith in god above if the bible tells you so now do you believe in rock n roll can music save your mortal soul and can you teach me how to dance,82.962,110.934
re eal slo ow well i know that youre in love with him cause i saw you dancin in the gym you both kicked off your sho oes man i dig those rhythm and blu ues,111.101,127.885
i was a lonely teenage broncin buck with a pink carnation and a pickup truck but i knew i was out of luck the day the music died,127.969,142.999
i started singing bye bye miss american pie drove my chevy to the levee but the levee was dry them good old boys were drinkin whiskey and rye singing this will be the day that i die,144.168,159.031
this will be the day that i die now for ten years weve been on our own and moss grows fat on a rolling stone but thats not how it used to be when the jester sang for the king and queen,159.782,180.156
in a coat he borrowed from james dean and a voice that came from you and me oh and while the king was looking down the jester stole his thorny crown the cardroom was adjourned no verdict was returned,180.323,204.371
and while lennon read a book on marx the quartett practised in the park and we sang dirges in the da ark the day the music died,204.705,219.986
we were singing by ye bye miss american pie drove my chevy to the levee but the levee was dry them good old boys were drinkin whiskey and rye singing this will be the day that i die this will be the day that i die helter skelter in a summer swelter the byrds flew off with a fall out shelter,221.071,248.042
8 miles high and falling fa a a a a ast landed fou oul o on the grass the players tried for a forward pass with the jester on the sidelines in a ca a ast now the half time air was sweet perfume while sergeants played a marching tu une we all got up to da ance oh but we never got the cha ance,248.877,280.357
cause the players tried to take the field the marching band refused to yi ield do you recall what was revealed the day the music died,281.442,296.556
we started singing by ye bye miss american pie drove my chevy to the levee but the levee was dry them good old boys were drinkin whiskey and rye singing this will be the day that i die,297.725,312.504
this will be the day that i die oh and there we were all in one place a generation lost in space with no time left to start again so come on jack be nimble jack be quick jack flash sat on a candlestick cause fire is the devils only fri i iend,313.256,341.98
oh and as i watched him on the stage my hands were clinched in fists of rage no angel born in hell could break that satans spe ell,344.067,356.843
and as the flames climbed high into the night to l light the sacrificial rite i saw satan laughing with delight the day the music died,357.177,372.958
we were singing by ye bye miss american pie drove my chevy to the levee but the levee was dry them good old boys were drinkin whiskey and rye singing this will be the day that i die,374.211,388.991
this will be the day that i die i met a girl who sang the blues and i asked her for some happy news she just smi iled and turned away i went do own to the sacred store where id heard the music years before but the man there said the music wouldnt pla a a ay,389.826,420.637
in the streets the children screamed the lovers cried and the poets dreamed but not a word was spoken the churchbells all were bro oken,423.142,436.92
and the three men i admire most the father son and the holy ghost they caught the last train for the coast the day the music died,439.007,456.542
and they were singing bye bye miss american pie drove my chevy to the levee but the levee was dry them good old boys were drinkin whiskey and rye singing this will be the day that i die,458.045,480.256
this will be the day that i die they were singing bye bye miss american pie drove my chevy to the levee but the levee was dry them good old boys were drinkin whiskey and rye singing this will be the day that i die,482.344,507.394
