words,start,end
riders on the storm riders on the storm into this house were born into this world were thrown like a dog without a bone an actor out alone riders on the storm,45.936,71.286
theres a killer on the road his brain is squirmin like a toad take a long hollyday let your children play if you give this man a ride sweet memory will die killer on the road yeah,73.461,102.111
girl you gotta love your man girl you gotta love your man take him by the hand make him understand the world on you depends our life will never end gotta love your man yeah,134.736,163.236
riders on the storm riders on the storm into this house were born into this world were thrown like a dog without a bone an actor out alone riders on the storm,302.361,328.386
riders on the storm riders on the storm riders on the storm riders on the storm,349.386,367.086
