words,start,end
this is nothing like it was in my room in my best clothes trying to think of you this is nothing like it was in my room in my best clothes,26.743,46.52
the english are waiting and i dont know what to do in my best clothes this is when i need you the english are waiting and i dont know what to do in my best clothes,52.839,72.822
im the new blue blood im the great white hope im the new blue blood,74.44,83.918
i wont fuck us over im mister november im mister november i wont fuck us over wont fuck us over im mister november im mister november i wont fuck us over,85.459,99.02
i wish that i believed in fate i wish i didnt sleep so late i used to be carried in the arms of cheerleaders i used to be carried in the arms of cheerleaders i used to be carried in the arms of cheerleaders,106.161,130.844
im the new blue blood im the great white hope im the new blue blood,133.541,143.147
i wont fuck us over im mister november im mister november i wont fuck us over wont fuck us over im mister november im mister november i wont fuck us over,144.637,157.916
i wont fuck us over i wont fuck us over,158.044,161.152
i wont fuck us over im mister november,161.281,164.877
i wish that i believed in fate i wish i didnt sleep so late i used to be carried in the arms of cheerleaders i used to be carried in the arms of cheerleaders i used to be carried in the arms of cheerleaders,171.966,196.649
im the new blue blood im the great white hope im the new blue blood,212.445,222.0
i wont fuck us over im mister november im mister november i wont fuck us over,223.541,230.425
