words,start,end
whoo hoo whoo hoo whoo hoo whoo hoo whoo hoo whoo hoo whoo hoo whoo hoo and id tear out the pages that ive got in these books just to find you some words just to get some reward and ill show you all the photographs that i ever got took and ill play you old forty fives,20.457,62.92
that now mean nothing to me and youre a real gone kid maybe now baby maybe now baby maybe now baby ill do what i should have did,63.912,85.089
whoo hoo whoo hoo whoo hoo whoo hoo now ive stood on your shadow and ive watched it grow and its shaken and its driven me and let me know let me know let me know let me know about all the old forty fives,90.493,110.567
and the paperback rooms and its scattered all the photographs of summers and suns and youre a real gone kid maybe now baby maybe now baby maybe now baby ill do what i should have did cause your a real gone kid,112.221,146.192
whoo hoo whoo hoo whoo hoo whoo hoo whoo hoo whoo hoo whoo hoo whoo hoo i cried and i craved hoped and i saved and i put away those souvenirs souvenirs souvenirs i cried and i craved hoped and i saved and i put away those souvenirs souvenirs souvenirs,149.39,174.427
youre a real gone kid,174.537,176.523
maybe now baby maybe now baby maybe now baby ill do what i should have did cause youre a real gone kid,178.508,199.574
whoo hoo whoo hoo whoo hoo whoo hoo whoo hoo whoo hoo whoo hoo whoo cause youre a real gone kid,203.986,218.986
youre a real gone kid,221.523,226.265
cause youre a real gone kid cause youre a real gone kid,228.692,240.824
