words,start,end
all along it was a fever a cold with high headed believers i threw my hands in the air said show me something he said if you dare come a little closer,17.729,46.853
round and around and around and around we go oh now tell me now tell me now tell me now you know,51.741,65.064
not really sure how to feel about it something in the way you move,69.148,75.509
makes me feel like i cant live without you it takes me all the way,77.183,83.945
i want you to stay its not much of a life youre living its not just something you take its given round and around and around and around we go oh now tell me now tell me now tell me now you know,84.681,125.054
not really sure how to feel about it something in the way you move,129.138,135.498
makes me feel like i cant live without you it takes me all the way,137.172,143.934
i want you to stay ooh,144.671,157.392
the reason i hold on ooh cause i need this hole gone funny youre the broken ones but im the only one who needed saving cause when you never see the lights its hard to know which one of us is caving,157.659,186.717
not really sure how to feel about it something in the way you move,189.127,195.889
makes me feel like i cant live without you it takes me all the way,197.161,204.325
i want you to stay stay,204.794,219.925
i want you to stay ooh,221.867,228.83
