words,start,end
bus stop wet day shes there i say please share my umbrella bus stop bus goes she stays love grows under my umbrella,7.174,20.545
all that summer we enjoyed it wind and rain and shine that umbrella we employed it by august she was mine evry morning i would see her waiting at the stop,21.387,41.331
sometimes shed shopped and she would show me what she bought all the people stared as if we were both quite insane someday my name and hers are going to be the same,41.668,63.073
thats the way the whole thing started silly but its true thinkin of a sweet romance beginning in a queue,64.702,77.343
came the sun the ice was melting no more sheltering now nice to think that that umbrella lend me to a vow evry morning i would see her waiting at the stop,78.859,98.803
sometimes shed shopped and she would show me what she bought all the people stared as if we were both quite insane someday my name and hers are going to be the same,98.972,120.264
bus stop wet day shes there i say please share my umbrella bus stop bus goes she stays love grows under my umbrella,121.893,135.376
all that summer we enjoyed it wind and rain and shine that umbrella we employed it by august she was mine and evry morning i would see her waiting at the stop,136.219,170.32
sometimes shed shopped and she would show me what she bought all the people stared as if we were both quite insane someday my name and hers are going to be the same,170.489,191.781
bus stop wet day shes there i say please share my umbrella,200.657,207.005
all that summer we enjoyed it wind and rain and shine that umbrella we employed it by august she was mine,207.792,221.837
