words,start,end
right now,7.534,10.275
i am an antichrist i am an anarchist ah dont know what i want but i know how to get it i wanna destroy passers by,16.484,30.021
cause i wanna be yeah anarchy no dogs body,30.3,43.557
anarchy for the uk ah its coming sometime ah maybe ya ah give the wrong time stop a traffic line ah your future dream is a shopping scheme,45.068,58.716
cause i i wanna be anarchy in the city,58.94,72.644
not many ways to get what you want i use the best i use the rest i use the enemy ah i use anarchy,92.949,106.934
cause i wanna be yeah anarchy its the only way to be,107.045,121.421
is this the mpla ah or is this the uda ah or is this the ira ah i thought it was the uk,136.189,149.781
or just another country another council tenancy,150.061,164.269
i wanna be yeah anarchy and i wanna be yeah anarchy know what i mean and i wanna be yeah anarchist i get all pissed destroy,164.828,208.85
