words,start,end
good evening here is the news we have the chance to turn the pages over we can write what we wanna write we gotta make ends meet before we get much older,4.64,52.591
were all someones daughter were all someones son how long can we look at each other down the barrel of a gun,58.562,77.181
youre the voice try and understand it make a noise and make it clear oh whoa were not gonna sit in silence were not gonna live with fear oh whoa,77.795,99.751
this time you know we all can stand together with the power to be powerful believin we can make it better,99.926,119.071
ooh were all someones daughter were all someones son how long can we look at each other down the barrel of a gun,125.043,147.438
youre the voice try and understand it make a noise and make it clear oh whoa were not gonna sit in silence were not gonna live with fear oh whoa ooh,148.14,196.354
were all someones daughter were all someones son how long can we look at each other down the barrel of a gun,196.442,217.783
youre the voice try and understand it make a noise and make it clear oh whoa were not gonna sit in silence were not gonna live with fear oh whoa oh whoa were not gonna sit in silence were not gonna live with fear oh whoa,218.485,262.923
youre the voice try and understand it oh whoa were not gonna sit in silence were not gonna live with fear whoa,263.45,285.405
youre the voice try and understand it make a noise and make it clear oh whoa,285.932,296.647
