words,start,end
for whom the gun tolls for whom the prey weeps bow before a war call it religion,41.905,52.378
some wounds never heal some tears never will dry for the unkind cry for mankind,52.716,63.189
even the dead cry their only comfort kill your friend i dont care orchid kids blinded stare,63.527,74.0
need to understand no need to forgive no truth no sense left to be followed,74.422,84.557
facing this unbearable fear like meeting an old friend in this world of a million,144.946,157.53
religions everyone prays the same way father help me save me a place by your side drunk with the blood of your victims i do feel your pitywanting pain lust for fame a deadly game,157.614,203.138
cursing god why falling for every lie survivors guilt in us forevermore,209.641,220.03
fiveteen candles redeemers of this world dwell in hypocrisy how were we supposed to know,220.368,230.841
