words,start,end
one two three four shapes made of four colored blocks like a t or a box,8.333,12.848
come down like falling bricks you can place them in rows but everybody knows that they made this game for chicks mom just loves to flip and stack,13.116,25.768
flip and stack grandma says this shit is like crack,25.813,31.445
well it is this is the game girls deserve there is no learning curve,31.58,35.782
which makes it great for noobs it will fill you with glee,36.005,40.029
especially if you have a vag and boobs your mom loves it mine does too,40.431,48.657
mine does too call me sexist bitch its still true,48.702,54.29
just kidding about the bitch part deep in a girls dainty brain,54.335,57.106
theres a spot near a vein,57.151,58.582
which regulates their bliss once they see falling blocks,58.85,62.918
the t spot unlocks and they start to sing like this sing,63.142,66.763
lalalalalalala we love tetris lalalala here is a trick i have learned to avoid getting burned when you piss of your chick if you sing this on key immediately shell forget that youre a dick lalalalalalala,66.852,95.195
lalalalalalalala tetris helps when chicks want to neuter us if you love it you propably have a uterus,95.419,112.988
so i was kinda trying to communicate that i think women enjoy tetris a lot is that,114.821,120.633
