words,start,end
when are you gonna come down when are you going to land i should have stayed on the farm should have listened to my old man,18.005,32.229
you know you cant hold me forever i didnt sign up for you im not a present for your friends to open this boys too young to be singing the blues ah ah,33.522,60.29
so goodbye yellow brick road where the dogs of society howl you cant plant me in your penthouse im going back to my plough,60.936,75.936
back to the howling old owl in the woods hunting the horny back toad oh ive finally decided my future lies beyond the yellow brick road ah ah ah,76.841,106.195
what do you think youll do then i bet thatll shoot down your plane itll take you a couple of vodka and tonics to set you on your feet again,108.91,123.264
maybe youll get a replacment theres plenty like me to be found mongrels who aint got a penny sniffing for tidbits like you on the ground ah ah,124.945,151.841
so goodbye yellow brick road where the dogs of society howl you cant plant me in your penthouse im going back to my plough,152.488,167.876
back to the howling old owl in the woods hunting the horny back toad oh ive finally decided my future lies beyond the yellow brick road ah ah ah,169.04,199.428
