words,start,end
remember all the times that we used to play you were lost and i would save you i dont think those feelings will ever fade you were born apart of me i was never good at hiding anything my thoughts break me,13.867,35.675
do you understand what you mean to me you are my faith wont you cure my tragedy wont you cure my tragedy dont take her smile away from me shes broken and im far away wont you cure my tragedy wont you cure my tragedy if you made the world a stage for me then i hope that you can hear me scream,35.79,72.252
when i sit and think of the days we shared and the nights you covered for me every little thing that i ever did you would standby me every time you cried it would take my wind my heart would break if i could be strong like youwere for me,79.059,104.329
you are my faith wont you cure my tragedy wont you cure my tragedy dont take her smile away from me shes broken and im far away if you made the world a stage for me then i hope that you could hear me scream,104.79,133.636
can you hear me scream can you hear me scream wont you cure my tragedy wont you cure my tragedy dont take her smile away from me shes broken and im far away wont you cure my tragedy wont you cure my tragedy if you made the world a stage for me then i hope that you can hear me scream,135.829,190.752
i cant take this anymore i cant feel this anymore wont you take and give her pain to me cause my whole life ive made mistakes,194.675,209.905
