words,start,end
like a circle in a spiral like a wheel within a wheel never ending on beginning on an everspinning reel like a snowball down a mountain or a carnival balloon like a carousel thats turning running rings around the moon like a clock whose hands are sweeping past the minutes on its face and the world is like an apple spinning silently in space like the circles that you find in the windmills of your mind,17.373,55.969
like a tunnel that you follow to a tunnel of its own down a hollow to a cavern where the sun has never shone like a door that keeps revolving in a halfforgotten dream like the ripples from a pebble someone tosses in a stream like a clock whose hands are sweeping past the minutes on its face and the world is like an apple spinning silently in space like the circles that you find in the windmills of your mind,60.351,99.283
keys that jingle in your pocket words that jangle in your head why did summer go so quickly was it something that i said lovers walk along a shore and leave their footprints in the sand was the sound of distant drumming just the fingers of your hand pictures hanging in a hallway or the fragment of a song halfremembered names and faces but to whom do they belong when you knew that it was over were you suddenly aware that the autumn leaves were turning to the color of her hair,103.497,146.643
like a circle in a spiral like a wheel within a wheel never ending or beginning on an everspinning reel as the images unwind like the circles that you find in the windmills of your mind,146.811,166.867
pictures hanging in a hallway or the fragment of a song halfremembered names and faces but to whom do they belong when you knew that it was over were you suddenly aware that the autumn leaves were turning to the color of her hair,176.474,197.373
round like a circle in a spiral like a wheel within a wheel never ending on beginning on an everspinning reel as the images unwind like the circles that you find in the windmills of your mind,197.542,218.103
