words,start,end
take a breath hold it in start a fight you wont win had enough lets begin nevermind i dont care,14.872,29.659
all in all youre no good you dont cry like you should let it go if you could when love dies in the end,30.014,45.393
so ill find what lies beneath your sick twisted smile as i lay underneath your cold jaded eyes now you turn the tide on me cause youre so unkind i will always be here for the rest of my life,47.049,77.806
here we go does it hurt say goodbye to this world i will not be undone come to life it gets worse,83.129,97.798
all in all youre no good you dont cry like you should ill be gone when you fall your sad life says it all,98.271,113.886
so ill find what lies beneath your sick twisted smile as i lay underneath your cold jaded eyes now you turn the tide on me cause youre so unkind i will always be here for the rest of my life,115.306,145.235
dont carry me under youre the devil in disguise god sing for the hopeless im the one you left behind,145.353,160.732
so ill find what lies beneath your sick twisted smile as i lay underneath your cold jaded eyes now you turn the tide on me cause youre so unkind i will always be here for the rest of my,164.517,193.382
