words,start,end
one word took the other and suddenly were stronger than we ever could imagine a bond that can go through the fire of hell sharing one mind one heart forever,18.288,31.012
ive been holding you for a year or two youre the reason why im holding up and our loves gonna last forever well be dancing in streets gain in memphis i hate every sec every minute youre gone,31.219,49.633
for so long we been taking and sharing the dirt been laughing at the fools couldnt hear us getting stronger together and falling in love and nothing in the world can separate us,51.081,64.012
ive been holding you for a year or two youre the reason why im holding up and our loves gonna last forever well be dancing in streets gain in memphis i hate every sec every minute youre gone,64.116,82.426
oh oh oh oh oh oh oh oh oh oh oh oh oh oh oh oh oh oh oh ive been holding you for a year or two youre the reason why im holding up and our loves gonna last forever well be dancing in streets again in memphis i hate every sec every minute youre gone,95.46,127.012
