words,start,end
im in the business of misery lets take it from the top shes got a body like an hour glass thats ticking like a clock its a matter of time before we all run out when i though he was mine she caught him by the mouth,12.272,23.066
i waited eight long month she finally set him free i told him i cant lie he was the only one for me two weeks and we caught on fire shes got it out for me but i wear the biggest smile,23.37,34.077
whoaah i never meant to brag but i got him where i want him now whoah it was never my intention to brag to steal it all away from you now,37.415,48.426
but god does it feel so good cause i got him where i want him now and if you could then you know you would cause god it just feels so it just feels so good,49.38,62.992
second chances they dont ever matter people never change once a whore youre nothing more im sorry that will never change and about forgiveness were both supposed to have a change im sorry honey but im passing up now look this waywell,65.159,76.17
theres a million other girls who do it just like you looking as innocent as possible to get to who they want and what they want its easy if you do it right well i refuse i refuse i refuse,76.257,86.791
whoaah i never meant to brag but i got him where i want him now whoah it was never my intention to brag to steal it all away from you now,90.129,101.14
but god does it feel so good cause i got him where i want him right now and if you could then you know you would cause god it just feels so it just feels so good,102.093,121.471
i watched his wildest dreams come true and not one of them involving you just watch my wildest dreams come true not one of them involving,123.422,134.433
whoah i never meant to brag but i got him where i want him now,156.715,162.133
whoaah i never meant to brag but i got him where i want him now whoah it was never my intention to brag to steal it all away from you now,162.263,173.621
but god does it feel so good cause i got him where i want him now and if you could then you know you would cause god it just feels so it just feels so good,174.228,194.039
