words,start,end
if time could tune in today and we left too many things to say if we could turn it back what would we want to change nows the time to take a chance cmon we gotta make a stand what if we,14.934,30.937
gotta lose the choices in our hands and we can find a way to do anything if we try to,31.097,45.504
live like theres no tomorrow cause all we have is here right now love like its all that we know the only chance that we ever found believe in what we feel inside believe in it will never die dont ever let this life pass us by live like theres no tomorrow,45.783,86.21
it never was a night at day and memories could fade away let it be nothing left and let the dreams remain take a leap and fade and hope you fly feel what its like to be alive give it all what weve got and lay it all on the line,86.45,106.564
and we can find a way to do anything if we try to,108.08,117.139
live like theres no tomorrow cause all we have is here right now love like its all that we know the only chance that we ever found believe in what we feel inside,117.299,140.925
believe in it will never die dont ever let this life pass us by live like theres no tomorrow be here by my side well do this together just you and me nothing is impossible nothing is impossible,141.244,177.76
live like theres no tomorrow cause all we have is here right now love like its all that we know the only chance that we ever found believe in what we feel inside,183.707,207.333
believe in it will never die dont ever let this life pass us by live like theres no tomorrow live like theres no tomorrow cause all we have is here right now love like its all that we know the only chance that we ever found believe in what we feel in,207.572,247.64
