words,start,end
striking at mental apparitions like a drunk on a vacant street silently beset by the hands of time indelicate in its fury an aberrant crack as skeleletons yield to unrelenting gravity while viruses prowl for helpless victims who succumb rapidl y tell me tell me where is the love in a careless creation when theres no above,5.832,31.332
theres no justice just a cause and a cure and a bounty of suffering it seems we all endure and what im frightened of is that they call it gods love,31.468,45.65
well twisted torment make believe theres a truth and we all submit believe my eyes my brain complies to all that they interpret,53.423,62.287
so tell me tell me where is the love in a careless creation when theres no above theres no justice just a cause and a cure and a bounty of suffering it seems we all endure and what im frightened of is that they call it gods love,62.287,84.923
i know theres no reason for alarm but who needs perspective when it comes to pain and harm we can change our minds theres a better prize but first youve got to tell me tell me where is the love in a careless creation when theres no above,88.605,122.968
theres no justice just a cause and a cure and a bounty of suffering it seems we all endure and what im frightened of is that they call it gods love,122.968,137.287
they call it gods love my pain is gods love,140.15,147.377
