words,start,end
we passed upon the stair spoke of was and whenalthough i wasnt there he said i was his friend,14.798,30.65
which came as a surprise i spoke into his eyes i thought you died alone a long long time ago,31.971,46.502
oh no not me we never lost control youre face to face with the man who sold the world,49.937,64.864
i laughed and shook his hand made my way back home i searched for form and land for years and years i roamed,79.131,94.851
i gazed a gazeless stare with multi millionaries i must have died alone a long long time ago,96.172,110.703
who knows not me i never lost control youre face to face with the man who sold the world,114.137,129.197
who knows not me we never lost control youre face to face with the man who sold the world,136.859,151.786
