words,start,end
raindrops keep fallin on my head and just like the guy whose feet are too big for his bed no othing seems to fit tho o ose raindrops keep fallin on my head they keep fallin,5.508,26.379
so i just did me some talkin to the su u un and i said i didnt like the way he got things done sleepin on the job those raindrops are fallin on my head they keep fallin,27.551,50.338
but theres one thi ing i know the blues they sent to meet me wont defeat me it wont be lo ong til happiness steps up to greet me,51.723,76.002
tho ose raindrops keep fallin on my head but that doesnt mean my eyes will soon be turnin red cryins not for me no im never gonna stop the rain by complaining because im fre e ee nothings worrying me,80.154,112.633
hm hm oh yeah it wont be lo ong til happiness steps up to greet me e e,122.536,132.865
tho ose raindrops keep fallin on my head but that doesnt mean my eyes will soon be tur nin red cryins not for me no im never gonna stop the rain by complaining because im fre e e ee nothings worry y ing me e e e,137.231,173.116
