words,start,end
born in the valley and raised in the trees of western kentucky on wobbly knees,34.248,49.974
with mama beside you to help you along youll soon be a growing up strong,50.143,64.348
all the long lazy mornings in pastures of green the sun on your withers the wind in your manes,66.208,82.78
could never prepare you for what lies a head the run for the roses so red,82.78,96.984
and its run for the roses as fast as you can your fate is delivered your moments at hand,98.675,114.233
its the chance of a lifetime in a lifetime of chance and its high time you joined in the dance its high time you joined in the dance,114.909,137.062
from sire to sire its born in the blood the fire of a mare and the strength of a stud,138.583,154.986
its breeding and its training and its sometimes unknown what drives you carries you home,155.155,170.036
and its run for the roses as fast as you can your fate is delivered your moments at hand,170.713,186.27
its the chance of a lifetime in a lifetime of chance and its hightime you joined in the dance its hightime you joined in the dance,186.947,209.099
