words,start,end
im saying all the things that i know youll like making good conversation i gotta handle you just right you know what i mean i took you to an intimate restaurant then to a suggestive movie theres nothing left to talk about unless its horizontally,16.19,45.827
lets get physical physical i wanna get physical lets get into physical let me hear your body talk your body talk let me hear your body talk,46.311,60.948
lets get physical physical i wanna get physical lets get into physical let me hear your body talk your body talk let me hear your body talk,61.795,76.674
ive been patient ive been good tried to keep my hands on the table its getting hard just holding back you know what i mean,78.368,92.279
im sure youll understand my point of view we know each other mentally you gotta know that youre bringing out the animal in me,93.247,107.642
lets get physical physical i wanna get physical lets get into physical let me hear your body talk your body talk let me hear your body talk,108.005,122.884
lets get physical physical i wanna get physical lets get into physical let me hear your body talk your body talk let me hear your body talk,123.489,138.489
oh lets get physical physical i wanna get physical lets get into physical let me hear your body talk your body talk let me hear your body talk,169.456,184.577
lets get animal animal i wanna get animal lets get into animal let me hear your body talk your body talk let me hear your body talk,185.303,200.424
let me hear your body talk let me hear your body talk,209.376,215.545
