words,start,end
some where beyond the sea somewhere waiting for me my lover stands on golden sands and watches the ships that go sailing,11.713,32.565
somewhere beyond the sea shes there watching for me if i could fly like birds on high then straight to her arms id go sailing,33.701,54.383
its far beyond the stars its near beyond the moon i know beyond a doubt my heart will lead me there soon,55.463,76.997
well meet beyond the shore well kiss just like before happy well be beyond the sea and never again ill go sailing,77.338,98.247
i know beyond a doubt my heart will lead me there soon,130.633,143.02
oh well meet i know well meet beyond the shore well kiss just as before happy we will be beyond the sea and never again ill go sailing,143.247,164.27
no more sailing so long sailing sailing no more sailing,167.224,175.861
goodbye farewell my friend no more sailing so long sailing no more sailing,178.361,190.747
no more farewell auf wiedersehen,194.724,201.997
no more sailing no more ooooh no more sailing,211.088,220.747
no more no more no more saiiling,223.361,235.236
no more one more time no more sailing,240.179,254.497
