words,start,end
your subtleties they strangle me i cant explain myself at all and all the wants and all the needs all i dont want to need at all,22.597,43.978
the walls start breathing my minds unweaving maybe its best you leave me alone a weight is lifted on this evening i give the final blow,44.479,64.356
when darkness turns to light it ends tonight it ends tonight,64.691,73.878
a falling star least i fall alone i cant explain what you cant explain youre finding things that you didnt know i look at you with such disdain,77.051,98.599
the walls start breathing my minds unweaving maybe its best you leave me alone a weight is lifted on this evening i give the final blow,98.933,118.978
when darkness turns to light it ends tonight it ends tonight just a little insight wont make this right its too late to fight it ends tonight it ends tonight,119.145,142.363
now im on my own side its better than being on your side its my fault when youre blind its better that i see it through your eyes,143.031,164.412
all these thoughts locked inside now youre the first to know,165.08,173.432
when darkness turns to light it ends tonight it ends tonight,173.766,182.953
just a little insight wont make this right its too late to fight it ends tonight it ends when darkness turns to light it ends tonight it ends tonight,183.287,204.835
just a little insight wont make this right its too late to fight it ends tonight it ends tonight tonight insight when darkness turns to light it ends tonight,205.169,244.757
