words,start,end
sickness hide inside eating flesh by time the saddest news i have in mind but i know you man a heart like no one else keeps the fire glow my friend,6.417,21.417
if ilose you with the smile you do if ilose you in the morning in the final sleep if ilose you,21.792,35.917
only one to know and i promise you nothing change unless you say but i know you man a heart like no one else keeps the fire glow my friend,41.792,56.792
if ilose you with the smile you do if ilose you in the morning in the final sleep if ilose you,57.167,71.292
carry on cause theres no place to hide find the oath and feel our love for you is for all endless time alone you never be,79.167,94.667
go if ilose you with the smile you do if ilose you in the morning in the final sleep if ilose you,94.917,117.292
in the morning in the final sleep if ilose you,127.042,132.917
