words,start,end
well be fighting in the streets with our children at our feet and the morals that they worship will be gone and the men who spurred us on sit in judgement of all wrong they decide and the shotgun sings the song,44.338,69.931
ill tip my hat to the new constitution take a bow for the new revolution smile and grin at the change all around pick up my guitar and play just like yesterday then ill get on my knees and pray we dont get fooled again,73.047,99.976
the change it had to come we knew it all along we were liberated from the fold thats all and the world looks just the same and history aint changed cause the banners they are flown in the next war,113.774,139.368
ill tip my hat to the new constitution take a bow for the new revolution smile and grin at the change all around pick up my guitar and play just like yesterday then ill get on my knees and pray we dont get fooled again,142.483,169.301
ill move myself and my family aside if we happen to be left half alive ill get all my papers and smile at the sky though i know that the hypnotized never lie,204.687,218.262
theres nothing in the streets looks any different to me and the slogans are replaced by the bye and the parting on the left are now parting on the right the beards have all grown longer overnight,275.681,301.274
ill tip my hat to the new constitution take a bow for the new revolution smile and grin at the change all around pick up my guitar and play just like yesterday then ill get on my knees and pray we dont get fooled again,304.39,331.207
meet the new boss same as the old boss,472.75,477.869
