words,start,end
well way down yonder on the chattahoochee it gets hotter than a hoochie coochie we laid rubber on the georgie asphalt we got a little crazy but we never got caught,26.807,37.87
down by the river on a friday night a pyramid of cans in the pale moonlight talkin bout cars and dreamin bout women never had a plan just a livin for the minute,38.245,49.12
yeah way down yonder on the chattahoochee never knew how much that muddy water meant to me but i learned how to swim and i learned who i was a lot about livin and a little bout love,50.12,61.37
aww haw well we fogged up the windows in my old chevy i was willing but she wasnt ready so i settled for a burger and a grape snowcone dropped her off early but i didnt go home,62.683,85.245
down by the river on a friday night a pyramid of cans in the pale moonlight talkin bout cars and dreamin bout women never had a plan just a livin for the minute,85.683,96.558
yeah way down yonder on the chattahoochee never knew how much that muddy water meant to me but i learned how to swim and i learned who i was a lot about livin and a little bout love,97.62,108.808
well way down yonder on the chattahoochee it gets hotter than a hoochie coochie we laid rubber on the georgie asphalt we got a little crazy but we never got caught,131.87,148.495
well we fogged up the windows in my old chevy i was willing but she wasnt ready so i settled for a burger and a grape snow cone i dropped her off early but i didnt go home,173.87,184.933
down by the river on a friday night a pyramid of cans in the pale moonlight talkin bout cars and dreamin bout women never had a plan just a livin for the minute,185.308,196.058
yeah way down yonder on the chattahoochee never knew how much that muddy water meant to me but i learned how to swim and i learned who i was a lot about livin and a little bout love,197.245,208.308
a lot about livin and a little bout love yeah hee thats,208.495,230.62
