words,start,end
never understood how she could mean so little to so many why does she mean everything to me,13.71,24.453
is it worth the pain with no one to blame for all of my insecurities how did i ever let you go,25.517,39.707
questioning her good intention jealousys a bad invention when you push on glass its bound to break,52.68,63.524
even when she was defensive it just gave me more incentive the more you squeeze the more it slips away,65.653,76.244
i never walked so far on a lonely street with no one there for me is it worth the pain with no one to blame for all of my insecurities how did i ever let you go,77.257,101.278
accept this confession im walking on pins and needles youre not my possession im walking on pins and needles my conscience is vicious im walking on pins and needles im begging forgiveness,107.764,130.264
im walking on pins and needles on a lonely street with no one there for me it took too long to see her in misery and now its clear to me that its worth the painalways take theblame for all your own insecurities how did i ever let you go,130.467,166.345
