words,start,end
bullet bullet,0.132,1.747
bullet bullet bullet bullet bullet bullet bullet bullet im coming home ive been gone for far too long do you remember me at all im leaving have i fd things up again im dreaming,1.978,77.786
too much time without you spent it hurts wounds so sore now im torn now im torn,78.247,91.286
ive been far away when i see your face my heart burst into fire hearts burst into fire,93.594,109.228
youre not alone i know im far from home do you remember me at all,111.478,121.632
im leaving do you wait for me again im screaming no more days without you spent,121.863,132.017
it hurts wounds so sore now im torn now im torn,133.401,142.459
ive been far away when i see your face my heart burst into fire hearts burst into fire,144.824,160.574
my beds so cold so lonely no arms just sheets to hold me,162.824,173.209
has this world stopped turning are we forever to be apart forever to be apart,174.824,189.824
it hurts wounds so sore now im torn now im torn,195.824,204.94
ive been far away when i see your face my heart burst into fire hearts burst into fire,207.247,222.94
im coming home ive been gone for far too long im coming do you remember me at all,225.478,235.747
do you remember me at all im leaving im screaming im dreaming when hearts burst into,241.978,255.709
