words,start,end
now everybody have you heard if youre in the game well then the strokes the word dont take no rhythm dont take no style you got a thirst for killin grab your vile eh,14.63,35.581
woo you put your right hand out give a firm hand shake talk to me about that one big break aspread your ear pollution aboth far and wide akeep your contributions by your side and,37.74,66.989
stroke me stroke me could be a winner boy ya move quite awell stroke me stroke me stroke stroke me stroke me you got your number down stroke me stroke me say youre a winner man youre just a sinner now,67.176,88.536
you put your left foot out akeep it all in place work your way aright into my case at first you try to bed me you make my backbone slide and when you find youve bled me skip on by keep on stroke me stroke me give me the business all night long stroke me stroke me stroke stroke me stroke me youre so together boy stroke me stroke me say youre a winner but man,98.323,139.742
youre just a sinner now stroke stroke stroke stroke stroke stroke stroke better listen now i said it aint no joke alet your conscience tell ya ajust do the stroke adont you take no chances akeep your eye on top ado your fancy dances you cant stop you just stroke me stroke me stroke all night long stroke me stroke me stroke stroke stroke me stroke me stroke and if it feels alright stroke me stroke me,139.891,201.033
stroke do it stroke me stroke me stroke stroke me stroke me keep on stroke me stroke me hey you gonna stroke me stroke me say youre a winner man youre just a sinner now,201.442,225.333
