words,start,end
i broke the trust and let you rust so sorry my dear machine broken down to muddy brown what a dismal backyard scene,17.372,31.943
my dear machines been idle so long now its timefor another drive pleasecan you take me where i wanna go though i let you rust my dear machine,33.54,50.755
and if i must i will adjust my methods my dear machine no more neglect deamily respect and the road that will never end,58.041,72.612
my dear machines been idle so long now its timefor another drive pleasecan you take me where i wanna go though i let you rust my dear machine my dear machine,74.109,95.516
my dear machines been idle so long now its timefor another drive pleasecan you take me where i wanna go though i let you rust my dear machine my dear machine,114.777,135.935
my dear machine my dear machine,137.332,144.019
