words,start,end
just think about it just think about it,3.388,13.899
lately ive been skeptical silent when i would used to speak distant from all around me who witness me fail and become weak,18.651,27.434
life is overwhelming heavy is the head that wears the crown id love to be the one to disappoint you when i dont fall down,27.722,36.649
but you dont understand when im attempting to explain because you know it all and i guess things will never change,36.793,45.433
but you might need my hand when falling in your hole your disposition ill remember when im letting go of you and me were through and re ar ranged yeah,46.009,68.471
seems that youre not satisfied theres too much on your mind so you leave and i cant believe all the bullshit that i find,73.942,82.366
life is overwhelming heavy is the head that wears the crown id love to be the one to disappoint you when i dont fall down,83.158,92.013
but you dont understand when im attempting to explain because you know it all and i guess things will never change,92.301,100.868
but you might need my hand when falling in your hole your disposition ill remember when im letting go of you and me were through and re ar ranged,101.516,121.603
you and me were through and re arra nged,122.466,135.137
youre no good for me thank god its over,136.001,144.065
you make believe that nothing is wrong until youre cryin,156.592,163.215
and you make believe that life is too long until youre dyin,165.663,172.286
you make believe that nothing is wrong until youre cryin,174.878,181.502
cryin on me you make believe that life is too long until youre dyin dyin dyin on me,182.582,193.957
you think that everybodys the same i dont think that anybodys like youyou think that everybodys the same,197.628,221.819
i dont think that anybodys like you just think about it youll get it,225.13,247.16
