words,start,end
you you say that you have lost the way got no aim just living for today look up to the sky above and see the morning sun again you got so much power inside so cry it out my friend,12.372,30.476
im alive im alive i im alive im alive aaaaaah theres no use in hangin all around youre a king cant you see your crown look into my eyes so many things are waitin to be done you just need a friend together we will sing along,30.671,63.18
im alive im alive i im alive,63.375,71.745
im alive aaaaaaaaah look into my eyes so many things are waitin to be done you just need a friend together we will sing along,72.719,169.078
im alive im alive i im alive im alive i im alive im alive i im alive,169.273,198.668
