words,start,end
to the edge till we all get off i will take you away with me once and for all,14.958,33.146
time will see us realign diamonds rain across the sky shower me into the same realm,33.293,48.048
calculate all embrace hold on come with me now and run away outer space with me once and for all,50.02,68.136
time will see us realign diamonds rain across the sky shower me into the same realm time will see us realign diamonds rain across the sky i will lead us to the same realm,68.355,100.13
when the coffin shakes and the needle breaks come run away with me come on youll see once and for all,111.671,131.978
time will see us realign diamonds rain across the sky shower me into the same realm i will lead us to the same realm i will lead us to the same realm,132.27,164.045
