words,start,end
teenage pornstars living for nothing now nightlife baby oh oh ah oh look out shape up yeah boy you got to turn around and wake up honey oh oh ah oh,26.67,52.343
were not living in america but were not sorry i knew there was something that we never had we dont worry no were not living in america but were not sorry no we dont care about the world today were not sorry for you,52.494,79.223
pretty as a picture and dancing the night away and dont stop baby oh oh ah oh and i learned my way im living for something now its hardcore honey oh oh ah oh,80.167,105.878
were not living in america but were not sorry i knew there was something that we never had we dont worry no were not living in america but were not sorry no we dont care about the world today were not sorry for you,106.029,132.796
were not living in america were not living in america were not living in america were not living in america no were not living ow,144.991,161.036
were not living in america but were not sorry i knew there was something that we never had we dont worry no were not living in america but were not sorry no we dont care about the world today were not sorry for you my baby sweet baby oh baby baby baby baby uh,161.187,200.489
