words,start,end
say hello to the girl that i am youre gonna have to see through my perspective i need to make mistakes just to learn who i am and i dont wanna be so damn protected,14.894,32.844
there must be another way cause i believe in taking chances but who am i to say what a girl is to do god i need some answers,34.015,45.331
what am i to do with my life you will find it out dont worry how am i supposed to know whats right you just got to do it your way i cant help the way i feel but my life has been so ooverprotected,45.955,62.813
i tell em what i like what i want and what i dont but every time i do i stand corrected things that ive been told i cant believe what i hear about the world i realize im ooooverprotected,64.53,83.416
there must be another way cause i believe in taking chances but who am i to say what a girl is to do god i need some answers,84.041,95.513
what am i to do with my life you will find it out dont worry how am i supposed to know whats right you just got to do it your way i cant help the way i feel but my life has been so ooverprotected,95.903,112.917
i need time love i need space i dont need nobodys telling me just what i wanna what i what what what im gonna do about my destiny i say no no nobodys telling me just what i wanna im so fed up with people telling me to bee someone else but me,115.414,143.354
what am i to do with my life you will find it out dont worry how am i supposed to know whats right you just got to do it your way i cant help the way i feel but my life has been so ooverprotected,145.695,162.865
i dont need nobodys telling me just what i wan na what i what what what im gonna do about my destiny i say no no nobodys telling me just what i wanna im so fed up with people telling me to bee someone else but me,163.021,180.581
what am i to do with my life you will find it out dont worry how am i supposed to know whats right you just got to do it your way i cant help the way i feel but my life has been so ooooverprotected,180.737,198.297
