words,start,end
theyre almost falling over you why dont they call a truce whatever they are trying to do its of little use,36.261,63.055
theyre drowning you in compliments trying to furnish proof and though they speak with eloquence there is little truth,67.229,94.386
youre bright youre strong you know your right from wrong at least to some degree youre wise youre tough youve heard their lies enough you smile in sympathy,96.261,124.265
im watching your serenity the way your soul transcends their tedious obscenities your patience never ends,152.39,179.003
and as the night begins to fade youre heading for the door and followed by a sad parade youre on your own once more,183.358,212.269
youre bright youre strong you know your right from wrong at least to some degree youre wise youre tough youve heard their lies enough you smile in sympathy,212.39,240.394
youre bright youre strong you know your right from wrong at least to some degree youre wise youre tough youve heard their lies enough you smile in sympathy,243.358,271.604
