words,start,end
ive seen the world done it all had my cake now diamonds brilliant in bel air now,15.263,30.896
hot summer nights mid july when you and i were forever wild the crazy days the city lights the way youd play with me like a child,31.796,48.529
will you still love me when im no longer young and beautiful will you still love me when i got nothing but my aching soul,49.763,64.996
i know you will i know you will i know that you will will you still love me when im no longer beautiful,65.096,80.096
ive seen the world lit it up as my stage now channeling angels in a new age now,81.496,97.363
hot summer days rock and roll the way youd play for me at your show and all the ways i got to know your pretty face and electric soul,97.896,114.396
will you still love me when im no longer young and beautiful will you still love me when i got nothing but my aching soul,115.996,131.363
i know you will i know you will i know that you will will you still love me when im no longer beautiful,131.429,146.096
dear lord when i get to heaven please let me bring my man when he comes tell me that youll let him father tell me if you can,148.596,164.296
oh that grace oh that body oh that face makes me wanna party hes my sun he makes me shine like diamonds,164.629,180.263
will you still love me when im no longer young and beautiful will you still love me when i got nothing but my aching soul,182.196,197.196
i know you will i know you will i know that you will will you still love me when im no longer beautiful,197.496,212.929
will you still love me when im no longer beautiful will you still love me when im not young and beautiful,213.829,228.829
