words,start,end
come on people now smile on your brother everybody get together try to love one another right now,0.655,12.107
mmm when i was an alien cultures werent opinions,23.372,34.376
gotta find a way find a way when im there gotta find a way a better way a better way,34.786,44.82
never met a wise man if so its a woman,45.23,55.153
gotta find a way find a way when im there gotta find a way a better way a better way gotta find a way find a way when im there gotta find a way a better way a better way,55.563,76.489
just because youre paranoid dont mean theyre not after you,87.083,96.52
gotta find a way a better way when im there gotta find a way a better way a better way gotta find a way find a way when im there gotta find a way a better way better way,97.602,118.453
gotta find a way find a way when im there gotta find a way a better way a better way gotta find a way a better way when im there gotta find a way bah ay wah,118.752,138.894
