words,start,end
she was a fast machine she kept her motor clean she was the best damn woman that i ever seen,30.712,38.331
she had the sightless eyes telling me no lies knockin me out with those american thighs,38.391,46.129
taking more than her share had me fighting for air she told me to come but i was already there,46.248,53.569
cause the walls start shaking the earth was quaking my mind was aching and we were making it and you,53.807,62.26
shook me all night long yeah you shook me all night long,62.974,73.45
working double time on the seduction line she was one of a kind shes just mine all mine,76.069,83.569
wanted no applause just another course made a meal out of me and came back for more,83.688,91.248
had to cool me down to take another round now im back in the ring to take another swing,91.367,98.688
cause the walls start shaking the earth was quaking my mind was aching and we were making it and you,98.807,107.379
shook me all night long and you shook me all night long,107.974,118.45
and knocked me out and then you shook me all night long you had me shakin and you shook me all night long,119.641,133.926
yeah you shook me well you took me,134.938,139.998
you really took me and you shook me all night long ooooh you shook me all night long,168.391,181.902
yeah yeah you shook me all night long your really took me and you shook me all night long,183.748,196.664
yeah you shook me yeah you shook me all night long,198.093,207.617
