words,start,end
life goes on life goes on life goes on,12.277,19.955
you sucked me in and played my mind just like a toy you would crank and wind,21.596,30.739
baby i would give til you wore it out you left me lying in a pool of doubt if youre still thinkin youre the daddy mac you shouldve known better but you didnt and i cant go back,30.915,41.934
oooh life goes on and its only gonna make me strong its a fact once you get on board,42.227,49.847
say goodbye cause you cant go back oooh its a fight and i really wanna get it right where im at is my life before me got this feeling that i cant go back life goes on life goes on life goes on,50.023,69.892
wish i knew then what i know now you held all the cards and sold me out,71.592,80.794
baby shame on you if you fooled me once shame on me if you fooled me twice youve been a pretty hard case to crack i shouldve known better but i didnt and i cant go back,80.97,91.989
oooh life goes on and its only gonna make me strong its a fact once you get on board,92.224,99.902
say goodbye cause you cant go back oooh its a fight and i really wanna get it right where im at is my life before me got this feeling that i cant go back,100.019,111.976
na na na na na life goes on na na na na na made me strong oh yeah got a feeling and i cant go back,112.152,122.057
life goes on and its only gonna make me strong life goes on and on and on shame on you if you fooled me once shame on me if you fooled me twice youve been a pretty hard case to crack i shouldve known better but i didnt and i cant go back,122.643,152.008
oooh life goes on and its only gonna make me strong its a fact once you get on board,152.242,159.979
say goodbye cause you cant go back oooh its a fight and i really wanna get it right where im at is my life before me got this feeling that i cant go back,160.038,172.053
na na na na na life goes on na na na na na made me strong whoa yeah got a feeling and i cant go back,172.17,183.131
no i cant go back whoa yeah i got to go now no holding on no turning back cause you made me strong,183.776,197.256
whoa yeah got a feeling and i cant go back no i cant go back,197.374,206.107
