words,start,end
you wanna play you wanna stay you wanna have it all you started messing with my head until i hit a wall,4.409,12.032
maybe i shouldve known maybe i shouldve known that you would walk you would walk out the door hey,12.342,19.966
said we were done then met someone and rubbed it on my face cut to the part she broke your heart and then she ran away,20.275,27.899
i guess you shouldve known i guess you shouldve known that i would talk i would talk,28.209,34.097
but even if the stars and moon collide i never want you back into my life you can take your words and all your lies oh oh oh i really dont care,34.654,50.211
even if the stars and moon collide i never want you back into my life you can take your words and all your lies oh oh oh i really dont care,50.769,66.077
oh oh oh i really dont care,66.635,70.044
i cant believe i ever stayed up writing songs about you you dont deserve to know the way i used to think about you,73.825,81.448
oh no not anymore oh no not anymore you had your shot had your shot but you let go,81.758,89.381
now if we meet out on the street i wont be running scared ill walk right up to you and put one finger in the air,89.691,97.315
and make you understand and make you understand you had your chance had your chance,97.624,103.636
but even if the stars and moon collide i never want you back into my life you can take your words and all your lies oh oh oh i really dont care,104.07,119.627
even if the stars and moon collide i never want you back into my life you can take your words and all your lies oh oh oh i really dont care,120.185,135.493
oh oh oh i really dont care,136.051,139.46
yeah listen up hey hey never look back dumbstruck boy ego intact look boy why you so mad second guess him but shouldve hit that,144.976,154.706
hey demi you picked the wrong lover shoulda picked that one is cuter than the other i just wanna laugh cause you trying to be a hipster kick him to the curb take a polaroid picture,154.892,163.26
but even if the stars and moon collide i never want you back into my life you can take your words and all your lies oh oh oh i really dont care,163.569,179.126
even if the stars and moon collide i never want you back into my life you can take your words and all your lies oh oh oh i really dont care,179.684,194.992
oh oh oh i really dont care,195.55,198.959
