words,start,end
one two three four shapes made of four colored blocks like a t or a box come down like falling bricks you can place them in rows but everybody knows that they made this game for chicks,0.017,12.346
mom just loves to flip and stack flip and stack grandma says this shit is like crack well it is this is the game girls deserve there is no learning curve which makes it great for noobs it will fill you with glee especially,12.745,32.836
if you have a vag and boobs your mom loves it mine does too mine does too,32.969,40.952
call me sexist bitch its still true just kidding about the bitch part deep in a girls dainty brain theres a spot near a vein,41.174,49.867
which regulates their bliss once they see falling blocks the t spot unlocks and they start to sing like this,50.133,57.628
sing lalalalalalala we love tetris lalalala here is a trick i have learned to avoid getting burned,57.717,72.663
when you piss of your chick if you sing this on key immediately shell forget that youre a dick lalalalalalala,72.752,86.19
lalalalalalalala tetris helps when chicks want to neuter us if you love it you propably have a uterus,86.412,103.841
so i was kinda trying to communicate that i think,105.66,108.232
women enjoy tetris a lot is that,108.276,111.425
