words,start,end
give it to me oh oh yeah yeah yeah yeah yeah oh oh yeah yeah yeah yeah,27.344,37.038
oh oh yeah yeah yeah yeah yeah oh oh yeah yeah yeah yeah,37.947,46.278
im so addicted to the lovin that youre feedin to me oooh cant do without it this feelings got me weak in the knees oooh baby baby bodys in withdrawal evrytime you take it away,47.338,71.573
cant you hear me callin begging you to come out and play oh ye ah so baby come to me baby show me who you a re sweet to me like sugar to my he art im craving im cravin like candy missing you like cand y sweet sweet lovin got me going to the extreme you gotta know oh wont go without it this vibe has got a ho ld on m e,75.814,119.437
ohh baby ooh baby satisfyin baby let me show you what im made of made o f no doubt about it boy got me feelin crazy cant get enough baby baby baby wont you come to me baby show me who you ar e sweet to me like sugar to my he art im craving im craving for you im missing yo u like candy yeah yeah yeah,120.346,158.365
missing you like candy come to me baby show me who you ar e sweet to me like sugar to my he art im craving im craving for you im missing yo u like candy yeah yeah yeah,158.971,177.753
boy im cra ving missing you like ca ndy yeah yeah yeah,190.476,196.99
so baby come to me come come come to me youre so sweet iiiim missing yo u like candy yeah yeah yeah so baby come to me show me who you ar e sweet to me like sugar to my he art im craving im craving for you im missing yo u like candy yeah yeah yeah,198.959,235.311
