words,start,end
start spreadin the news im leavin today i want to be a part of it new york new york these vagabond shoes are longing to stray right through the very heart of it new york new york,17.412,51.105
i wanna wake up in a city that doesnt sleep and find im king of the hill top of the heap,53.238,68.094
these little town blues are melting away ill make a brand new start of it in old new york if i can make it there ill make it anywhere its up to you new york new york,70.724,106.266
new york new york i want to wake up in a city that never sleeps and find im a number one top of the list king of the hill a number one,115.578,140.884
these little town blues are melting away im gonna make a brand new start of it in old new york and if i can make it there im gonna make it anywhere its up to you new york new york new york,143.585,203.153
