words,start,end
stay away from me build a fortress and shield your beliefs touch the divine as we fall in line,9.262,36.262
can i believe when i dont trust all your theories is turn to dust i choose to hide from the all seeing eye,40.512,68.168
destroy this city of delusion break these walls down i will avenge justify my reasons with your blood,73.012,109.512
you will not rest settle for less until you guzzle and squander whats left do not deny that you live and let die,124.512,151.887
destroy this city of delusion break these walls down i will avenge justify my reasons with your blood,157.012,193.512
destroy this city of delusion break these walls down i will avenge justify my reasons with your blood,241.012,277.762
