words,start,end
youve got a face for a smile oh you know a shame you waste it when youre breaking me slowly but ive got a world of chances for you ive got a world of chances for you ive got a world of chances chances that youre burning through,16.774,45.774
ive got a paper and pen i go to write a goodbye and thats when i know ive got a world of chances for you ive got a world of chances for you ive got a world of chances chances that youre burning through,49.874,78.874
oh im going my own way my faith has lost its strength again oh its been too hard to say were falling off the edge again,82.624,103.824
were at the end were at the end,104.374,109.224
maybe youll call me someday here the operator say the numbers no good and that she had a world of chances for you she had a world of chances for you she had a world of chances chances you were burning through chances you were burning through chances you were burning through oh,116.124,159.424
youve got a face for a smile oh you know,165.774,169.974
