words,start,end
what can i do will i be getting through now that i must try to leave it all behind did you see what you have done to me so hard to justify slowly its passing by,14.186,43.704
forever and one i will miss you however i kiss you yet again way down in neverland so hard i was trying tomorrow ill still be crying how could you hide your lies your lies,44.178,75.433
here i am seein you once again my mind so far a way my heart so close to stay too proud to fight im walking back into night will i ever find someone to believe,77.011,105.977
forever and one i will miss you however i kiss you yet again way down in neverland so hard i was trying tomorrow ill still be crying how could you hide your lies your lies,106.688,137.943
forever and one i will miss you however i kiss you yet again way down in neverland so hard i was trying tomorrow ill still be crying how could you hide your lies your lies your lies,186.246,226.972
