words,start,end
darling darling doesnt have a problem lying to herself cause her liquours top shelf its alarming honestly how charming she can be fooling everyone telling them shes having fun,9.775,28.263
she says you dont want to be like me dont want to see all the things ive seen im dying im dying she says you dont want to get this way famous and dumb at an early age lying im lying,28.862,47.425
the boys the girls they all like carmen she gives them butterflies bats her cartoon eyes she laughs like god her minds like a diamond audiotune lies shes still shining,47.874,67.186
likelightningwhoa whoa white lightning carmen carmen staying up til morning only seventeen but she walks the streets so mean its alarming truly how disarming you can be eating soft ice cream coney island queen,67.859,95.629
she says you dont want to be like me looking for fun getting high for free im dying im dying she says you dont want to get this way street walk at night and a star by day its tiring tiring,96.153,114.865
the boys the girls they all like carmen she gives them butterflies bats her cartoon eyes she laughs like god her minds like a diamond audiotune lies shes still shining,115.165,134.326
likelightningwhoa whoa white lightning babys all dressed up with nowhere to go thats the little story of the girl you know relying on the kindness of strangers tying cherry knots smiling doing party favours put your red dress on put your lipstick on sing your song song now the cameras on and youre alive again,135.0,176.542
the boys the girls they all like carmen she gives them butterflies bats her cartoon eyes she laughs like god her minds like a diamond audiotune lies shes still shining,196.751,215.988
likelightningwhoa whoa white lightning likelightningwhoa whoa white lightning,216.736,234.85
darling darling doesnt have a problem lying to herself cause her liquours top shelf,235.449,245.479
