words,start,end
oh lately ive been thinkin thinkin bout what we had i know it was hard it was all that we knew yeah,2.723,23.723
have you been drinkin to take all the pain away i wish that i could give you what you deserve,25.073,36.323
cause nothing can ever ever replace you nothing can make me feel like you do yeah youd know theres no one i can relate to i know we wont find a love thats so true,36.66,57.81
theres nothing like us theres nothing like you and me together through the storm theres nothing like us theres nothing like you and me together oh,57.998,78.923
i gave you everything babe every thing i had to give girl why would you push me away yeah lost in confusion like an illusion you know im used to making your day but that is the past now we didnt last now,83.31,112.26
i guess that this is meant to be yeah tell me was it worth it we were so perfect baby i just want you to see,112.973,128.123
nothing like us theres nothing like you and me together through the storm theres nothing like us theres nothing like you and me together oh,128.348,149.273
theres nothing like us theres nothing like you and me together through the storm theres nothing like us theres nothing like you and me together oh,151.673,172.673
