words,start,end
a devil in a midnight mass he prayed behind stained glass a memory of sunday class resurrected from the past,20.794,30.919
hold your breath and count to four pinky swears dont work no more footsteps down the hallway floor getting closer to my door i was alive but now im singin,31.711,50.877
silent night for the rest of my life silent night for the rest of my life violent knight at the edge of your knife forgive me father wont make it right silent night for the rest of my life silent night at the edge of your knife youre guilty,51.711,68.961
a devil in a midnight mass killed the boy inside the man the holy water in his hands could never wash away his sins,78.752,88.711
hold your breath and count to four pinky swears dont work no more put my trust in god that day not the man that taught his way i was alive but now im singin,89.711,108.919
silent night for the rest of my life silent night for the rest of my life violent knight at the edge of your knife forgive me father wont make it right silent night for the rest of my life silent night at the edge of your knife youre guilty,109.711,126.794
whisper whisper dont make a sound your bed is made its in the ground whisper whisper dont make a sound your bed is made its in the ground,142.252,152.752
whisper whisper dont make a sound your bed is made its in the ground whisper whisper dont make a sound your bed is made its in the ground,153.044,163.544
whisper whisper dont make a sound your bed is made its in the ground whisper whisper dont make a sound your bed is made and its in the,163.836,173.877
