words,start,end
if i were to say to you can you keep a secret would you know just what to do or where to keep it then i say i love you and foul the situation hey girl i thought we were the right combination,35.91,50.857
who broke my heart you did you did bow to the target blame cupid cupid you think youre smart stupid stupid,51.212,62.304
shoot that poison arrow though to my heart shoot that poison arrow shoot that poison arrow though to my heart shoot that poison arrow,62.541,75.412
no rhythm in cymbals no tempo in drums love on arrival she comes when she comes right on the target but wide of the mark what i thought was the fire was only the spark the sweetest melody is an unheard refrain so lower your sights yeah but raise your aim,77.428,105.839
raise your aim who broke my heart you did you did bow to the target blame cupid cupid you think youre smart stupid stupid,106.195,119.362
shoot that poison arrow though to my heart shoot that poison arrow shoot that poison arrow though to my heart shoot that poison arrow,119.54,132.411
i thought you loved me but it seems you dont care i care enough to know i can never love you,149.967,155.364
who broke my heart you did you did bow to the target blame cupid you think youre smart thats stupid right from the start when you knew we would part,157.5,172.15
shoot that poison arrow though to my heart shoot that poison arrow shoot that poison arrow though to my heart shoot that poison arrow,172.683,185.613
heart shoot that poison arrow shoot that poison arrow,187.986,200.916
