words,start,end
it waits for the day i will let it out to give it a reason to give it its might,30.866,50.494
i fear who i am becoming i feel that im loosing this struggle within i can no longer restrain it my strenght it is fading i have to give in,51.132,69.802
fear of the dark its growing inside of me that one day will come to life to save my beloved there is no escape because my faith is horror and doom,71.717,90.866
hold down your head now just let me pass by dont feed my fear if you dont want it out,92.143,111.292
i fear who i am becoming i feel that im loosing all beauty within i can no longer restrain it my strenght it is fading i have to give in,112.409,131.079
fear of the dark its growing inside of me that one day will come to life to save my beloved there is no escape because my faith is horror and doom,132.994,152.143
long ago it came to me and ever since that day infected with its rage but it ends today,153.419,170.653
fear of the dark its growing inside of me that one day will come to life to save my beloved there is no escape because my faith is horror and doom,214.696,233.845
