words,start,end
i tried to do my best but nothing seems to be alive cause everytime i speak i see your walls falling and now when i come around you all are on your knees so what can you say did i fail,15.454,37.024
you know that i try to do the best i can but you dont care and i swear,37.51,50.241
i swear ill never be like you and thats the truth cause i can see that you are playing hide and seek with all my dreams,50.484,66.945
never met no one that hates me like you do but hey i can understand it cause everytime i speak i see your walls falling but now i dare so show me how to play this game you know that im try to be myself again but you dont care and i swear i swear ill never be like you and thats the truth cause i can see that you are playing hide and seek with all my dreams ill wake up ill wake up so try to hit me now try to steal myself again i try to do the best i can,67.594,150.749
you know that i try to do the best i can you know that,151.641,164.372
im try to be myself again but you dont care and i swear i swear ill never be like you and thats the truth cause i can see that you are playing hide and seek with all my dreams,164.615,191.334
and i swear i swear ill never be like you and thats the truth cause i can see that you are playing hide and seek with all my,191.496,211.443
