words,start,end
you only stay with me in the morning you only hold me when i sleep i was meant to tread the water but now ive gotten in too deep for every piece of me that wants you mmm mmm another piece backs away,18.502,52.149
cause you give me something that makes me scared alright this could be nothing but im willing to give it a try please give me something cause someday i might know my heart,53.653,75.457
you only waited up for hours just to spend a little time alone with me and i can say ive never bought you flowers mmm mmm i cant work out what they mean i never thought that id love someone that was someone elses dream,78.653,112.487
as you give me something that makes me scared alright this could be nothing but im willing to give it a try please give me something,112.863,129.969
cause someday i might call you from my heart but it might be a second too late and the words that i could never say gonna come out anyway,130.345,147.732
yeah mmm mmm cause you give me something that makes me scared alright this could be nothing but im willing to give it a try please give me something,147.826,174.987
mmm cause you give me something that makes me scared alright this could be nothing but im willing to give it a try please give me something cause someday i might know my heart know my heart know my heart know my heart mmm,176.021,210.89
