words,start,end
i see you on the street and you walk on by you make me wanna hang my head down and cry if you gave me half the chance youd see my desire burning inside of me but you choose to look the other way,36.679,66.418
ill have to work much harder than this for something i want dont try to resist me,69.548,78.026
open your heart to me baby i hold the lock and you hold the key open your heart to me darling ill give you love if you you turn the key,78.026,97.331
i think that your afraid to look in my eyes you look a little sad boy i wonder why i follow you around but you cant see your to wrapped up in yourself to notice so you choose to look the other way well ive got something to say,104.113,136.461
dont try to run i can keep up with you nothing can stop me from trying youve got to,136.983,145.331
open your heart to me baby i hold the lock and you hold the key open your heart to me darling ill give you love if you you turn the key,145.461,164.635
open your heart with the key one is such a lonely number,166.592,174.157
ah ah ah ah open your heart ill make you love me its not that hard if you just turn the key,175.592,192.157
dont try to run i can keep up with you nothing can stop me from trying youve got to,196.07,204.287
open you heart to me baby i hold the lock and you hold the key open your heart to me darling ill give you love if you you turn the key,204.418,224.374
open your heart with the key open your heart ill make you love me its not that hard if you just turn the key open your heart ill make you love me its not that hard if you just turn the key,225.548,246.418
open your heart ill make you love me its not that hard if you just turn the key open your heart ill make you love me its not that hard if you just turn the key,246.548,263.244
open your heart ill make you love me its not that hard if you just turn the key open your heart ill make you love me its not that hard,246.548,260.635
