words,start,end
what day is it and in what month this clock never seemed so alive,10.886,19.406
i cant keep up and i cant back down ive been losing so much time cause its you and me and all of the people with nothing to do nothing to lose and its you and me and all of the people and i dont know why i cant keep my eyes off of you,21.11,55.188
all of the things that i want to say just arent coming out right im tripping on words you got my head spinning i dont know where to go from here,59.768,78.564
cause its you and me and all of the people with nothing to do nothing to prove and its you and me and all of the people and i dont know why i cant keep my eyes off of you,81.972,104.07
something about you now i cant quite figure out evrything she does is beautiful oh evrything she does is right,107.318,125.636
cause its you and me and all of the people with nothing to do nothing to lose and its you and me and all of the people and i dont know why i cant keep my eyes off of you and me,128.298,151.355
and all of the people with nothing to do nothing to prove and its you and me and all of the people and i dont know why i cant keep my eyes off of you,152.153,170.95
what day is it and in what month this clock never seemed so alive,180.641,189.161
