words,start,end
its easy to fall in love but its so hard to break somebodys heart what seemed like a good idea turned into a battlefield once lust has turned to dust and all thats lefts held breath forgotten who we first met what seemed like a good idea has turned into a battlefield,21.357,57.507
we both know its coming does illusion count for something we heard the surface tensions gotta break one drop is all it takes to flood out this lie oh,61.894,81.919
you and i we have to let each other go we keep holding on but we both know what seemed like a good ideas turned into a battlefield peace will come when one of us puts down the gun be strong for both of us no please dont run dont run eye to eye we face our fears unarmed on the battlefield,82.069,118.257
we seemed like a good idea we seemed like a good idea,119.907,129.057
no blood will spill if we would get out now still its hard to put the fire out what seemed like a good ideas turned into a battlefield feelings are shifting like the tide and i think too much about the future what seemed like a good ideas turned into a battlefield we both know its coming does illusion count for something we heard the surface tensions gotta break one drop is all it takes to flood out this lie oh,132.657,193.107
you and i we have to let each other go we keep holding on but we both know what seemed like a good ideas turned into a battlefield peace will come when one of us puts down the gun be strong for both of us no please dont run dont run eye to eye we face our fears unarmed on the battlefield,193.144,229.557
we seemed like a good idea we seemed like a good idea,231.019,239.494
we seemed like a good idea we seemed like a good idea,241.107,250.032
