words,start,end
niga geuwa datugo ttaeron geu ttame ulgo himdeureo hal ttaemyeon nan huimangeul neukkigo amudo moreuge mamaaa peugo,51.022,61.551
nijageun misomyeon tto damdamhaejigo niga hoksina nae maeumeul alge doelkkabwa,61.777,68.909
arabeorimyeon uri meoreojige deolkkabwa nan sumeul jug yeo tto ipsureul kkaemureo jebal geureul tteona naege ogil baby jebal geuui soneul japjima cuz you should be my lady oraen sigan gidaryeo on nal dorabwajwo,69.022,102.079
noraega ullimyeon ije neoneun geuwa pyeongsaengeul hamkkehajyo oneuri oji ankireul geureoki na maeil bamgidohaenneunde nega ibeun wedingdeureseu,102.079,117.022
nega ibeun wedingdeureseu wedingdeureseu nega ibeun wedingdeureseu nae mameul mollajwotdeon,118.267,132.758
nega neomu miwoseo gakkeumeum nega bulhaenghagil nan baraesseo imi nae nunmureun da ma mamareu go,132.984,141.928
beoreutcheoreom honja neoege malhago maeil bam geureoke buranhaetdeongeol bomyeon nan,142.041,149.173
ireoke doelkkeoran geon aranneunjido molla nan nuneul gama kkeuchi eomneun kkumeulkkwo jebalgeureul tteona naege ogil baby jebal geuui soneul japjima,149.399,165.928
cuz you should be my lady oraen sigan gidaryeo on nal dorabwajwo,166.154,174.644
noraega ullimyeon ije neoneun geuwa pyeongsaengeul hamkkehajyo oneuri oji ankireul geureoki na maeil bamgidohaenneunde nega ibeun wedingdeureseu,174.644,189.588
nega ibeun wedingdeureseu wedingdeureseu nega ibeun wedingdeureseu budi geuwa haengbokhae neoreul ijeul su itge,190.833,221.625
nae chorahaetdeon moseupdeureun da ijeoeojwo birok handonganeun na jugeul mankeum himi deulgetjiman no oh neomu oraen siganeul chakgak soge hollo babocheoreom saratjyo,221.852,238.493
ajikdo nae geunyeoneun nal bogo sae hayake utgo inneunde nega ibeun wedingdeureseu,238.833,247.663
nega ibeun wedingdeureseu wedingdeureseu nega ibeun wedingdeureseu,248.795,258.531
