words,start,end
i am a real american fight for the rights of every man i am a real american fight for whats right fight for your live,3.068,18.356
when it comes crashing down and it hurts inside you gotta take a stand it dont help to hide,25.683,37.222
if you hurt my friends then you hurt my pride i gotta be a man i cant let it slide i am a real american fight for the rights of every man i am a real american fight for whats right fight for your life,40.799,64.51
i feel strong about right and wrong and i dont take trouble for very long i got something deep inside of me and courage is the thing that keeps us free,72.356,95.26
i am a real american fight for the rights of every man i am a real american fight for whats right fight for your life,95.376,110.549
i am a real american fight for the rights of every man i am a real american fight for whats right fight for your life,110.722,126.068
if you hurt my friends then you hurt my pride i gotta be a man i cant let it slide i am a real american fight for the rights of every man i am a real american fight for whats right fight for your life,140.722,164.318
i am a real american fight for the rights of every man i am a real american fight for whats right fight for your life,164.606,179.722
i am a real american fight for the rights of every man i am a real american fight for whats right fight for your life,179.953,195.068
