words,start,end
how can i think im standing strong yet feel the air beneath my feet how can happyness feel so wrong how can misery feel so sweet,14.566,40.816
how can you let me watch you sleep then break my dreams the way you do how can i have got in so deep why did i fall in love with you,41.754,66.597
this is the closest thing to crazy i have ever been feeling twenty two acting seventeen this is the nearest thing to crazy i have ever known i was never crazy on my own and now i know that theres a link between the two being close to crazyness and being close to you,68.004,115.816
how can you make me fall apart then break my fall with loving lies its so easy to break a heart its so easy to close your eyes,127.066,153.316
how can you treat me like a child yet like a child i yearn for you how can anyone feel so wild how can anyone feel so blue,154.254,179.097
this is the closest thing to crazy i have ever been feeling twenty two acting seventeen this is the nearest thing to crazy i have ever known i was never crazy on my own and now i know that theres a link between the two being close to crazyness and being close to you,180.504,228.785
and being close to you and being close to you,229.957,248.707
