words,start,end
knew youd be here tonight so i put my best dress on boy i was so right our eyes connected now nothings how it used to be no second guesses track in on this feeling pull focus close up you and me nobodys leaving got me affected spun me one eighty degrees,7.724,36.941
its so electric slow down and dance with me yeah slow skip a beat and move with my body yeah slow come on and dance with me yeah slow skip a beat and move with my body yeah slow,36.941,71.507
dont wanna rush it let he rhythm pull you in its here so touch it you know what im saying and i havent said a thing keep the record play ing,74.507,88.594
slow down and dance with me yeah slow skip a beat and move with my body yeah slow come on and dance with me yeah slow skip a beat and move with my body yeah slow,91.202,121.594
slow down and dance with me yeah slow skip a beat and move with my body yeah slow come on and dance with me yeah slow skip a beat and move with my body yeah slow,141.289,171.681
skip a beat and move with my body skip a beat and move with my body skip a beat and move with my body slow,174.681,188.376
