words,start,end
i hear the tickin of the clock im lying here the rooms pitch dark i wonder where you are tonight no answer on the telephone and the night goes by so very slow oh i hope that it wont end though alone,11.633,46.536
till now i always got by on my own i never really cared until i met you and now it chills me to the bone how do i get you alone,50.367,70.373
you dont know how long i have wanted to touch your lips and hold you tight oh you dont know how long i have waited and i was gonna tell you tonight but the secret is still my own and my love for you is still unknown alone,71.65,105.617
oh oh whoa till now i always got by on my own i never really cared until i met you and now it chills me to the bone how do i get you alone how do i get you alone,111.746,141.882
how do i get you alone how do i get you alone alone alone,164.016,185.214
