words,start,end
i have a problem that i cannot explain i have no reason why it should have been so plain have no questions but i sure have excuse i lack the reason why i should be so confused,15.698,30.824
i know how i feel when im around you i dont know how i feel when im around you around you,31.056,54.443
left a message but it aint a bit of use i have some pictures the wild might be the deuce today you saw you saw me you explained playing the show and running down the plane,60.377,75.503
i know how i feel when im around you i dont know how i feel when im around you i i know how i feel when im around you i dont know how i feel when im around you around you,75.735,115.76
i i know how i feel when im around you i dont know how i feel when im around you i i know how i feel when im around you i dont know how i feel when im around you,134.144,169.631
around yo u around you around you around you,170.096,197.555
