words,start,end
i lost my way oh baby this stray heart went to anothercan you recoverbaby oh youre the only one that im dreamin of your precious heart was torn apart by me and you,6.228,24.747
youre not aloneoh oh and now im where i belongwere not aloneoh oh ill hold your heart and never let go,25.036,42.834
everything that i want i want from you but i just cant have you everything that i need i need from you but i just cant have you,45.14,63.516
i said a thousand times and now a thousand one well never part ill never stray again from you this dog is destined for a home to your heart well never part,68.416,83.765
ill never stray again from you youre not aloneoh oh and now im where i belongwere not aloneoh oh ill hold your heart and never let go,84.629,105.094
everything that i want i want from you but i just cant have youeverything that i need i need from you but i just cant have you,107.472,125.775
youre not aloneoh oh and now im where i belongwere not aloneoh oh ill hold your heart and never let go,154.167,171.966
everything that i want i want from you but i just cant have you everything that i need i need from you but i just cant have you,174.272,192.431
everything that i want i want from you but i just cant have you everything that i need i need from you but i just just cant have you,192.791,218.156
