words,start,end
take heed dear heart once apart she can touch nor me nor you dressed as one a wolf will betray a lamb,38.771,56.577
lead astray the gazers the razors on your seducing skin in the meadow of sinful thoughts every flowers a perfect one,57.352,75.739
to paradise with pleasure hau nt ed haunted by fear,76.803,88.029
a sin for him desire within desire within a burning veil for the bride too dear for him a sin for him desire within desire within fall in love with your deep dark sin,89.287,114.061
i am the fallen you are what my sins enclose lust is not as creative as its discovery,126.642,144.448
to paradise with pleasure hau nted haunted by fear,145.803,157.029
a sin for him desire within desire within a burning veil for the bride too dear for him a sin for him desire within desire within fall in love with your deep dark sin,158.287,182.965
bless me undress me pick your prey in a wicked way god i must confess i do envy the sinners,220.803,233.481
a sin for him desire within a burning veil for the bride too dear for him,236.771,249.061
a sin for him desire within desire within a burning veil for the bride too dear for him a sin for him desire within desire within fall in love with your deep dark sin,249.352,274.126
