words,start,end
im thinking to myself that ive done something wrong that i have crossed the line have you found out this time what led you to believe its only you and me do you see it in my eyes have you found out this time,28.471,56.7
you see right through me cause youre running away you keep turning your back on me i tried so hard but youre running away please dont turn your back on me,60.346,87.117
im drinking by myself and oh im going down but will you pick me up will you leave me on the ground i led you to believe its only you and me i can see it in your eyes that you found out this time,88.471,116.7
you see right through me cause youre running away you keep turning your back on me i tried so hard but youre running away please dont turn your back on me,120.346,147.117
dont just turn and walk away i can learn from my mistakes dont throw everything away,149.513,173.471
you see right through me cause youre running away you keep turning your back on me i tried so hard but youre running away but youre running away,173.679,198.888
you see right through me cause youre running away you keep turning your back on me i tried so hard but youre running away please dont turn your back on me,200.346,227.117
