words,start,end
everyday is like a blank canvas you know you can paint it anyway you want it you can draw black clouds you can make the sunshine colour in a rainbow or use black and white,12.371,27.085
open up your eyes and your imagination,27.605,33.433
cmon lets write a song a little poetry take a photograph lets make some memories you can make it anything that you want it to be if you follow your heart life is a work of art,34.298,50.051
oh every nights like looking at a dark screen youre never too young or too old to dream you can make your fantasies into a reality cause youre creating your own masterpiece,52.302,67.478
close your eyes and dream it seeing is believing,68.228,74.056
cmon lets write a song a little poetry take a photograph lets make some memories you can make it anything that you want it to be if you follow your heart life is a work,74.921,89.52
cmon lets write a song a little poetry take a photograph lets make some memories you can make it anything that you want it to be if you follow your heart life is a work of art,89.694,105.331
trying to simplify into philosophy turn the star into a galaxy make a little noise into a symphony youre creating a masterpiece,105.62,124.489
lets make some memories you can make it anything that you want it to be if you follow your heart life is a work of art,124.777,140.646
you can make it anything that you want it to be if you follow your heart life is a work,141.165,148.609
cmon lets write a song a little poetry take a photograph lets make some memories you can make it anything that you want it to be if you follow your heart life is a work of art work of art work of art art life is a work of art,148.782,179.192
