words,start,end
ill pretend my hearts not on fire if you steal my true loves name broke down subway in this city of spires tape your picture over his in the frame,14.454,28.707
well imagine were sleeping revolvers shotgun wedding in a strange soho our chamers hold silvery collars gun down werewolves wherever we go we gun down werewolves whereever we go,29.165,47.997
midnight phone calls in the back of a mustang creased white pages torn right from the spine kissed my neck with a crookes cracked fang you always hoped one day youd be mine,50.745,65.456
threw our fathers on funeral pyres im not sure we were playing a game busted gasket in a field full of liars no one notices we set five boroughs aflame no one notices we set five boroughs aflame,65.742,83.716
ahaha ahaha ohoho young blood young bone old ghosts go home dand of gold with a diamond implied you wrote letters that you never sent i made promises ill always deny now well never know what the other meant,85.547,115.084
watch is ticking like a heartbeat gone berserk lost the chances to wind the key roosters are nothing but chucking clockwork our fears are only what we tell them to be our fears are only what we tell them to be,115.255,134.259
drown the last of our matches burn the rest of each other you were strongest when i ached for breath trough the thick of smoke well finally smother,137.751,151.432
ohoho ahaha ahaha ahaha young blood young bone old ghosts go home,151.89,165.857
young blood young bone old ghosts go home,166.83,173.183
young blood young bone old ghosts go home,174.156,181.369
young blood young bone old ghosts go home,181.541,187.78
young blood young bone old ghosts go home,188.753,195.049
young blood young bone ahaha ahaha,196.08,202.605
