words,start,end
sammy was low just watching the show over and over again he knew it was time hed made up his mind to leave his dead life behind his boss said to him boy youd better begin to get those crazy notions right out of your head sammy who do you think that you are you shouldve been sweeping up the emerald bar,11.688,57.208
spread your wings and fly away fly away far away spread your little wings and fly away fly away far away pull yourself together cos you know you should do better thats because youre a free man,58.682,91.63
he spends his evenings alone in his hotel room keeping his thoughts to himself hell be leaving soon wishing he was miles and miles away nothing in this world nothing would make him stay,96.139,118.682
since he was small he had no luck at all nothing came easy to him now it was time hed made up his mind this could be my last chance,129.694,149.983
his boss said to him now listen boy youre always dreaming youve got no real ambition you wont get very far sammy boy dont you know who you are why cant you be happy at the emerald bar,151.543,175.127
so honey spread your wings and fly away fly away far away spread your little wings and fly away fly away far away pull yourself together cos you know you should do better thats because youre a free man come on honey fly with me,175.474,217.006
