words,start,end
you dont remember me but iii remember youu i lie awake and try so hard not to think of youu but who can decide what they dream and dream i dooooooo,23.36,55.301
i believe in you ill give up everything just to find you i have to be with you to live to breathe youre taking over me,56.0,78.758
have you forgotten all i know and all we haaaad you saw me mourning my love for you and touched my hand i knew you loved me then,80.655,107.007
i believe in you ill give up everything just to find you i have to be with you to live to breathe youre taking over me,107.855,128.617
i look in the mirror and see your face if i look deep enough so many things inside that are just like you are taking over,128.817,150.277
i believe in you ill give up everything just to find you i have to be with you to live to breathe youre taking over me,150.427,171.239
i believe in you ill give up everything just to find you i have to be with you to live to breathe youre taking over me,171.738,192.5
youre taking over me youre taking over me,198.938,213.761
