words,start,end
i am iron man has he lost his mind can he see or is he blind can he walk at all or if he moves will he fall,11.43,54.718
is he alive or dead has he thoughts within his head well just pass him there why should we even care,61.33,74.055
he was turned to steel in the great magnetic field where he travel time for the future of mankind,105.242,117.78
nobody wants him he just stares at the world planning his vengeance that he will soon unfold,119.339,136.68
now the time is here for iron man to spread fear vengeance from the grave kills the people he once saved,154.644,166.931
nobody wants him they just turn their heads nobody helps him now he has his revenge,168.553,186.205
heavy boots of lead fills his victims full of dread running as fast as they can iron man lives again,249.953,264.674
