words,start,end
when you walk along the beach you see the boys and the girls in the midday heat is all you need an icecream in your hand just lay down in the summer sun and good vibrations will come,14.398,27.929
like ice in the sunshine like ice in the sunshine im melting away on this sunny day,30.317,45.306
like ice in the sunshine like ice in the sunshine im melting away on this sunny day,47.296,62.684
if you wanna have some fun you get it down by the sea you dont care about what ever cause today is the day with icecream in the summer sun the good vibrations will come like ice in the sunshine like ice in the sunshine im melting away on this sunny day like ice in the sunshine like ice in the sunshine im melting away,65.47,109.644
on this sunny day like ice in the sunshine im melting ice in the sunshine,111.103,127.552
mmh sunshine like ice in the sunshine like ice in the sunshine im melting away on this sunny day,128.348,152.358
like ice in the sunshine like ice in the sunshine im melting away im melting away on this sunny day,153.552,169.073
