words,start,end
yo man turn up the bass boy i like it i like it i like it i like it i like it i like it i like it i like it i like it i like it i like it i like it i like it,0.386,16.12
loud,16.33,16.959
alright everybody tie your shoes from the h to the p on the mic you will see the peoples champ thats me yeah skibadee skibadanger i am the rearranger hit them with a raw for sure now bun your draw yeah,21.785,43.393
uncore hardcore bold and proud dj play the record play the record out loud,43.393,49.896
skibadee skibadanger i am the rearranger hit them with a raw for sure now bun your draw,50.316,56.61
never never endeavour the good weather or whether we be there only for your pleasure yeah,57.029,63.743
dub dub dub dududub dub dub dudub dub dub dududub dub dub dub dub dub dududub dub dub,73.813,83.463
dudub dub dub dududub dub dub come on dub dub dub dududub dub dub,83.673,90.176
dudub dub dub dududub dub dub maria believe me i like it loud maria believe me i like it loud maria believe me i like it loud my radio believes me i like it loud,90.386,107.379
yeah were the special guest mixologists,120.386,124.582
i ritz bits for da hits with the lyrics with a robotic narcotic in the pocket the fire rocket blood socket i crack whip yeah,127.729,138.848
elastic to plastic my platinum hit you git gudda gudda get up with it me on the mic be sophisticated djs articulated me on the mic here we go,140.736,153.848
dub dub dub dududub dub dub dudub dub dub dududub dub dub dub dub dub dududub dub dub,154.372,164.022
dudubdub dub dududub dub dub maria believe me i like it loud maria believe me i like it loud maria believe me i like it loud my radio believes me i like it loud,164.232,181.225
dub dub dub dududub dub dub du dub dub dub dududub dub dub,194.652,200.945
dub dub dub dududub dub dub du dub dub dub dududub dub dub,201.365,207.659
dub dub dub dududub dub dub du dub dub dub dududub dub dub,208.078,214.372
