words,start,end
woo i dig my toes into the sand the ocean looks like a thousand diamonds strewn across a blue blanket,11.072,56.378
i lean against the wind pretend that i am weightless and in this moment i am happy happy,56.996,68.598
i wish you were here i wish you were here i wish you were here i wish you were here,68.951,92.817
i lay my head onto the sand the sky resembles a backlit canopy with holes punched in it,102.17,112.625
im counting ufos i signal them with a my lighter and in this moment i am happy happy,113.419,125.109
i wish you were here i wish you were here i wish you were here wish you were here,125.462,148.755
oh yeah oh no the worlds a roller coaster and i am not strapped in ooh maybe i should hold with care but my hands are busy in the air saying,152.24,169.93
i wish you were here i wish you were,170.636,180.694
i wish you were here i wish you were here i wish you were here wish you were here,181.93,205.531
