words,start,end
you think its strange that theres a way of how you looked and how you act and how you think pretendtheyre not the same as you,11.106,18.769
you think its strange that theres a way of how you looked and how you act and how you think pretend theyre not the same as you,21.541,29.204
do you know abouther strength in convictions or how she puts all her faith in religion did we take the time to really discover how little we know about eachother,31.976,42.084
keep us from sayinganything cant separate fromevery thing and all this really means is youre one in a crowd and youre paranoidofevery sound,42.41,53.008
youre not the friend youwontmiss anyhow you think its strange that theres a way of how you looked and how you act and how you think pretend theyre not the same as you,53.008,73.552
do you know about her strength in convictions or how she puts all her faith in religion did we take the time to really discover how little we know about each other,76.323,86.432
keep us from saying anything cant separate from everything and all this really means is youre one in a crowd and youre paranoid of every sound,86.758,96.867
keep us from saying anything cant separate from everything and all this re ally means is youreone in a crowd and youre paranoidof every sound,97.193,107.791
youre not the friend you wont miss anyhow do you know about her strength in conviction or how she puts all her faith in religion did ya take the time to really discover how little we know about each other,107.791,141.215
keep us from saying anything cant separate from everything and all this really means is youre one in a crowd and youre paranoid of every sound,141.541,151.976
keep us from saying anything cant separate from every thing and all this really means is youre one in a crowd and youre paranoid of every sound paranoid of every sound paranoid of every sound,151.976,167.628
