words,start,end
one two three four shapes made of four colored blocks like a t or a box come down like falling bricks you can place them in rows,0.731,9.565
but everybody knows that they made this game for chicks,9.832,13.134
mom just loves to flip and stack,13.536,18.131
flip and stack grandma says this shit is like crack,18.176,23.797
well it is this is the game girls deserve there is no learning curve,23.931,28.125
which makes it great for noobs it will fill you with glee especially if you have a vag and boobs,28.348,35.933
your mom loves it mine does too mine does too call me sexist bitch its still true,36.379,46.596
just kidding about the bitch part deep in a girls dainty brain,46.641,49.407
theres a spot near a vein which regulates their bliss once they see falling blocks the t spot unlocks and they start to sing like this sing,49.452,59.044
lalalalalalala we love tetris lalalala here is a trick i have learned,59.133,72.25
to avoid getting burned,72.34,73.812
when you piss of your chick if you sing this on key,73.901,78.14
immediately shell forget that youre a dick,78.229,81.575
lalalalalalala lalalalalalalala tetris helps when chicks want to neuter us,81.977,98.395
if you love it you propably have a uterus,99.109,105.177
so i was kinda trying to communicate that i think women enjoy tetris a lot is that,107.006,112.806
