words,start,end
im so lonely broken angel im so lonely listen to my heart,8.727,17.09
im so lonely broken angel im so lonely listen to my heart,43.373,51.67
one an only broken angel come and save me before i fall apart,52.134,60.497
im so lonely broken angel im so lonely listen to my heart,82.267,90.497
one an only broken angel come and save me before i fall apart,91.028,99.391
im so lonely broken angel im so lonely listen to my heart,142.798,151.161
one an only broken angel come and save me before i fall apart,151.559,159.988
im so lonely broken angel im so lonely listen to my heart,160.121,168.484
one an only broken angel come and save me before i fall apartman dooset daram,168.882,28.174
be cheshme man gerye nade na nemitoonam bedoone to halam bade to harja ke bashi kenaretam ta akharesh divoonatam to to nemidooni ke joonami bargard pisham la la leyli la la leyli la la la la laaa la la leyli la la leyli la la la la laaa ooh la la leyli la la leyli la la la la laaa la la leyli la la leyli la la la la laaa,28.771,193.108
