words,start,end
this aint a song for the broken hearted no silent prayer for the faith departed and i aint gonna be just a face in the crowd youre gonna hear my voice when i shout it out loud,5.038,25.636
its my life its now or never i aint gonna live forever i just wanna live while im alive,27.173,40.086
its my life these are my confessions these are my confessions know what to do better stand tall when theyre calling you out dont bend dont break baby dont back down,40.393,73.391
its now or never i aint gonna live forever i just wanna live while im alive,77.08,87.841
its my life i just wanna live while im alive,88.968,101.931
its my lifei aint gonna be face in the crowd hear my voice when i shout it out loud its my life and just when i thought i said all i could say my chick on the side said she got one on the way if im gonna tell it,102.239,54.843
then im gonna tell it all a damn near crowd when i got that phone call im so thrown i dont know what to do but to give you part two of my,54.945,66.781
these are my confessions these are my confessions just when i thought i said all i could say my chick on the side said she got one on the way its my life,74.723,104.237
