words,start,end
mmmm hold on tight to your dream yeah hold on tight to your dream when you see your ship go sailing when you feel your heart is breaking hold on tight to your dream,13.736,39.794
mmmm s a long time to be gone oh time just rolls on and on when you need a shoulder to cry on when you get so sick of trying hold on tight to your dream,40.932,67.972
when you get so down that you cant get up and you want so much but youre all out of luck when youre so downhearted and misunderstood just over and over and over you could,70.454,84.569
oh acchroches toi a ton reve acchroches toi a ton reve quand tu vois ton bateau partir quand tu sents ton coeur se briser acchroches toi a ton reve,85.655,112.696
when you get so down that you cant get up and you want so much but youre all out of luck when youre so downhearted and misunderstood just over and over and over you could,115.177,129.24
yeah e yeah hold on tight to your dream yeah hold on tight to your dream yeah when you see the shadows falling when you hear that cold wind calling hold on tight to your dream,130.688,158.194
uuuh yeah hold on tight to your dream yeah yeah hold on tight to your dream,159.487,176.445
