words,start,end
someone told me long ago theres a calm before the storm i know its been comin for some time,13.622,26.814
when its over so they say itll rain a sunny day i know shinin down like water,30.177,42.722
i want to know have you ever seen the rain i want to know have you ever seen the rain comin down on sunny day,47.313,67.23
yesterday and days before sun is cold and rain is hard i know been that way for all my time,71.628,84.755
til forever on it goes through the circle fast and slow i know it cant stop i wonder,88.182,100.598
i want to know have you ever seen the rain i want to know have you ever seen the rain comin down on sunny day,105.254,125.042
yeah,126.917,128.469
i want to know have you ever seen the rain i want to know have you ever seen the rain comin down on sunny day,130.021,149.939
