words,start,end
i wanna start by letting you know this because of you my life has a purpose you helped me be who i am today i see myself in every word you say,7.114,19.688
sometimes it feels like nobody gets me trapped in a world where everyone hates me theres so much that im going through i wouldnt be here if it wasnt for you,20.528,33.47
i was broken i was choking i was lost this song saved my life i was bleeding stopped believing could have died this song saved my life i was down i was drowning but it came on just in time this song saved my life,34.1,57.91
sometimes it feels like youve known me forever you always know how to make me feel better because of you my dad and me are so much closer than we used to be,60.745,73.241
youre my escape when im stuck in this small town i turn you up whenever i feel down you let me know like no one else that its okay to be myself,74.212,86.944
i was broken i was choking i was lost this song saved my life i was bleeding stopped believing could have died this song saved my life i was down i was drowning but it came on just in time this song saved my life,87.653,111.752
you never know what it means to me that im not alone that ill never have to be,115.086,130.338
i was broken i was choking i was lost this song saved my life i was bleeding stopped believing could have died this song saved my life i was down i was drowning but it came on just in time this song saved my life,131.335,154.961
my life my life this song saved my life,155.224,161.472
my life my life this song saved my life,161.787,168.192
my life my life this song saved my life,168.717,175.122
my life my life this song saved my life,175.096,182.998
