words,start,end
ive got another confession to make im your fool everyones got their chains to break hold in you were you born to resist or be abused is someone getting the best the best the best the best of you is someone getting the best the best the best the best of you are you gone and onto someone new,0.876,45.17
i needed somewhere to hang my head without your noose you gave me something that i didnt have but had no use i was too weak to give in too strong to lose my heart is under arrest again but i break loose my head is giving me life or death but i cant choose i swear ill never give in i refuse,46.626,89.596
is someone getting the best the best the best the best of you is someone getting the best the best the best the best of you,91.052,104.111
has someone taken your faith its real the pain you feel your trust you must confess,105.699,112.89
is someone getting the best the best the best the best of you oh,113.111,124.89
oh oh oh oh,136.537,149.287
has someone taken your faith its real the pain you feel the life the love youd die to heal the hope that starts the broken hearts your trust you must confess,149.552,164.067
is someone getting the best the best the best the best of you is someone getting the best the best the best the best of you,164.155,177.876
ive got another confession my friend im no fool im getting tired of starting again somewhere new,178.846,192.302
were you born to resist or be abused i swear ill never give in i refuse,194.199,207.39
is someone getting the best the best the best the best of you is someone getting the best the best the best the best of you,208.89,221.773
has someone taken your faith its real the pain you feel your trust you must confess,223.537,230.817
is someone getting the best the best the best the best of you oh,230.905,242.64
