words,start,end
oh life is bigger its bigger than you and you are not me the lengths that i will go to the distance in your eyes i set it up,6.959,28.634
thats me in the corner thats me in the spotlight losing my religion trying to keep up with you and i dont know if i can do it oh no ive said too much i havent said enough i thought that i heard you laughing i thought that i heard you sing i think i thought i saw you try,30.584,74.609
every whisper every waking hour im choosing my confessions trying to keep eye on you like a hurt lost and blinded fool fool oh no ive said too much,76.934,101.459
i set it up i thought that i heard you laughing i thought that i heard you sing i think i thought i saw you try,103.484,120.659
that was just a dream that was just a dream thats me in the corner thats me in the spotlight losing my religion trying to keep up with you and i dont know if i can do it oh no ive said too much i havent said enough i thought that i heard you laughing i thought that i heard you sing i think i thought i saw you try but that was just a dream try cry cry try that was just a dream just a dream just a dream dream,131.384,200.084
