words,start,end
feet dont fail me now take me to the finish line all my heart it breaks every step that i take but im hoping at the gates theyll tell me that youre mine,22.888,43.063
walking through the city streets is it by mistake or design i feel so alone on the friday nights can you make it feel like home if i tell you youre mine its like i told you honey,45.161,67.701
dont make me sad dont make me cry sometimes love is not enough and the road gets tough i dont know why keep making me laugh lets go get high the road is long we carry on try to have fun in the meantime,68.083,90.279
come take a walk on the wild side let me kiss you hard in the pouring rain you like your girls insane,90.47,99.051
choose your last words this is the last time cause you and i we were born to die lost but now i am found i can see but once i was blind i was so confused as a little child tried to take what i could get scared that i couldnt find all the answers honey,101.645,137.457
dont make me sad dont make me cry sometimes love is not enough and the road gets tough i dont know why keep making me laugh lets go get high the road is long we carry on try to have fun in the meantime,137.915,160.035
come take a walk on the wild side let me kiss you hard in the pouring rain you like your girls insane choose your last words this is the last time cause you and i we were born to die,160.302,182.27
we were born to die we were born to die come take a walk on the wild side let me kiss you hard in the pouring rain you like your girls insane,186.504,204.963
dont make me sad dont make me cry sometimes love is not enough and the road gets tough i dont know why keep making me laugh lets go get high the road is long we carry on try to have fun in the meantime,207.747,229.867
come take a walk on the wild side let me kiss you hard in the pouring rain you like your girls insane choose your last words this is the last time cause you and i we were born to die,230.096,252.56
