words,start,end
well i tried to make it sunday but i got so damned depressed that i set my sights on monday and i got myself undressed i aint ready for the altar but i do agree theres times when a woman sure can be a friend of mine,17.157,42.923
well i keep on thinkin bout you sister golden hair surprise and i just cant live without you cant you see it in my eyes ive been one poor correspondent ive been too too hard to find but it doesnt mean you aint been on my mind,45.688,71.233
will you meet me in the middle will you meet me in the air will you love me just a little just enough to show you care well i tried to fake it i dont mind sayin i just cant make it,73.776,93.792
well i keep on thinkin bout you sister golden hair surprise and i just cant live without you cant you see it in my eyes ive been one poor correspondent ive been too too hard to find but it doesnt mean you aint been on my mind,113.033,138.357
will you meet me in the middle will you meet me in the air will you love me just a little just enough to show you care well i tried to fake it i dont mind sayin i just cant make it,141.011,160.916
