words,start,end
another night slowly clos es in and i feel so lone ly touching heat freezing onmy skin i pretend you stillholdme,19.34,38.66
im going crazy im los ing sleep im in too far im in way too deep over you i cant believe youre goneyou were the first youll be the last,39.124,60.762
wherever you go ill be with youwhatever you want ill give it to youwhenever you need someone to lay your heart and head upon remember after the fire,61.998,92.292
after all the raini will be the flame i will be the flame watching shadows move acrossthe wall feels so frighten ing i wanna run to you i wan na call but ive been hit by light ning,92.601,135.569
just cant stand up for falling apart cant see through this veil a cross my heart over you youll al ways be the one you were the first youll be the last,135.878,157.207
wherever you go ill be with youwhatever you want ill give it to youwhenever you need someone to lay your heart and head upon remember after the fire,158.444,188.737
after all the raini will be the flame i will be the flame im going crazy im los ing sleep in too far im in way too deep over you youll al ways be the one you were the first youll be the last,189.046,243.76
wherever you go ill be with youwhatever you want ill give it to youwhenever you need someone to lay your heart and head upon remember after the fire,244.997,275.291
after all the raini will be the flame i will be the flame wherever you go ill bewith youwhatever you want,275.6,309.603
ill give it to youwherever you go ill bewith you,309.757,321.813
