words,start,end
la la la la la di da da la di da da la da im just a sim ple girl in a high tech di gi tal world real ly try to un der st a nd all the powers that rule this la nd they say miss js big butt is boss kate moss cant find a job in a world of post mo dern fa d,6.134,31.634
what was good now is ba d its not ha rd to un der sta nd just fol low this sim ple pl an,31.934,42.284
fol low your he art your in tu i tion it will lead you in the right di rec tion let go of your mi nd your in tu i tion is ea sy to fi nd just fol low yo ur heart ba by,44.234,62.834
la la la la la di da da la di da da la da you look at me but your not quite sure am i it could you get more you learn cool from ma ga zi nes you learn love from char lie she en,63.734,82.034
if you wa nt me let me kno w i pro mi se i wont say no o,82.034,90.434
fol low your he art your in tu i tion it will lead you in the right di rec tion,92.234,101.084
let go of your mi nd your in tu i tion is ea sy to fi nd just fol low yo ur heart ba by you got something that you wantin to sell sell your sin just cash in you got something that you wantin to tell youll love me wait and see,101.534,129.884
if you want me dont play ga mes i pro mise it wont be in vain,130.934,138.284
fol low your he art your in tu i tion it will lead you in the right di rec tion let go of your mi nd your in tu i tion its ea sy to fi nd just fol low yo ur heart ba by,140.234,158.834
just fol low your he a rt your in tu i tio n it will lead you in the right di rec tion let go of your mi nd your in tu i tion makes it ea sy to fi nd just fol low yo ur heart ba by,159.134,178.034
fol low your he art your in tu i tion it will lead you in the right di rec tion let go of your mi nd your in tu i tion its ea sy to fi nd just fol low yo ur heart ba by,178.634,197.234
fol low your he art your in tu i tion it will lead you in the right di rec tion let go of your mi nd your in tu i tion its ea sy to fi nd just fol low yo ur heart ba by,197.834,216.434
fol low your he art your in tu i tion it will lead you in the right di rec tion,217.034,225.884
