words,start,end
li thi u m dont wan na lock me up in side li thi um dont wan na for get how it feels with out li thi um i want to stay in love with my sor row oh oh but god i wan na let it go,0.338,36.44
come to bed dont make me sleep a lone could nt hide the emp ti ness you let it show ne ver wan ted it to be so cold just did nt drink e nough to say you love me,43.05,71.016
i cant hold on to me won der whats wrong with me,71.524,79.533
li thi u um dont wan na lock me up in side li thi um dont wan na for get how it feels with out li thi u m i wan na stay in love with my sor row i dont wan na let it lay me down this time drown my will to,79.66,123.897
fly here in the dark ness i know my self cant break free un til i let it go let me go da r ling i for give you a f ter all a ny thing is bet ter than to be a lone and i n the end i guess i had to fall al ways find my place a mong the ash es,124.152,177.033
i cant hold on to me won der whats wrong with me,177.287,185.296
li thi um dont wan na lock me up in side li thi um dont wan na for get how it feels with out li thi um stay in love with you i im gon na let it go,185.423,218.728
