words,start,end
strolling along country roads with my baby it starts to rain it begins to pour without an umbrella were soaked to the skin i feel a shiver run up my spine i feel the warmth of her hand in mine,12.828,39.228
ooh i hear laughter in the rain walking hand in hand with the one i love ooh how i love the rainy days and the happy way i feel inside,39.228,59.328
after a while we run under a tree i turn to her and she kisses me there with the beat of the rain on the leaves softly she breathes and i close my eyes sharing our love under stormy skies,60.528,86.478
ooh i hear laughter in the rain walking hand in hand with the one i love ooh how i love the rainy days and the happy way i feel inside,86.628,127.278
i feel the warmth of her hand in mine,127.278,134.178
ooh i hear laughter in the rain walking hand in hand with the one i love ooh how i love the rainy days and the happy way i feel inside,134.178,153.378
ooh i hear laughter in the rain walking hand in hand with the one i love,153.378,162.978
