words,start,end
the race is on to get out of the bottom the top is high so your roots are forgotten giving is good as long as youre getting whats driving you its ambition im betting,24.835,39.969
i said a who do you think you are do you think you are i said a who some kind of superstar you have got to swing it shake it move it make it who do you think you are trust it use it prove it groove it show me how good you are swing it shake it move it make it who do you think you are trust it use it prove it groove it show how good you are,40.096,73.67
youre swelling out in the wrong direction youve got the bug superstar youve been bitten your trumpets blowing for far too long climbing the snake up the ladder but youre wrong,81.809,97.769
who do you think you are do you think you are i said a who some kind of superstar you have got to swing it shake it move it make it who dyou think you are trust it use it prove it groove it show me how good you are swing it shake it move it make it who do you think you are trust it use it prove it groove it show how good you are,97.96,130.643
you have got to reach on up never lose your soul you have got to reach on up never lose control,138.528,153.788
i said a who do you think you are do you think you are i said a who some kind of superstar you have got to swing it shake it move it make it who dyou think you are trust it use it prove it groove it show me how good you are swing it shake it move it make it who do you think you are trust it use it prove it groove it,154.043,185.2
show me how good you are swing it shake it move it make it who dyou think you are trust it use it prove it groove it show me how good you are swing it shake it move it make it who do you think you are trust it use it prove it groove it show me how good you are swing it shake it move it make it who dyou think you are trust it use it prove it groove it show me how good you are swing it shake it move it make it who do you think you are trust it use it prove it groove it show me how good you groove it,185.327,219.791
