words,start,end
there was a ti i ime when i was so broken hearted love wasnt mu uch of a friend of mi ine the tables have tu urned yeah cause me and them ways have parted that kind of lo ove was the killin ki ind,16.039,40.373
listen all i wa ant is someone i cant resist i know all i need to know by the way that i got kissed,41.956,54.873
i was cryin when i met you now im tryin to forget you u lo ove is sweet misery y y i was cryin just to get you now im dyin cause i let you u do what you do down on me e ye eah,55.539,81.623
now theres not even breathin ro o oom between pleasure and pain yeah you cry when were makin love must be one and the same,83.456,95.789
its down on me e e yeah i got to tell you one thi ing its been on my mi ind girl i gotta say were partners incri ime you got that certain something what you give to me e takes my breath away,97.706,121.789
now the word out on the stre eet is the devils in your kiss if our love goes up in flames its a fire i cant resist,123.539,136.623
i was cryin when i met you now im tryin to forget you u love is sweet misery y i was cryin just to get you now im dyin cause i let you u do what you do to me e e e ye eah,137.206,163.873
cause what you got inside aint where your love should stay yeah our love sweet love aint love till you give your heart awa ay,178.373,191.456
i was cryin when i met you now im tryin to forget you u your love is swe eet misery y i was cryin just to get you now im dyin to let you u do what you do what you do down to me baby baby baby baby baby baby baby,195.123,225.206
i was cryin when i met you now im tryin to forget you u your love is sweet misery y i was cryin when i met you now im dyin cause i let you u do what you do o down to,256.456,280.873
down to down to down to down to i was cryin when i met you now im tryin to forget you u your love is swe eet misery y,281.206,298.623
