words,start,end
youve become the enemy,7.63,9.982
i hate you for what youve become i hate you you know what youve done you cant look me in the eye but i want you to see i wont be your lifeline when you will be the death of me,23.802,52.323
youve become the enemy,54.675,57.027
but you wont be the end of me youve become the enemy its like you died before you were born youre like jesus christ with devils horns suckin me down in your black hole give back the life the life you stole,59.085,89.077
i hate you for what youve become how do you live with the things that youve done so look me in the eye cause i want you to see i wont be your lifeline when you will be the death of me,92.017,118.186
youve become the enemy,120.538,122.89
but you wont be the end of me youve become the enemy its like you died before you were born youre like jesus christ with devils horns suckin me down in your black hole give back the life the life you stole,124.948,158.174
its like you died before you were born youre like jesus christ with devils horns suckin me down in your black hole give back the life the life you stole,171.111,190.223
youve become the enemy but you wont be the end of me youve become the enemy give back the life the life you stole,191.105,209.041
