words,start,end
im waitin on the sun to set cause yesterday aint over yet i started smokin cigarettes theres nothin else to do i guess dusty roads aint made for walkin spinnin tires aint made for stoppin im givin up on love cause loves given up on me,16.058,42.762
well i gave it everything i had and everything i got was bad life aint hard but its too long to live it like some country song trade the truth in for a lie cheatin really aint a crime im givin up on love cause loves given up on me,46.247,73.01
forget your high society im soakin it in kerosene light em up and watch them burn teach em what they need to learn ha dirty hands aint made for shakin aint a rule that aint worth breakin well im givin up on love cause loves given up on me,95.46,122.104
now i dont hate the one who left you cant hate someone whos dead hes out there holdin on to someone im holdin up my smokin gun ill find somewhere to lay my blame the day she changes her last name well im givin up on love cause loves given up on me well im givin up on love hey loves given up on me,125.767,159.914
