words,start,end
isolated from the outside clouds have taken all the light i have no control it seems my thoughts wander off,2.508,23.374
of the time when i tried to live life without you,24.043,38.597
birds falling down the rooftops out of the sky like raindrops no air no pride,40.231,57.31
if being myself is what i do wrong then i would rather not be right hopes turn into fear and with my one wing i cant fly with sunrise,60.577,85.973
embrace my dreams tight and thats why,86.345,97.558
birds falling down the rooftops out of the sky like raindrops no air no pride birds,98.746,118.795
to a place without fear with no moonlight all i need are trees and flowers and some sunlight where memories are being made and where the old one dies where love aint lies,121.988,144.711
birds falling down the rooftops out of the sky like raindrops,145.899,157.335
birds falling down the rooftops out of the sky like raindrops no air no pride thats why birds dont fly,157.632,185.181
