words,start,end
i would have given you all of my heart but theres someone whos torn it apart and shes taken just all that i have but if you want to try to love again baby i try to love again but i know,45.115,73.488
the first cut is the deepest baby i know the first cut is the deepest and it come to bein lucky shes cursed when it come to lovin me shes worst,76.561,96.982
i still want you to be by my side just to help me dry the tears that i cry and im sure gonna give you a try but if you wanna try to love again baby i try to love again but i know,101.32,129.693
the first cut is the deepest baby i know the first cut is the deepest and it come to bein lucky shes cursed when it come to lovin me shes worst,132.404,153.368
i still want you to be by my side just to help me dry the tears that i cry and im sure gonna give you a try cause if you wanna try to love again baby i try to love again but i know,177.765,205.777
the first cut is the deepest baby i know the first cut is the deepest and it come to bein lucky shes cursed when it come to lovin me shes worst,211.561,231.801
