words,start,end
tell me why we never cared to do this when we still had time well never have to give up if we never try i know ill only want it when its gone into the fire show me now i wish that i could fake it but i dont know how i know well never make it but i cant stop now were only just beginning and its over,28.625,64.521
too late no time its over and now cant wait now its too late no time its over and now cant wait and now we all fall down,67.041,88.712
into the fire and my wishes have all come true we all fall down i dont want it if i cant be with you,89.216,105.064
leave me here ill never see tomorrow til my eyes are clear we never could run faster than the passing years i know that i wont miss you til youre gone into the fire cross my heart well never have to let this end if we dont start well never see the light til we step into the dark were only just beginning and its over,105.344,141.128
too late no time its over and now cant wait now its too late no time its over and now cant wait and now we all fall down,143.872,165.432
into the fire and my wishes have all come true we all fall down i dont want it if i cant be with you theres a lesson that we learn in the pages that we burn,165.992,187.943
its written in the ashes of the fire below all the world is spinning round as we crash into the ground well never be together now its too late,188.447,202.727
