words,start,end
she she screams in silence a sulley roit penetrating through her mind waiting for a sign to smash the silence with the brick of self controol,5.536,25.935
are you locked up in a world thats been planned out for you are you feeling like a social tool without a use scream aat me until my eaars bleed im taking heedin just for you,27.15,46.659
she shes figured ouut that all her doubts were someone elses point of view waking up this tiime to smash the silence with the brick of self controol,48.035,67.463
are you locked up in a world thats been planned out for you are you feeling like a social tool without a use scream aat me until my eaars bleed im taking heedin just for you,69.001,87.943
yeah are you locked up in a world thats been planned out for you are you feeling like a social tool without a use scream aat me until my eaars bleed im taking heed in just for you,88.51,129.713
