words,start,end
yeah baby im coming to get you,3.853,16.305
you might stop a hurricane might even stop the drivin rain you might have a dozen other guys but if you wanna stop me baby dont even try im goin one way your way its such a strong way lets make it our way now baby,22.2,55.714
cant stop this thing we started you gotta know its right cant stop this course weve plotted yeah this thing called love we got it no place for the brokenhearted cant stop this thing we started no way im goin your way,56.376,91.613
yeah you might stop the world spinnin round might even walk on holy ground i aint superman and i cant fly but if you wanna stop me baby dont even try im goin one way your way oooh its such a strong way lets make it our way now baby,92.871,128.108
cant stop this thing we started you gotta know its right cant stop this course weve plotted yeah this thing called love we got it no place for the brokenhearted cant stop this thing we started no way im goin your way,128.638,163.808
oh why take it slow i gotta know hey cause nothing can stop this thing that we got yeah,166.258,183.281
oh yeah cant stop this thing we started yeah you gotta know its right cant stop this course weve plotted yeah,198.978,216.133
this thing called love we got it aint no place for the brokenhearted cant stop this i cant stop it cant stop this thing we started you gotta know its so right cant stop this course weve plotted oh yeah hey baby cant stop this i cant stop it i cant stop it yeah i cant stop it yea,217.855,259.185
