words,start,end
see the girl with cymbals on her fingers entering through the door ruby glistening from her navel shimmering around the floor,12.259,21.378
bells on feet go tinga linga linging going through my head sweat is falling just a like a tear drops running from her head,21.597,30.861
now shes dancing going through the movements swaying to and fro body moving bringing back a memory thoughts of long ago,35.603,44.576
blood is rushing temperature is rising sweating from my brow like a snake her body fascinates me i cant look away now,44.941,53.914
stop stop stop all the dancing give me time to breathe stop stop stop all the dancing or ill have to leave,54.278,66.096
now shes moving all around the tables luring all in sight but i know that she cannot see me hidden by the light,68.285,77.403
closer closer she is getting nearer soon shell be in reach as i enter into a spotlight she stands lost for speech,77.622,86.595
stop stop stop all the dancing give me time to breathe stop stop stop all the dancing or ill have to leave,86.96,98.778
stop stop stop all the dancing give me time to breathe stop stop stop all the dancing or ill have to leave,114.973,124.092
now i hold her people are staring dont know what to think and we struggle knocking over tables spilling all the drinks,124.31,133.283
cant they understand that i want her happens evry week heavy hand up on my collar throws me in the street,133.648,142.694
stop stop stop all the dancing give me time to breathe stop stop stop all the dancing or ill have to leave,142.986,163.995
