words,start,end
so much for your promises they died the day you let me gooo caught up in a web of lies but it was just too late to knooow i thought it was you who would stand by my side,17.228,39.046
and now youve given me given me nothing but shattered dreams shattered dreams feel like i could run away run away from this empty heart,39.79,56.154
you said youd die for me,59.625,63.84
woke up to reality and found the future not so briiight i dreamt the impossible that maybe things could work out riiight i thought it was you who would do me no wrong,64.831,86.897
and now youve given me given me nothing but shattered dreams shattered dreams feel like i could run away run away from this empty heaaart,87.393,103.509
given me given me nothing but shattered dreams shattered dreams feel like i could run away run away from this empty heart,104.005,119.625
from this empty heaaart,126.567,133.261
i thought it was you who said youd die for love,136.236,142.435
and now youre given me given me nothing but shattered dreams shattered dreams feel like i could run away run away from this empty heaaart,142.93,158.798
youre given me given me nothing but shattered dreams shattered dreams feel like i could run away run away from this empty heart,159.294,173.922
oh no no no you said youd die for me,174.666,182.848
oh oh oh oh die for me so much for your promises,184.088,193.881
