words,start,end
oh how do you do young willy mcbride do you mind if i sit here down by your graveside and rest for a while in the warm summer sun ive been walking all day and im nearly done and i see by your gravestone you were only nineteen when you joined the great falling in nineteensixteen well i hope you died quick and i hope you died clean or willy mcbride was it slow and obscene,8.851,49.235
did they beat the drums slowly did they play the fife lowly did they sound the death march as they lowered you down did the band play the last post and chorus did the pipes play the flowers of the forest,49.298,70.581
and did you leave a wife or a sweetheart behind in some loyal heart is your memry enshrined and though you died back in nineteensixteen to that loyal heart youre forever nineteen or are you a stranger without even a name forever enshrined behind some old glass pane in an old photograph torn tattered and stained and faded to yellow in a brown leather frame,74.629,115.014
did they beat the drums slowly did they play the fife lowly did they sound the death march as they lowered you down did the band play the last post and chorus did the pipes play the flowers of the forest,115.077,136.391
the sun shining down on these green fields of france the warm wind blows gently and the red poppies dance the trenches have vanished long under the plow,140.313,154.607
no gas no barbed wire no guns firing now,155.24,159.762
but here in this graveyard,160.173,162.513
thats still no mans land,162.608,164.664
the countless white crosses in mute witness stand to mans blind indifference to his fellow man and a whole generation,165.17,178.673
were butchered and damned,178.768,180.792
did they beat the drums slowly did they play the fife lowly did they sound the death march as they lowered you down did the band play the last post and chorus did the pipes play the flowers of the forest,180.887,202.138
and i cant help but wonder no willy mcbride do all those who lie here know why they died did you really believe them when they told you the cause did you really believe that this war would end wars well the suffering the sorrow the glory the shame the killing and dying it was all done in vain oh willy mcbride it all happened again,206.123,241.352
and again and again and again and again did they beat the drums slowly did they play the fife lowly did they sound the death march as they lowered you down did the band play the last post and chorus did the pipes play the flowers of the forest,242.08,269.909
