words,start,end
like the wallpaper sticks to the wall and like the seashore clings to the sea like youll never get rid of your shadow youll never get rid of me,29.729,45.729
let all the others fight and fuss whatever happens weve got us,47.312,58.312
closer than pages that stick in a book were closer than ripples that flow in a brook strolling down the avenue closer than a miser or the bloodhounds penalizin me,61.729,79.062
closer than smog gets to all of la closer than jonny to confessing hes gay not a soul can bust this team in two we stick together like glue,79.562,94.395
and when its sleepin ti ime thats when we ri i ise we start to swing uh you think youre so jazz you our clocks dont chime what a surprise and they ring a ding ding happy new year,94.979,113.812
me now to repeat what i said at the start dont need a large crowbar to break us apart were alone but far from blue,114.312,129.562
before we get finished well make the town ro oar well hit all the late spots and then a few more well start up at stringys and maybe groucho life is gonna be a wow wow whee for my shadow and me,132.145,157.395
before we get finished well make the town roar well hit all the late spots and then a few more well start up at stringys and maybe crap joe life is gonna be a wow wow whee for my shadow and me,202.645,229.895
