words,start,end
you walked into the party like you were walking onto a yacht your hat strategically dipped below one eye your scarf it was apricot,18.81,35.348
you had one eye in the mirror as you watched yourself gavotte and all the girls dreamed that theyd be your partner theyd be your partner,36.566,51.759
and youre so vain you probably think this song is about you,51.823,59.9
youre so vain,60.028,62.592
ill bet you think this song is about you dont you dont you you had me several years ago when i was still quite naive well you said that we made such a pretty pair and that you would never leave,63.425,87.464
but you gave away the things you loved and one of them was me i had some dreams they were clouds in my coffee clouds in my coffee,87.72,103.105
and youre so vain you probably think this song is about you,103.169,111.054
youre so vain,111.182,113.746
ill bet you think this song is about you,114.643,117.848
dont you dont you dont you i had some dreams they were clouds in my coffee clouds in my coffee,118.041,154.131
and youre so vain you probably think this song is about you,154.195,162.079
youre so vain,162.272,164.707
ill bet you think this song is about you dont you dont you well i hear you went up to saratoga and your horse naturally won then you flew your lear jet up to nova scotia to see the total eclipse of the sun,165.669,188.938
well youre where you should be all the time and when youre not youre with some underworld spy or the wife of a close friend wife of a close friend,189.772,205.028
and youre so vain you probably think this song is about you,205.156,212.977
youre so vain,213.169,215.605
ill bet you think this song is about you,216.566,219.772
dont you dont you dont you now youre so vain you probably think this song is about you youre so vain,219.836,244.259
