words,start,end
its been a long time now im coming back home ive been away now oh how ive been alone,0.739,12.035
wait till i come back to your side well forget the tears we cried,12.793,20.602
but if your heart breaks dont wait turn me away and if your hearts strong hold on i wont delay,21.435,32.693
wait till i come back to your side well forget the tears we cried,33.489,41.222
i feel as though you ought to know that ive been good as good as i can be and if you do ill trust in you and know that you will wait for me,41.942,56.309
its been a long time now im coming back home ive been away now oh how ive been alone,56.801,68.097
wait till i come back to your side well forget the tears weve cried,68.855,76.664
i feel as though you ought to know that ive been good as good as i can be and if you do ill trust in you and know that you will wait for me,77.46,92.016
but if your heart breaks dont wait turn me away and if your hearts strong hold on i wont delay,92.66,103.956
wait till i come back to your side well forget the tears weve cried,104.714,112.56
its been a long time now im coming back home ive been away now oh how ive been alone,113.319,127.078
