words,start,end
bright light city gonna set my soul,7.7,10.463
gonna set my soul on fire gotta whole lotta money thats ready to burn so get those stakes up higher theres a thousand pretty women waiting out there theyre all living the devil may care and im just a devil with love to spare viva las vegas viva las vegas,10.516,36.43
how i wish that there were more than the twenty four hours in the day but even if there were forty more i wouldnt sleep a minute away oh theres blackjack and poker and the roulette wheel a fortune won and lost on every deal all you needs a strong heart and a nerve of steel viva las vegas viva las vegas,37.733,66.463
viva las vegas with your neons flashing and your one armed bandits crashing all those hopes down the drain viva las vegas turning day into night time turning night into daytime if you see it once youll never be the same again,67.767,85.808
im gonna keep on a running gonna have me some fun if it costs me my very last dime if i wind up broke well ill always remember that i had a swinging time im gonna give it everything ive got lady luck please let the dice stay hot let me shoot a seven with every shot viva las vegas viva las vegas viva las vegas viva viva las vegas,87.163,130.284
