words,start,end
when i saw you standing there about fell off mychair when you moved your mouth to speak i felt the blood go to myfeet,1.222,25.847
now it took time for meto know what you tried sonot to show something in mysoul just cried i see the want inyour blue eyes,28.254,52.879
baby id love you to want me the way that i want you the way that itshould be baby youd love me to want you the way that i want to if youd only let it be,53.434,77.318
you told yourself yearsago youd never let yourfeelings show the obligationthat you made for the title thatthey gave,80.281,103.795
baby id love you to want me the way that i want you the way that it shouldbe baby youd love me to want you the way that i want to if youd only let it be,104.72,128.419
now it took time for me toknow what you tried so notto show something in my souljust cried i see the want in yourblue eyes,141.75,165.079
baby id love you to wantme the way that i want you the way that it should be babyyoud love me to want you the way that i want to if youd only let it be,166.005,189.148
