words,start,end
i cant believe its over i watched the whole thing fall and i never saw the writing that was on the wall if id only knew the days were slipping past that the good thingsnever last that youwere crying,15.124,39.054
uhm uhm summer turned to winter and the snow it turned to rain and the rain turned into tears upon your fa ce i hardly recogni zed the girl you are today and god i hopeits not toola te uhm its not too late,40.795,66.683
cause you are not alone im always there with you and well get lost together till the light comes pouring through cause when you feel like youre done and the darkness has won,67.988,87.35
babe youre not lo st when your worldscrashing down and you cantbear the though t i said babe youre not lost life can show no mercy it can tear your soul apart it can make you feel,89.091,119.33
like youve gone crazy but youreno t thingshave seem to chan ged theres one thing thats still the same in my heart you have remained andwe can fly fly fly awa y,119.547,145.653
cause you are not alone and i am there with you and well get lost together tillthe light comes pouring through cause when you feel like youre done and the darkness has won,147.611,167.408
babe youre not lo st when the worlds crashingdown and you cannot bear to craw l i said baby youre not lost uhm yeah yeah yeah yeah i said baby youre not lost i said baby youre not lost uhm yeah yeah i said baby youre not lost,169.149,213.964
