words,start,end
theres a little creepy house in a little creepy place little creepy town in a little creepy world little creepy girl with her little creepy face saying funny things that you have never heard,24.002,39.125
do you know what its all about are you brave enough to figure out know that you could set your world on fire if you are strong enough to leave your doubts,40.18,54.248
feel it breathe it believe it and youll be walking on air go try go fly so high and youll be walking on air you feel this unless you kill this go on and youre forgiven i knew that i could feel that i feel like i am walking on air,55.655,85.608
yeah she has a little creepy cat and a little creepy bed little rocking chair and an old blue hat that little creepy girl oh she loves to sing she has a little gift an amazing thing with her little funny eyes of hazel with her little funny old blue hat she will go and set the world on fire no one never thought she could do that,87.777,121.95
feel it breathe it believe it and youll be walking on air go try go fly so high and youll be walking on air you feel this unless you kill this go on and youre forgiven i knew that i could feel that i feel like i am walking on air,123.064,153.017
flitter up and hover down be all around be all around,160.637,174.354
you know that i love you go on,180.04,183.088
feel it breathe it believe it and youll be walking on air go try go fly so high and youll be walking on air you feel this unless you kill this go on and youre forgiven i knew that i could feel that i feel like i am walking on air,183.146,213.217
