words,start,end
my words are wrapped in barbwire my actions speak for what i cant say cause i fall one step forward to push you away push you away,2.664,16.91
i wish that i could listen to all the advice that i give away but its hard to see things clearly through all of the pain all of the pain,17.737,31.925
im caught in the rain caught in the rain,31.984,35.176
and my hearts too drunk to drive i should stay away from you tonight but in this blackout state of mind baby all i want is you tonight,35.471,50.25
when my head tells me no my heart tells me go so im hitting the road cause i i know my hearts too drunk to drive,50.545,61.008
but im on my way to you yeah im on my way to you you to you tonight im on my way you to you im on my way to you,61.068,82.053
theres a million voices screaming that this loves a dead end road but the only voice that i hear is telling me go telling me go,82.289,96.417
the sun is rising sober while passion fades and im on my own my helpless hearts hangover im all out of hope all out of hope,97.127,111.373
where do we go where do we go,111.491,114.861
cause my hearts too drunk to drive i should stay away from you tonight but in this blackout state of mind baby all i want is you tonight,114.92,129.639
when my head tells me no my heart tells me go so im hitting the road cause i i know my hearts too drunk to drive,130.053,140.338
but im on my way to you yeah im on my way to you you to you tonight im on my way you to you im on my way to you,140.457,161.501
and no ones words can stop me im past the point of no return no matter how it hurts me im running to you running to you,161.56,175.215
and my hearts too drunk to drive i should stay away from you tonight but in this blackout state of mind baby all i want is you tonight,175.393,189.994
when my head tells me no my heart tells me go so im hitting the road cause i i know my hearts too drunk to drive,190.467,200.87
but im on my way to you yeah im on my way to you you to you tonight im on my way you to you im on my way to you,200.93,222.033
