words,start,end
i wanna go home i wanna go home oh how i wanna go home,15.306,30.376
last night i went to sleep in detroit city and i dreamed about those cottonfields of home,33.743,48.642
i dreamed about my mother dear old pappa sister and brother i dreamed about the girl whos been waitin for so long,51.724,67.936
i wanna go home i wanna go home oh how i wanna go home,68.05,84.147
home folks think im big in detroit city from the letters that i write they think im fine but by day i make the cars and by night i make the bars if only they could read between the lines,92.024,124.218
you knowi rode a freighttrain north to detroit city after all this years i find ive just been wastin my time so i just think ill take my foolish pride on a southbound train and ride going back to the loved ones,127.643,154.472
go on there left waitin so far behind i wanna go home i wanna go home oh how i wanna go home,155.442,177.476
i wanna go home i wanna go home oh how i wanna go home,179.645,197.74
