words,start,end
shizuka ni sora ni kaeru anata no sugata wo besides avenge you namida ga kareru made zutto mitsumete ita,32.703,46.516
afureru kanashimi wa kesenai kizuato ni wasure wa shinai to chikatta oreta tsubasa wo habatakase subete wo keshite miseyou itsu no hi ka owari wo mukaeru saigo no kane ga nariyamu made you told me to live as if you were to die tomorrow feel as if you were to be reborn now face as if you were to live forever,47.703,88.078
furueru yubi de akai namida wo nazotta nothing to lose hakanai omoide ga yami ni ochite yuku,88.703,102.328
saigo no hohoemi ga ukande wa kieru nukumori dake wo nokoshite,103.703,119.328
yasashii dake no kotoba nara ima no boku wa iyasenai hateshinaku tsuzuku tatakai ni kono mi wo subete sasageru dake,120.203,137.078
itsu ka wa kono sora ni daremo ga kaeru kara wakare no kotoba wa iranai make it up,171.703,188.266
oreta tsubasa wo habatakase subete wo keshite miseyou itsu no hi ka owari wo mukaeru saigo no kane ga nariyamu,188.453,203.766
yasashii dake no kotoba nara ima no boku wa iyasenai hateshinaku tsuzuku tatakai ni kono mi wo subete sasageru dake,204.203,223.266
redemption redemption,223.953,236.016
