words,start,end
jump back whats that sound here she comes full blastn top down hot shoe burnin down the avenue model citizen zero discipline,43.978,57.683
dont you know shes coming home with me youll lose her in that turn oh yeah,58.104,64.746
panama,70.439,71.598
panama,73.812,75.288
panama,77.186,78.345
panama,80.665,82.141
aint nothin like it its a shining machine got the feel for the wheel keep the movin parts clean hot shoe burnin down the avenue got an on ramp comin through my bedroom,85.093,98.587
dont you know shes comin home with me youll lose her in that turn oh yeah,99.008,105.755
panama,111.343,112.503
panama,114.822,116.298
panama,118.195,119.355
panama oh oh oh oh shes runin im flyin right behind in the rearview mirror now got the fearin power steerin pistons poppin aint no stoppin now,121.674,187.775
panama,188.091,189.25
panama,191.464,192.94
panama,194.943,196.103
panama oh oh oh oh panama panama oh oh oh oh panama,198.317,209.597
