words,start,end
like the sand can seep right through your fingers so can all your days,41.152,49.968
as those days go by youll have me there to help you find the way i feel with you i know its got to last forever,54.33,68.962
and when the rain begins to fall youll ride my rainbow in the sky and i will catch you if you fall,69.416,77.959
youll never have to ask me why and when the rain begins to fall,78.232,83.685
ill be the sunshine in your life you know that we can have it all and evrything will be alright time goes by so fast youve got to have a dream to just hold on all my dreams of love began with the reality of you and i believe that all your dreams will last forever and when the rain begins to fall youll ride my rainbow in the sky and i will catch you if you fall,83.957,140.395
youll never have to ask me why and when the rain begins to fall,140.758,146.211
ill be the sunshine in your life you know that we can have it all and evrything will be alright though the sun may hide we still can see the light that shines for you and me well be together all that we can be,146.575,179.655
and when the rain begins to fall youll ride my rainbow in the sky and i will catch you if you fall,185.835,194.287
youll never have to ask me why and when the rain begins to fall,194.651,200.013
ill be the sunshine in your life you know that we can have it all and evrything will be alright and evrything will be alright,200.467,236.82
