words,start,end
she is not scared to die best things in life drive her to cry crucify then learn,24.728,41.419
sit and watch me burn,43.088,47.679
shes taught to believe that it be ok look at your face scarred in dismay but times have changed and so have you i think id rather crucify than learn,51.434,68.126
sit and watch me burn,69.795,73.968
id like to take you down and show you deep inside my life my inner working so smell and lack of inner pride to touch upon the surface is not for what it seems i take away my problems but only in my dreams,78.14,91.911
so much away from inside you makes no sense you know he cant guide you hes your fucking shoulder to lean on be strong,91.911,97.961
take so much away from inside you makes no sense you know he cant guide you hes your fucking shoulder to lean on be strong crucify then learn sit and watch me burn,98.379,148.974
crucify then learn sit and watch me burn,151.165,162.432
crucify then learn sit and watch me burn crucify then learn,164.518,182.879
