words,start,end
cracklin rosie get on board were gonna ride till there aint no more to go taking it slow lord dont you know have me a time with a poor mans lady,8.715,27.59
hitchin on a twilight train aint nothing there that i care to take along maybe a song to sing when i want dont need to say please to no man for a happy tune oh i love my rosie child you got the way to make me happy you and me we go in style,27.84,61.215
cracklin rose youre a storebought woman you make me sing like a guitar hummin so hang on to me girl our song keeps runnin on play it now play it now play it now my baby cracklin rose make me a smile girl if it lasts for an hour well thats all right we got all night to set the world right find us a dream that dont ask no questions yeah,61.59,102.465
oh i love my rosie child you got the way to make me happy you and me we go in style,104.715,115.215
cracklin rose youre a store bought woman you make me sing like a guitar hummin,115.715,122.715
so hang on to me girl our song keeps runnin on play it now play it now play it now my baby cracklin rose make me a smile girl if it lasts for an hour wellthats all right we got all night to set the world right find us a dream that dont ask no questions,122.965,154.465
