words,start,end
here she comes at first you smile then turn away ive been thinking of what i should say all last night i stayed up dreaming,17.742,35.256
i look at you im just a guy i know my place but still ill try you must be tired of people asking but im still asking,35.922,54.635
please oh please let me down easy please just let me down easy dont you hear my heart is calling you dont know how hard ive fallen for you,55.767,92.327
another day youre passing by todays the day im gonna try you dont know how much im hoping how im hoping,99.719,118.365
please oh please let me down easy please just let me down easy cant you hear my heart is calling you dont know how hard ive fallen for you,119.63,156.323
if you told me to follow you know id fly to you here i go i may fall but i will try,164.647,180.696
so please let me down easy please just let me down easy please just let me down easy,185.357,222.982
