words,start,end
the story behind the painting i drew is already told no more tearstains on the pages of my diary tired but unable to give up since im responsible for the lives i saved,45.276,69.673
the play is done the curtains down all the tales are told all the orchids gone lost in my own world now i care for dead gardens,70.333,100.204
my song is little worth any mo re time to lay this weary pen asi de,102.753,114.078
the play is done the curtains down,114.928,120.213
all the tales are told a ll the orchids gone,156.926,168.629
all the tales are told a ll the orchids gone lost in my own world now i care for dead gardens,169.054,192.932
