words,start,end
the devil went down to georgia he was looking for a soul to steal and he was in a bind cause he was way behind and was willin to make a deal,16.883,23.44
when he came across this young man sawing on a fiddle and playin it hot and the devil jumped up on a hickory stump and said boy let me tell you what i bet you didnt know it but im a fiddle player too and if you care to take a dare,23.877,36.115
ill make a bet with you now you play a pretty good fiddle boy but give the devil his due ill bet a fiddle of gold against your soul cause i think im better than you,36.224,44.638
the boy said my names johnny and it might be a sin but ill take your bet your gonna regret cause im the best thats ever been,44.966,51.631
johnny rosin up your bow and play your fiddle hard cause hells broke loose in georgia and the devil deals the cards and if you win you get this shiny fiddle made of gold but if you lose the devil gets your soul,52.287,66.711
the devil opened up his case and he said ill start this show and fire flew from his fingertips as he rosined up his bow and he pulled the bow across the strings and it made an evil hiss then a band of demons joined in and it sounded something like this,74.141,87.909
when the devil finished johnny said well youre pretty good ol son but sit down in that chair right there and let me show you how its done,124.296,131.18
fire on the mountain run boys run the devils in the house of the rising sun chicken in the bread pan picking out dough granny does your dog bite no child no the devil bowed his head because he knew that hed been beat and he laid that golden fiddle,131.508,170.627
on the ground at johnnys feet johnny said devil just come on back if you ever want to try again cause i told you once you sonofagun im the best thats ever been he played fire on the mountain run boys run the devils in the house of the rising sun chicken in the bread pan picking out dough granny does your dog bite no child no,170.627,192.918
