words,start,end
we skipped the light fandango turned cartwheels cross the floor i was feeling kinda seasick the crowd called out for more the room was humming harder as the ceiling flew away when we called out for another drink the waiter brought a tray,28.84,76.068
and so it was that later as the miller told his tail that her face at first just ghostly turn a whiter shade of pale,77.125,102.556
she said there is no reason and the truth is plain to see but i wandered through my playing cards would not let her be one of sixteen vestal virgins who were leaving for the coast and although my eyes were open they might have just as wellve been closed,132.214,179.641
and so it was that later as the miller told his tail that her face at first just ghostly turn a whiter shade of pale and so it was that late,180.433,238.825
