words,start,end
well i wonder which song theyre gonna play when we go i hope its something quiet and minor and peaceful and slow when we float out into the ether into the everlasting arms i hope we dont hear marleys chains we forged in life,42.558,63.319
cause the chains ive been hearing now for most of my life the chains ive been hearing now for most of my life,65.418,70.998
did you hear the 59 sound coming through on grandmamas radio did you hear the rattling chains in the hospital walls,71.043,80.508
did you hear the old gospel choir when they came to carry you over did you hear your favorite song one last time,81.982,91.893
and i wonder were you scared when the metal hit the glass see i was playing a show down the road when your spirit left your body and they told me on the front lawn im sorry i couldnt go but i still know the song and the words and her name and the reasons,94.081,114.797
and i know cause we were kids and we used to hang and i know cause we were kids and we used to hang,116.806,122.521
did you hear the 59 sound coming through on grandmamas radio did you hear the rattling chains in the hospital walls,122.521,131.897
did you hear the old gospel choir when they came to carry you over did you hear your favorite song one last time,133.459,143.237
young boys young girls young boys young girls,145.469,155.247
aint supposed to die on a saturday night aint supposed to die on a saturday night aint supposed to die on a saturday night aint supposed to die on a saturday night did you hear the 59 sound coming through on grandmamas radio did you hear the rattling chains in the hospital walls,157.211,177.57
did you hear the old gospel choir when they came to carry you over did you hear your favorite song one last time,178.954,188.955
young boys young girls young boys young girls,191.143,200.831
