words,start,end
oh no i see a spider web its tangled up with me and i lost my head the thought of all the stupid things i said oh no whats this a spider web and im caught in the middle so i turned to run the thought of all the stupid things ive done,45.417,103.46
and i never meant to cause you trouble and i never meant to do you wrong and i well if i ever caused you trouble o no i never meant to do you harm,106.015,130.743
oh no i see a spider web and its me in the middle so i twist and turn here am i in my little bubble,148.569,167.917
singing i never meant to cause you trouble i never meant to do you wrong and i well if i ever caused you trouble although i never meant to do you harm,170.526,196.124
they spun a web for me they spun a web for me they spun a web for me,227.808,247.102
