words,start,end
you know fairy tales dont come true not when it comes to you open up for the first time and you can bet that its the last time and im cool with laying low its saturday night and im staying home im feeling good for the first time its been awhile since the last time ill wave goodbye when you say hello,5.373,33.942
woah im sick of the sleepless never ending nights i just dont care who is wrong or right im sick of the rumors and the alibis you tear me up ill cut you down to size so so sick of you so sick of you sick of all of your little lies so so sick of you so sick of you sick of all the girls by your side what you dont know is how great it feels to let you go,34.754,69.26
i got your game its so see through you know im way too good for you im moving on to the next time dropped the baggage and ill be fine when its time to reminisce youre gonna realize you miss this youre on my mind for the last time and at the most you were a pass time ill wave goodbye when you say hello,71.898,100.569
woah im sick of the sleepless never ending nights i just dont care who is wrong or right im sick of the rumors and the alibis you tear me up ill cut you down to size so so sick of you so sick of you sick of all of your little lies so so sick of you so sick of you sick of feeling not by your side what you dont know is how great it feels to let you go,101.229,136.242
im happy youre alone take down your pictures and ill throw those memories out the door im sick of you so sick of you sick of all of your little lies,137.105,154.307
im sick of the sleepless never ending nights i just dont care who is wrong or right im sick of the rumors and the alibis you tear me up ill cut you down to size so so sick of you so sick of you sick of all of your little lies so so sick of you so sick of you so im getting on with my life,155.779,181.455
so so sick of you so sick of you so sick of you oh whoa so so sick of you so sick of you so sick of you oh whoa what you dont know is how great it feels to let you go,181.608,202.311
