words,start,end
theres still a little bit of your taste in my mouth theres still a little bit of you laced with my doubt its still a little hard to say whats going on,0.107,20.599
theres still a little bit of your ghost your witness theres still a little bit of your face i havent kissed you step a little closer each day that i cant say whats going on,23.752,43.849
stones taught me to fly love taught me to lie life taught me to die so its not hard to fall when you float like a cannonball,48.381,74.587
theres still a little bit of your song in my ear theres still a little bit of your words i long to hear,77.346,89.956
you step a little closer to me so close i cant see whats going on oh,90.055,100.793
stones taught me to fly love taught me to lie so come on courage teach me to be shy cause its not hard to fall when you know that you just dont know,102.074,130.004
stones taught me to fly,135.275,139.905
love taught me to lie so come on courage teach me to be shy cause its not hard to fall when you float like a cannonball,141.679,166.21
love taught me to cry so come on courage teach me to be shy cause its not hard to fall and i dont want to scare him its not hard to fall and i dont want to lose its not hard to fall when you float like a cannonball,166.9,201.874
