words,start,end
here i am and within the reach of my hands she sounds asleep and shes sweeter now than the wildest dream could have seen her and i watch her slipping away,0.828,24.178
though i know ill be hunting high and low high theres no end to the lengths ill go to hunting high and low high theres no end to the lenghts ill go to,25.028,60.228
find her a gain upon this my dreams are depending through the dark i sense the pounding of her heart next to mine shes the sweetest love i could find so i guess ill be hunting high and low,60.478,89.878
high theres no end to the lengths ill go to high and low high do you know what it means to love you,91.178,121.928
im hunting high and low and now shes telling me shes got to go a way,141.728,153.978
ill always be hunting high and low hungry for you watch me tearing myself to pieces hunting high and low high theres no end to the lengths ill go to ooooh for you ill be hunting high and low,167.028,211.178
