words,start,end
heres a way to take you down another statement of our times heres a way to let it roll and its a way to lose control its not a way to draw the line its just a way to say goodbye heres a way for a new age another way to catch your eye instant repeater ninety nine were all rewinding to get high well heres a way to let it go,7.78,78.629
of all the things you ought to know nobody wants to have you near cause noone listens to your fears we took you serious for a while but now we hate to see you smile a true reminder to get by instant repeater ninety nine,79.061,118.774
im ready to close my eyes im ready to blow my mind im ready to leave you all behind,125.26,146.306
im ready to close my eyes im ready to blow my mind im ready to leave it all behind,191.568,211.388
im ready to go this time away where the faces fly im ready to leave instant repeater ninety nine,215.497,235.605
