words,start,end
calling all the stars to fall and catch the silversunlight in your hands,17.668,27.473
call for me to set me freelift me up and take me where i stand she believes in everything and everyone andyou and yours and minei waited fora thousand years for you to come and blow me offmy mind,29.707,63.093
hey lyla the stars about to fallso what you say lyla the world around us makes me feel sosmall lyla if you cant hear me call then i cantsay lyla heaven help you catch me if i fallshes the queen,69.423,114.6
of all ive seen and every songand city far and near heaven help mymademoiselle she rings the bell for all the worldto hear hey lyla,114.6,143.891
the stars about to fall so what yousay lyla the world around us makes me feel sosmall lyla if you cant hear me callthen i cant say lyla heaven help you catch me when i fallhey lyla,144.76,191.55
the stars about to fall so whatyou say lyla the world around us makes me feel sosmall lyla you cant hear me call then i cantsay lyla heaven help you catch me when i falllyla,192.419,223.323
hey lyla hey lylahey lyla,228.287,247.153
