words,start,end
she just walked away why didnt she tell me and where do i go tonight this isnt happening to me this cant be happening to me she didnt say a word just walked away,7.593,40.272
you were the first to say that we were not okay you were the first to lie when we were not alright this was my first love she was the first to go and when she left me for you i was the last to know,40.486,69.093
why didnt she tell me where to go tonight she didnt say a word she just walked away,73.807,91.914
you were the first to say that we were not okay you were the first to lie when we were not alright this was my first love she was the first to go and when she left me for you i was the last to know,92.343,120.95
ill be the first to say that now im okay and for the first time ive opened up my eyes this was my worst love youll be the first to go and when she leaves you for dead youll be the last to know,142.379,169.486
ill be the first to say that now im okay and for the first time ive opened up my eyes this was my worst love youll be the first to go and when she leaves you for dead youll be the last to know,169.968,198.575
