words,start,end
its been a long way but now we are near the midst of the fiery rain we know the thunder have summoned us all to the place were innocence got slain,32.354,47.788
behold the omens the river runs red the autumn winds carry the dead the final warning the very last command shattered remains for the damned,48.413,63.347
we wont surrender no never we will carry on,64.222,71.408
from the lake of fire they have come fierce almighty legions one by one when the flames of glory touch the sky trailblazers do or die,72.408,87.28
we are the mighty who soar through the air creating our own destiny warriors once and warriors to be forever our spirits fly free,88.467,103.901
we rode on lightning we shone like the sun in a thunderous symphony we fought them hard we fought them so brave sending them back to their grave,104.401,119.398
the hammer has fallen the fire still burns in our hearts,120.023,127.459
from the lake of fire they have come fierce almighty legions one by one when the flames of glory touch the sky trailblazers do or die,128.396,143.455
from the lake of fire they have come fierce almighty legions one by one when the flames of glory touch the sky trailblazers do or die,144.393,158.702
the visions we gazed upon as the nightmare returned on the uncaring slopes the mark of the shadows still burns,193.008,206.192
from the lake of fire they have come fierce almighty legions one by one when the flames of glory touch the sky trailblazers do or die,224.439,239.06
from the lake of fire they have come fierce almighty legions one by one when the flames of glory touch the sky trailblazers do or die,240.498,254.995
