words,start,end
from the day that i met you girl i knew that your love would be everything that i ever wanted in my life,24.602,34.602
from the moment you spoke my name i knew everything had changed because of you i felt my life would be complete,35.245,45.816
oh baby i need you for the rest of my life girl i need you to make everything right girl i love you and ill never deny that i need you,46.102,67.031
nothing matters but you my love and only god above could be the one to know exactly how i feel i could die in your arms right now knowing that you somehow would take my soul and keep it deep inside your heart,75.173,96.388
oh baby i need you for the rest of my life girl i need you to make everything right girl i love you and ill never deny that i need you,96.602,117.673
girl your love to me feels just like magic when you smile you have total control you have power like nothing ive felt before,119.959,129.102
ive let all of my feelings show cause i want you to know that i need you i need you for the rest of my life girl i need you say that youll be my wife oh i love you wont you marry me marry me i need you,130.602,183.888
oh oh oh i need you for the rest of my life oh i need you wont you marry me marry me i i really need you baby i really need you,184.602,204.673
girl i really need i really need i need you need you i oh baby i love love i need you told you i need you need you babe oh baby wont you marry me,205.959,234.173
oh i wontyou marry me marry me i love you oh oh oh oh i need you,234.745,247.602
