words,start,end
disco dancing with the lights down low beats are pumping on the stereo neighbours banging on the bathroom wall hes sayin crank the bass i gotta get some more,9.63,30.242
waters runnin in the wrong direction got a feelin its a mixed up sign i can see it in my own reflection somethin funnys goin on inside my mind dont know what its pushin me higher its the static from the floor below and then it drops and catches like fire its a sound i its a sound,33.46,56.195
its the sound of the underground the beat of the drum goes round and around in to the over flowwhere the girls get down to the sound of the radi o out to the electricnight where the bass line jumps in the backstreetlights the beat goes around andround,56.263,76.327
its the sound of the un der sound of the under ground chain reaction running through my veins pumps the bass line up into my brainscrews my mind until i lose con troland when the building rocks i know its got my soul,76.533,106.8
waters runnin in the wrong directiongot a feelin its a mixed up sign i can see it in myown reflection somethin funnys goin on inside my mind dont know what its push in me higher its the static from the floor below and then it drops and catches like fire its a sound i its a sound,109.539,132.136
its the sound of the undergroundthe beat of the drum goes round and aroundinto the overflow where the girls get down to the sound of the radio out to the electric night where the bass line jumps in the backstreet lights the beat goes around and round,132.273,152.543
its the sound of the under sound of the underground i dont know what its pushin me higher its the static from the floor below and then it drops and catches like fire its a sound i its a sound i its a sound i its a sound,152.611,181.988
its the sound of the underground the beat of the drum goes round and around into the over flow where the girls get down to the soundof the radio out to the electric night where the bass line jumps in the backstreetlights the beat goes around and round,182.056,202.052
its the sound of the under sound of the underground bass line jumps in the backstreetlight its the sound of the under sound of the underground bass line jumpsin the backstreetlight its the sound of the under sound of the underground,202.668,218.486
