words,start,end
forgive me now cause i have been unfaithful dont ask me why cause i dont know so many times ive tried but was unable this heart belongs to you alone,19.274,41.482
now im in our secret place alone in your embrace where all my wrongs have been erased you have forgiven all the promises and lies all the times i compromise,43.04,62.131
all the times you were denied you have forgiven forgive me im ashamed ive loved another i cant explain cause i dont know no one can take your place and there is no other forever yours and yours alone,62.521,97.586
now im in our secret place alone in your embrace where all my wrongs have been erased you have forgiven all the promises and lies all the times i compromise all the times you were denied you have forgiven oh oh oh,99.144,127.196
uh oh oh oh oh oh oh oh oh yeah yeah i get down on my knees feel your love wash over me there will never be another youre the only one forever and you know im yours alone,127.586,156.806
im in our secret place alone in your embrace where all my wrongs have been erased you have forgiven all the promises and lies all the times i compromise all the times you were denied you have forgiven oh oh oh uh oh oh oh oh oh oh you have forgiven forgiven forgiven,157.196,199.761
forgiven forgiven,200.832,205.8
