words,start,end
vulcanize the whoopee stick in the ham wallet cattle prod the oyster ditch with the lap rocket batter dip the cranny ax in the gut locker retrofit the pudding hatch with the boink swatter,18.756,45.034
if i get you in the loop when i make a point to be straight with you then in lieu of the innuendo in the end know my intent though i brazillian wax poetic so hypothetically i dont wanna beat around the bush,45.978,60.256
foxtrot unifrom charlie kilo,60.7,66.756
foxtrot uniform charlie kilo,67.7,73.756
marinate the nether rod in the squish mitten power drill the yippee bog with the dude piston pressure wash the quiver bone in the bitch wrinkle cannonball the fiddle cove with the pork steeple,88.867,115.089
if i get you in the loop when i make a point to be straight with you then in lieu of the innuendo in the end know my intent though i brazillian wax poetic so hypothetically i dont wanna beat around the bush,116.089,130.2
foxtrot uniform charlie kilo,130.756,136.867
foxtrot uniform charlie kilo,137.756,143.867
put the you know what in the you know where put the you know what in the you know where put the you know what in the you know where put the you know what in the you know where pronto,158.2,173.7
