words,start,end
my black backpacks stuffed with broken dreams twenty bucks should get me through the week never said aword of discontent ment fought it a thousand times but now im leaving home,0.172,36.602
here in the shadows im safe im free ive nowhere else to go but i cannot stay where i dont belong,38.254,55.268
two months pass by and its getting coldi know im not lost im just alone but i wont cry i wont give up i cant go back nowwaking up is knowing whoyoureally are,63.175,99.405
here in the shadows im safe im free ive nowhere else to go but i cannot stay where i dont belong,111.665,128.479
in the shadows im safe imfree ive nowhere else to go but i cannot stay here oh,128.929,143.992
show me the shadowwheretruemeaningliesso much more dismay in emptyeyes,144.492,162.257
