words,start,end
mm mm mm yeah ah lovin yous got to be like the devil and the deep blue sea forget about your foolish pride oh take me to the other side,1.073,30.188
my mamma told me thered be days like these and man she wasnt foolin cause i just cant believe the way you kiss,32.074,43.507
you opened up your mouth with baited breath you said youd never leave me you love me you hate me i tried to take the loss youre cryin me a river but i got to get across,47.161,61.306
lovin yous got to be like the devil and the deep blue sea forget about your foolish pride oh take me to the other side,61.66,75.569
im lookin for another kind of love oh lordy how i need it the kind that likes to leap without a shove oh honey best believe it,77.455,91.482
to save a lot of time foolish pride ill say whats on my mind girl you loved me you hate me you cut me down to size you blinded me with love yeah it opened up my eyes,92.543,106.806
lovin yous got to be like the devil the deep blue sea my conscience got to be my guide oh come on take me take take take take take take,107.042,122.837
take me to the other side im lookin for another kind of love oh lordy how i need it the kind that likes to leap without a shove honey best you believe it,150.302,167.511
now i aint one for sayin long goodbyes i hope all is forgiven you loved me you hate me i used to be your lover you know you had it comin girl so take me to the other side,168.336,184.014
take me to the other side take me to the other side take me to the other side take me to the other side,184.367,198.866
take me to the other side take me to the other side take me to the other side take me to the other side,199.455,214.072
take me to the other side take me to the other side take me to the other side take me to the other side,214.661,229.16
