words,start,end
stingdagadongdadingdadongdadongda dingdadingdadadongdadugadadong scatmans world ba bo bay ba bapado ba ba ba ba bapadee ba bo bay ba bapado ba ba ba bee bapadee ba bo bay ba bapado ba bo bay ba bapado ba bo bay ba bapado ba ba ba ba bapadee calling out from scatland im calling out from scatmans world if you wanna break free you beter listen to me youve got to learn how to see in your fantasy,22.182,52.59
im calling out from scatland im calling out from scatmans world if you wanna be free you better listen to me youve got to learn how to see in your fantasy,52.998,65.651
everybodys talkin somethin very shockin just to keep on blockin what theyre feelin inside but listen to me brother you just keep on walkin cause you and me and sister aint got nothin to hide scatman fat man black and white and brown man tell me bout the color of your soul,66.264,84.835
if part of your solution isnt ending the polution then i dont wanna hear your stories told i wanna welcome you to scatmans world,85.651,93.815
ba bo bay ba bapado ba ba ba ba bapadee ba bo bay ba bapado ba ba ba bee bapadee ba bo bay ba bapado ba bo bay ba bapado ba bo bay ba bapado ba ba ba ba bapadee calling out from scatland im calling out from scatmans world if you wanna break free you better listen to me youve got to learn how to see in your fantasy everybodys born,94.07,121.366
to compete as he chooses but how can someone win if winning means that someone loses i sit and see and wonder what its like to be in touch no wonder all my brothers and my sisters need a crutch,121.366,132.794
i wanna be a human being not a human doing i couldnt keep that pace up if i tried the source of my atention really isnt crime prevention my intention is prevention of the lie yeahwelcome to the scatmans world ba bo bay ba bapado ba ba ba ba bapadee ba bo bay ba bapado,132.998,152.794
ba ba ba bee bapadee ba bo bay ba bapado ba bo bay ba bapado ba bo bay ba bapado ba ba ba ba bapadee calling out from scatland im calling out from scatmans world if you wanna break free you better listen to me youve got to learn how to see in your fantasy skeebadeebadeebadabodadigdigadi shadidingdingjeding,152.845,176.468
bopdubadebajedingdingjeding bopdadadudundadddddddddlup debadubatoyadugadeeaduga deedadadudadudadu dadudadudadudadudadudadudig bapadupadapadupadapadupadap yeah yeah ba bo bay ba bapado ba ba ba ba bapadee ba bo bay ba bapado ba ba ba bee bapadee ba bo bay ba bapado ba bo bay ba bapado ba bo bay ba bapado ba ba ba ba bapadee calling out from scatland im calling out from scatmans world if you wanna break free you better listen to me youve got to learn how to see in your fantasy listen to me,176.672,215.855
im calling out from scatlandim calling out from scatmans world if you wanna break free you better listen to me youve got to learn how to see in your fantasy dadingdadingdadadongdadugadugaduga dongdadugadadongdadingdadingadinga dingdadingdadadongdadugaduga dadongdadugadadongdadingdadingadinga dingdadingdadadongdadugaduga,216.264,237.488
