words,start,end
ooh how bout a round of applause yeah standin ovation,3.968,14.025
oh ah oh yeah yeah yeah yeah yeah you look so dumb right now standin outside my house tryin to apologize youre so ugly when you cry please just cut it out,16.037,45.934
dont tell me youre sorry cause youre not baby when i know youre only sorry you got caught,48.586,58.323
but you put on quite a show really had me goin but now its time to go curtains finally closin,59.557,71.489
that was quite a show very entertainin but its over now go on and take a bow,71.992,87.169
grap your clothes and get gone you better hurry up before the sprinklers come on talkin bout girl i love you youre the one this just looks like a refund please what else is on,90.278,110.392
and dont tell me youre sorry cause youre not baby when i know youre only sorry you got caught,112.587,123.558
but you put on quite a show you really had me goin but now its time to go curtains finally closin,123.924,135.856
that was quite a show very entertainin but its over now go on and take a bow,136.359,151.399
oh and the award for the best liar goes to you for makin me believe that you could be faithful to me lets hear your speech oh,152.816,177.228
how bout a round of applause a standin ovation,178.234,186.874
but you put on quite a show you really had me goin now its time to go curtains finally clo sin,188.291,200.222
that was quite a show very entertainin hey yeah but its over now go on and take a bow but its over now,200.725,222.714
