words,start,end
look in to these eyes hold on to these hands believe in this heartbeat though youre afraid that i might break just hold on,10.48,23.99
shadows only haunt you when darkness crowds your heart so let the light of my love shine bright,24.568,39.117
when i cry its for the lonely when i pray its for the lost and stray when i love like theres no tomorrow no more words to say,40.272,61.519
its for you look straight ahead hold on to your dreams believe in this magic open your eyes open your mind and its there,62.097,89.81
shadows only haunt you when darkness crowds your heart so let the light of my love shine bright,91.312,105.861
when i cry its for the lonely when i pray its for the lost and stray when i love like theres no tomorrow no more words to say,106.785,128.032
when shadows haunt you and darkness crowds your heart let the light of my love shine bright,130.688,143.506
when i cry its for the lonely when i pray its for the lost and stray when i love like theres no tomorrow no more words to say its for you its for you,144.083,176.993
