words,start,end
cruel to the eye i see the way he makes you smile cruel to the eye watching him hold what used to be mine,11.416,27.911
why did i lie what did i walk a way to find oooohhh why ooh why,28.286,45.155
i cant breathe easy cant sleep at night till youre by my side,47.405,64.462
no i cant breathe easy cant dream yet another dream with out you lying next to me theres no way,65.024,81.894
curse me inside for every word that caused you to cry curse me in side i wont forget no i wont baby i dont know why i left the one i was looking to find,82.269,109.26
ooh why ooooooh i cant breathe easy cant sleep at night till youre by my side no i cant breathe easy cant dream yet another dream without you lying next to me theres no way,110.01,154.246
no i cant breathe easy cant dream yet another dream with out you lying next to me theres no way,154.996,171.116
out of my mind nothing make sense anymore i want you back in my life,173.365,185.174
thats all im breathing for,185.737,190.141
oo oo oo oo hh hh tell me why,190.235,212.728
oh wont you tell me why,214.228,217.133
i cant dream yet another dream without you lying next to me theres no air,217.602,224.349
no no no no no i cant breathe easy cant sleep at night till youre by my side no i cant breath easy cant dream yet another dream without you lying next to me theres no way theres no way,225.099,267.742
