words,start,end
stop be quiet now out with the light and then up and down it goes,18.666,28.844
fly out with the li ight,30.88,40.04
there at the door inspiration ive looked for the spirit of the youth appears,43.73,54.353
ha ah ah ha ah ah ha ah ah ha ah ah no one ever dares to speak its nothing else but fantasy its make believe make believe no one ever dares to speak its nothing else but fantasy one day it all will come to life,54.353,87.432
step out of line and ill teach you how to fly then away well go leave your mark leave your mark in the land of mine,87.496,103.908
the second one to the right and then straight on until morning light stop be quiet now no irritation no not the slightest doubt,111.032,127.826
we go at once quick we better hurry there from the road i sense the end of fun gets near wonderful thoughts and imaginations these things will lift you up,127.826,141.567
oh oh oh oh oh oh what is it like you ask me my dear will there be fairies or things to fear for fairies sake id say you better come with me so soon youll see now up and down it goes and round round and round and round,142.076,160.396
praise to my cleverness they all follow me all praise to innocence thats everything it needs fly in fly out theyll leave it all behi ind,160.396,175.155
no one ever dares to speak its nothing else but fantasy its make believe make believe,176.427,183.933
no one ever dares to speak its nothing else but fantasy one day it all will come to life,184.569,193.093
step out of line and ill teach you how to fly then away well go leave your mark leave your mark in the land of mine,193.093,209.633
life is a map and it is quite confusing the lights are up now let the play begin she flies she flies into the light she flies no words like just in mind shes finding neverland there on the day she dies dont stop it now she still enjoys the scene dont stop it now dont stop it now dont stop it now dont stop it now now,249.9,282.152
no one ever dares to speak its nothing else but fantasy its make believe make believe,282.216,289.595
no one ever dares to speak its nothing else but fantasy one day it all will come to life,290.294,298.946
step out of line and ill teach you how to fly then away well go leave your mark leave your mark in the land of mi i ine ha ah ah,298.946,321.083
