words,start,end
we both lie silently still in the dead of the night although we both lie close together we feel miles apart inside,3.79,15.565
was it somethin i said or somethin i did did my words not come out right tho i tried not to hurt you tho i tried but i guess thats why they say,16.052,29.627
every rose has its thorn just like every night has its dawn just like every cowboy sings a sad sad song every rose has its thorn,29.74,52.54
yea it does,53.44,54.452
i listen to your favorite song playin on the radio hear the dj say loves a game of,67.352,75.827
easy come and easy go but i wonder does he know has it ever felt like this and i know that youd be here right now if i i could let you know somehow,75.94,92.627
every rose has its thorn just like every night has its dawn just like every cowboy sings a sad sad song every rose has its thorn,92.815,115.69
though its been a while now i can still feel so much pain like the knife that cuts you the wound heals but the scar that scar remains,118.427,132.79
yeah every rose every rose every rose has its thorn i know i could have saved our love that night if id known what to say instead if making love we both made our separate ways,133.052,173.815
now i hear youve found somebody new and that i never meant that much to you and to hear that tears me up inside and to see you cuts me like a knife,174.415,187.69
every rose has its thorn just like every night has its dawn just like every cowboy sings a sad sad song every rose has its thorn yeah,187.802,213.49
