words,start,end
outta my way outta my day outta your mind and into mine into no one into not one into your step but outta time,38.502,50.252
head strong whats wrong ive already heard this song before you arrived but now its time to kiss your ass goodbye,51.01,66.36
draggin me down why you around so useless it aint my fall it aint my call it aint my bitcha,66.455,79.247
it aint my bitch oh,85.17,91.045
down on the sun down and no fun down and out where the hell ya been,91.803,97.488
damn it on down damn it unbound damn it all down to hell again,97.867,103.932
stand tall cant fall never even bend at all before you arrived but now its time to kiss your ass goodbye,104.311,119.377
draggin me down why you around so useless it aint my fall it aint my call it aint my bitcha,119.614,132.501
yo outta my way outta my way outta my day outta your mind and into mine into no one into not one into your step but outta time,161.023,212.475
head strong whats wrong ive already heard this song before you arrived but now its time to kiss your ass goodbye,213.234,229.105
draggin me down why you around so useless yeah it aint my fall it aint my call it aint my bitch oh,234.885,248.578
no way but down why you around no foolin yeah it aint my smile it aint my style it aint my bitch,250.094,266.108
no it aint mine aint mine your kind youre steppin outta time aint mine your kind youre steppin outta time,266.297,279.658
draggin me down why you around no foolin it aint my fall it aint my call it aint my ooh bitch you aint mine,280.416,294.961
