words,start,end
nothing left for me to say theres no more wicked games to play its time for me to walk away i am alright,-12.672,-0.816
i feel like im on a high a new beginning that is my life im turning to the rhythm of the night i am alright,2.418,14.514
the music is making me growing the only thing that keeps me awake is me knowing theres no one here to break me or bring me down and no one here to hurt me or fool around,15.831,29.723
i have no more time for you to hurt my feelings done enough to prove im all that i believe in we are at the end no more stupid lies im better off without you here by my side,30.442,44.813
so now there is no longer you and i you and i you and i you and i you and i you and i you and i there is no longer you and i you and i you and i you and i you and i you and i you and i,45.053,74.394
dont care what other people say i know you fool around all day now it doesnt hurt me anyway i am alright,79.065,91.16
the music is making me growing the only thing that keeps me awake is me knowing theres no one here to break me or bring me down and no one here to hurt me or fool around,92.478,106.37
i have no more time for you to hurt my feelings done enough to prove im all that i believe in we are at the end no more stupid lies im better off without you here by my side,107.088,121.46
so now there is no longer you and i you and i you and i you and i you and i you and i you and i there is no longer you and i you and i you and i you and i you and i you and i you and i,121.699,151.041
there is no longer you and i you and i you and i you and i you and i you and i you and i,152.837,166.37
