words,start,end
these streets arent paved with gold dont believe everything that youre told deception hides in all you see corruption hides in the air that you breathe,34.044,48.744
and in the land of the free you know nothing comes for free fourth drive in paradise vapid souls check the marketprice,49.944,64.744
life time slave living in a suburban grave if there was a god was a god you would be the death of him,65.744,79.944
these colours dont run like colour from the face eyes roll back chemical despair its true what they say life isnt fair,81.744,96.844
so repeat this line everything everything is fine so repeat this line everything everything is fine,97.544,112.244
these colours dont run like colour from the face eyes roll back chemical despair its true what they say life isnt fair,135.844,150.644
and in the land of the free you know nothing comes for free,151.744,158.844
im struggling to find any poetry in this someone beat me to the line ignorance is bliss so i guess ill just say it how it is you had it all you fucking pigs,175.644,191.344
these streets arent paved with gold dont believe everything that youre told deception hides in all you see corruption hides in the air you breath,209.444,233.344
