words,start,end
please come now i think im falling im holding on to all i think is safe it seems i found the road to no where and im trying to escape,16.916,31.556
i yelled back when i heard thunder but im down to one last breath and with it let me say let me say,32.516,46.436
hold me now im six feet from the edge and im thinking,47.876,54.836
maybe six feet aint sofar down im looking down now that its over im reflecting on all of my mistakes i thought i found the road to some where somewhere in his grace,55.556,92.996
i cried out heaven save me but im down to one last breath and with it let me say let me say,93.836,107.396
hold me now im six feet from the edge and im thinking maybe six feet aint so far down hold me now im six feet from the edge and im thinking maybe six feet aint so far down,108.476,136.916
im so far down,140.276,143.636
sad eyes follow me but i still believe theres something left for me so please come stay with me cause i still believe theressomething left for you and me for you and mefor you and me,144.356,173.756
hold me now im six feet from the edge and im think ing,182.036,188.756
hold me now im six feet from the edge and im thinking maybe six feet aint so far downhold me now im six feet from the edge and imthinking maybe six feet aint so far down,190.556,218.516
please come now i think im falling im holding on to all i think is safe,222.236,232.556
