words,start,end
take a bow the night is over this masquerade is getting older lights are low the courtains down theres no one here say your lines but,34.452,61.13
do you feel them do you mean what you say when theres no one aroundwatching you watching me one lonely star,61.506,80.294
ive always been in love with you i guess youve always known its true you took my love for granted why oh why the show is over say good bye,82.548,105.093
saygood byesay good bye,106.221,114.299
make them laugh it comes so easy when you get to the part where youre breaking my heart hidebehind your smile all the world loves a clown,115.614,136.844
wish you welli can not stay you deserve an award for the role that you play no more masquerade youre one lonely star,139.662,161.456
ive always been in love with you i guess youve always known its true you took my love for granted why oh why the show is over say good bye,163.711,186.256
ive always been in love with you i guess youve always known its true you took my love for granted why oh why the show is over say good bye,187.759,210.304
saygood byesay goodbye,211.431,219.51
all the world is a stage and everyone has their part but how was i to know which way the sto ryd go how was i to know youd brake youd brake my heart,220.449,246.752
ive always been in love with you guess youve always known you took my love for granted why oh why the show is over say good bye,247.879,267.418
ive always been in love with you i guess youve always known its true you took my love for granted why oh why the show is over say good bye,268.921,291.466
saygood byesay good bye say good bye,292.593,306.872
