words,start,end
woow hhhmm mm when these pillars get pulled down it will be you who wears the crown and ill owe everything to you,4.385,38.457
whoo oooooo oooh whooooo oh how much pain has cracked your soul how much love would make you whole youre my guiding lightning strike,38.671,61.242
i cant find the words to say theyre overdue id travel half the world to say i belong to you,62.528,78.957
whoooooooo oooh whooooo oh and she attacks me like a leo when my heart is split like rio and i assure you my debts are real,79.457,101.242
i cant find the words to say when im confused i travel half the world to say you are my muse,103.314,119.814
whoooooooo oooh whoooooooooo oh ah ah ah reponds reponds a ma tendresse versemoi versemoi liivresse,120.171,169.385
reponds a ma tendresse reponds a ma tendresse ah ah ah ah ah ah ah ah versemoii li vresse ver semoi versemoi liiivresse reponds a ma tendresse reponds a ma tendresse ah ah ah ah ah ah ah ah versemoi li vres se,170.885,241.742
i belong i belong to you aalone,245.885,266.957
whoooooooo oooh whooooo oh oooh i cant find the words to say theyre overdue i traveled half the world to say i belong to you whoooooooo oooh whoooooooooo oh,268.171,328.957
