words,start,end
i close my eyes and dream about a sunny holiday i wish that i was beaching down on saint tropez or sitting in the lobby of thefablous pierre with diamonds on my fingers and not a single care,21.564,36.804
instead im on the avenue where nobody goes with fields of green that wilted like a last summer rose some people call it paradise but i call it pain baby take me anywhere but not here again,37.164,52.284
why am i sitting in the middle of nowhere standing here with nothing to do wondering if i really love you oh oh i guess that i do,53.124,68.004
why am i sitting in the middle of nowhere standing here with nothing to do wondering if i really love you oh oh i guess that i do,68.724,83.604
you promised me a motorcade and endless perfume a palace in geneva with a perfect view and dreams painted yellow like the color of gold and dine with kings and queens till the food gets cold,87.924,103.044
instead im on the edge of what i thought i would be this dream is now a comedy i dont want to see some people call it laughter but i call it pain baby take me anywhere but not here again,103.524,118.644
why am i sitting in the middle of nowhere standing here with nothing to do wondering if i really love you oh oh i guess that i do,119.364,134.244
why am i sitting in the middle of nowhere standing here with nothing to do wondering if i really love you oh oh i guess that i do i do,135.084,151.404
i know we have a chemistry this combinations heavenly but dont forget you promised me evrything evrything,154.044,169.644
i know we have a chemistry this combinations heavenly but dont forget that you promised me evrything,170.124,185.724
why am i sitting in the middle of nowhere standing here with nothing to do wondering if i really love you oh oh i guess that i do,193.524,208.524
why am i sitting in the middle of nowhere standing here with nothing to do wondering if i really love you oh oh i guess that i do,209.124,224.124
