words,start,end
one night to be confused one night to speed up truth we had a promise made four hands and then away,21.99,32.421
both under influense we had devine scent to know what to say mind is a razorblade,33.024,43.542
to call for hands of above to lean on wouldnt be good enough for me no,45.352,55.956
one night of magic rush the start a simple touch one night to push and scream and then releaf,61.731,72.335
ten days of perfect tunes the colours red and blue we had a promise made we were in love,72.68,84.318
to call for hands of above to lean on wouldnt be good enough for me no,86.3,96.731
to call for hands of above to lean on wouldnt be good enough,97.162,105.524
and you you knew the hands of the devil and you kept us awake with wolf teeths sharing different heartbeats in one night,107.076,129.49
to call for hands of above to lean on wouldnt be good enough for me no,134.318,144.576
to call for hands of above to lean on wouldnt be good enough,145.007,153.111
