words,start,end
i love it when you just dont care i love it when you dance like theres nobody there so when it gets hard dont be afraid we dont care what them people say i love it when you dont take no i love it when you do what you want cause you just said so let them all go home we out late we dont care what them people say,15.032,46.832
we dont have to be ordinary make your best mistakes cause we dont have the time to be sorry so baby be the life of the party im telling you to take your shot it might be scary hearts are gonna break cause we dont have the time to be sorry so baby be the life of the party,48.882,81.782
together we can just let go pretending like theres no one else here that we know slow dance fall in love as the club track plays we dont care what them people say,82.482,97.182
we dont have to be ordinary make your best mistakes cause we dont have the time to be sorry so baby be the life of the party im telling you to take your shot it might be scary hearts are gonna break cause we dont have the time to be sorry so baby be the life of the party,99.482,132.332
come out tonight come out tonight theres no one standing in your way come out tonight come out tonight we dont care what them people say we dont care what them people say,132.932,151.882
we dont have to be ordinary make your best mistakes cause we dont have the time to be sorry so baby be the life of the party im telling you to take your shot it might be scary hearts are gonna break cause we dont have the time to be sorry so baby be the life of the party,154.082,187.032
yeah yeah yeah life of the party so dont let them keep you down oh you know you cant give up cause we dont have the time to be sorry so baby be the life of the party,187.882,213.732
