words,start,end
i wont stand in your way let your hatred grow and shell scream and shell shout and shell pray and she had a name yeah she had a name,22.952,51.833
and i wont hold you back let your anger rise and well fly and well fall and well burn no one will recall no one will recall,52.728,81.497
this is the last time ill abandon you and this is the last time ill forget you i wish i could,91.012,120.676
look to the stars let hope burn in your eyes and well love and well hope and well die all to no avail all to no avail,128.288,156.609
this is the last time ill abandon you and this is the last time ill forget you i wish i could,165.9,195.676
this is the last time ill abandon you and this is the last time ill forget you i wish i could i wish i could,237.094,274.706
