words,start,end
its bout to be on its bout to be on,9.092,14.21
yall came here to give it up so come on and show me what you got its bout to be on baby nonstop tonight youre gonna get your time to shine,15.162,22.482
nobody but stars in here tonight dancin underneath the party light when i see you workin that body right tonight youre gonna get your time to shine,22.542,30.338
ive been waitin now im ready for the main event all the ladies and the players in here dressed to kill choose a winner who has flavor lookin on for style only the best can pass the test let me check you out,31.231,46.288
in the midst of a fierce competition get a view from a better position a little closer now you got my attention maybe youre my my my my my superstar,46.348,53.727
keep showin me moves that are blazin cause youre teasin my imagination dont believe i can fight temptation,53.965,59.738
yall came here to give it up so come on and show me what you got its bout to be on baby nonstop tonight youre gonna get your time to shine,60.869,68.189
nobody but stars in here tonight dancin underneath the party light when i see you workin that body right tonight youre gonna get your time to shine,68.249,76.164
your time your time to shine shine shine shine shine groove shine its alright alright to shine shine shine shine shine its alright,77.057,91.698
spotlight search for someone special could you be the one if youre not then dont get jealous just keep movin on,92.174,99.434
feet to the beat so hot the heat its bringin out the shine so clean so fresh a real good catch so i might make you mine in the midst of a fierce competition get a view from a better position a little closer now you got my attention maybe youre my my my my my superstar,99.791,114.67
keep showin me moves that are blazin cause youre teasin my imagination dont believe i can fight temptation,114.908,120.919
yall came here to give it up so come on and show me what you got its bout to be on baby nonstop tonight youre gonna get your time to shine,121.812,129.132
nobody but stars in here tonight dancin underneath the party light when i see you workin that body right tonight youre gonna get your time to shine,129.192,137.047
your time your time to shine shine shine shine shine groove shine its alright alright to shine shine shine shine shine its alright,138.0,152.7
here to give it up its bout to be on baby nonstop nobody but stars in here tonight when i see you workin that body right yall came here to give it up so come on and show me what you got its bout to be on baby nonstop tonight youre gonna get your time to shine,152.759,174.839
nobody but stars in here tonight dancin underneath the party light when i see you workin that body right tonight youre gonna get your time to shine,174.899,182.576
yall came here to give it up so come on and show me what you got its bout to be on baby nonstop tonight youre gonna get your time to shine,182.754,190.075
nobody but stars in here tonight dancin underneath the party light when i see you workin that body right tonight youre gonna get your time to shine shine,190.134,199.478
