words,start,end
step out the door and it feels like rain thats the sound thats the sound on your windowpane take to the street but you cant ignore thats the sound thats the sound youre waiting for,21.503,42.029
if ever your world starts crashing down when ever your world starts crashing down when everyour world starts crashing down thats where youll find me,42.758,63.892
yeah god love your soul and your aching bones take a breath take a step meet me down below everyones the same our fingers to our toes we just cant get it right but were on the road,64.985,86.301
if ever your world starts crashing down whenever your world starts crashing down whenever your world starts crashing down thats where youll find me,86.786,108.467
yeah lost till youre found swim till you drown know that we all fall down love till you hate strong till you break know that we all fall down,108.649,132.515
if everyour world starts crashing down when ever your world starts crashing down if ever your world starts crashing down thats where youll find find me,143.811,164.398
lost till youre found swim till you drown know that we all fall down love till you hate strong till you break know that we all fall down,164.884,185.288
all fall down we all fall down all fall down we all fall down we all fall down all fall down,185.653,205.875
lost till youre found swim till you drown know that we all fall down love till you hate strong till you break know that we all fall down uh uh,206.483,237.94
