words,start,end
she scratches a letter into a wall made of stone maybe someday another child wont feel as alone as she does its been two years and counting since they put her in this place shes been diagnosed by some stupid and mommy agrees yeah whoa rrah hey hey hey yeah why go home why go home why go home,30.716,80.798
she seems to be stronger but what they want her to be is weak she could play pretend she could join the game boy she could be another clone hoo whoa ha yeah,80.955,104.114
oh why go home why go home why go home why go home what you taught me put me here dont come visit mother singin,113.48,130.409
waah whoa oh why go home why go home why go home,160.858,167.951
why go home what you taught me,168.421,171.282
put me here yeah dont come visit mother mother yeah why go home why go home why go home,171.909,183.626
why go home why go home why go home why go home,184.331,191.66
