words,start,end
imagine me and you i do i think about you day and night its only right to think about the girl you love and hold her tight so happy together,8.942,23.448
if i should call you up invest a dime and you say you belong to me and ease my mind imagine how the world could be so very fine so happy together,24.761,39.83
i cant see me lovin nobody but you for all my life when youre with me baby the skiesll be blue for all my life,41.268,56.587
me and you and you and me no matter how they toss the dice it has to be the only one for me is you and you for me so happy together,57.15,71.093
i cant see me lovin nobody but you for all my life when youre with me baby the skiesll be blue for all my life,73.156,88.6
me and you and you and me no matter how they toss the dice it has to be the only one for me is you and you for me so happy together,89.163,103.794
ba ba ba ba ba ba ba ba ba ba ba ba ba ba ba ba ba ba ba ba ba ba ba ba ba ba ba ba ba ba me and you and you and me no matter how they toss the dice it had to be the only one for me is you and you for me so happy together,105.357,137.496
so happy together how is the weather so happy together were happy together so happy together ba ba ba ba ba ba ba ba ba ba ba ba ba ba ba ba ba ba ba ba ba ba ba ba,138.433,170.134
