words,start,end
i feelin like i got the world in the palm of my hands,16.844,20.626
its like im with you when nobody else is hear yeah me and you in here together are perfe e e ect just come a little closer o o o oh yeah yeah hold o n to me e and feel the musi ic free yourse elf toni ight,21.004,39.285
hoo just do what you wa nt what you wa nt like nobodies watchin do what you wa nt what you wa nt keep the party rockin wha a at wha a at wha a at give it up like nobodies watchin you kno o o o ow the rhythms calling you loose contro o o ol the rhythms calling you,39.789,60.969
i cant seem to get this curiosity out my head cuz when im next to you you make me wanna take you there whatever you need you can find in me cuz i feel like boy touch me there chemistry is flowin keep me goin dont sto o op baby y hold o n to me e and feel the musi ic free yourse elf toni ight,61.599,83.662
hoo just do what you wa nt what you wa nt like nobodies watchin do what you wa nt what you wa nt keep the party rockin wha a at wha a at wha a at give it up like nobodies watchin you kno o o o ow the rhythms calling you loose contro o o ol the rhythms calling you,84.166,105.346
calling you calling you,106.859,109.507
calling you e e e eehthe rhythms calling you e e e eehthe rhythms calling you e e e eehthe rhythms calling yo u u,110.893,126.4
hoo just do what you wa nt what you wa nt like nobodies watchin do what you wa nt what you wa nt keep the party rockin wha a at wha a at wha a at give it up like nobodies watchin you kno o o o ow the rhythms calling you,128.543,145.689
loose contro o o ol hoo just do what you wa nt what you wa nt like nobodies watchin do what you wa nt what you wa nt keep the party rockin wha a at wha a at wha a at give it up like nobodies watchin you kno o o o ow the rhythms calling you loose contro o o ol the rhythms calling you,145.815,169.895
do what you wa nt what you wa nt like nobodies watchin do what you wa nt what you wa nt keep the party rockin wha a at wha a at wha a at give it up like nobodies watchin you kno o o o ow the rhythms calling you loose contro o o ol the rhythms calling you,169.895,190.066
