words,start,end
its like forgetting the words to your favorite song you cant believe it you were always singing along it was so easy and the words so sweet you cant remember you try to feel the beat,14.496,41.446
eeteet eet eet eeteet eet eet you spent half of your life trying to fall behind youre using your headphones to drown out your mind it was so easy and the words so sweet you cant remember you try to move your feet,42.496,81.946
eet eet eet eet eet eet eet eet someones deciding whether or not to steal he opens the window just to feel the chill he hears that outside a small boy just starting to cry cause its his turn but his brother wont let him try,82.996,150.446
its like forgetting the words to your favorite song you cant believe it you were always singing along it was so easy and the words so sweet you cant remember you try to move your feet it was so easy and the words so sweet you cant remember you try to feel the beat,180.246,220.546
