words,start,end
stonecutters made them from stones chosen specially for you and i who will live inside the mountaineers gathered tender pilled high in which to take along driving many miles knowing theyd get here,9.222,38.002
when they got here all exhausted on the roof leaks they got started and now when the rain comes we can be thankful,39.588,53.307
ooh aah ooh when the mountaineers saw that everything fit they were glad and so they took off,55.929,69.222
thought we were devoid a change or two around this place when they get back theyre all mixed up with no one to stay with,71.661,92.698
the village used to be all one really needs thats filled with hundreds and hundreds of chemicals and mostly surround you wish to flee but its not like you so listen to me listen to me,106.722,120.259
and when the morning comes we will step outside we will not find another man inside we like the newness the newness of all that has grown in our garden soaking for so loooooong,122.454,137.21
whenever i was a child i wondered what if my name had changed into something more productive like roscoe been born in eighteen ninetyone waiting with my aunt roosaline,138.307,152.393
thought we were devoid a change or two around this place when they get back theyre all mixed up with noone to stay with,154.527,175.868
eighteen ninetyone they looked around the forest they made their house from cedars they made their house from stones,204.283,219.954
oh theyre a little like you and theyre a little like mee,220.198,227.454
when theyre falling me thought we were devoid a change or two around this place this place this plaaaace,227.881,262.21
when they get back theyre all mixed up with no one to stay with when they get back theyre all mixed up with no one to stay with,263.978,277.82
