words,start,end
do you remember the nights we stayed up just laughing smiling for hours at anything remember the nights we drove around crazy in love,12.549,34.765
when the lights go out well be safe and sound well take control of the world likes its all we have to hold onto and well be a dream,35.796,61.012
do you remember the nights we made our way dreaming hoping of being someone big we were so young then we were to crazy in love,72.542,94.757
when the lights go out well be safe and sound well take control of the world likes its all we have to hold on to and well be a dream,95.789,124.285
whoa oh whoa whoa when the lights go out well be safe and sound well take control of the world like its all we have to hold on to and well be,126.535,166.936
when the lights go out well be safe and sound well take control of the world like its all we have to hold on to and well be a dream,167.78,193.183
