words,start,end
its easier not to be wise and measure these things by your brains i sank into eden with you alone in the church by and by,1.915,20.904
ill read to you here save your eyes youll need them your boat is at sea your anchor is up youve been swept away and the greatest of teachers wont hesitate to leave you there by yourself chained to fate yeah,23.202,50.027
i alone love you i alone tempt you i alone love you fear is not the end of this,50.404,60.727
i alone love you i alone tempt you i alone love you,61.104,68.677
its easier not to be great and measure these things by your eyes we long to be here by his resolve alone in the church by and by to cradle the baby in space and leave you there by yourself chained to fate yeah,71.314,103.565
i alone love you i alone tempt you i alone love you fear is not the end of this,103.941,114.302
i alone love you i alone tempt you i alone love you yeah,114.679,124.889
i alone love you i alone tempt you i alone love you,125.454,133.14
yeah hey oh now we took it back too far only love can save us now all the riddles that you burn all come running back to you all these rhythms that you hide,133.781,159.287
only the love can save us now all these riddles that you burn yeah yeah yeah i alone love you i alone tempt you i alone love you fear is not the end of this,159.438,176.957
i alone love you i alone tempt you i alone love you yeah oh yeah love oh yeah love oh yeah love i oh yeah love oh yeah love oh yeah love,177.372,206.194
