words,start,end
im growing so disturbed nothing makes sense to me anymore im learning to resist becoming more than you ever were,25.513,42.106
cant explain whats come over me come over me cant explain why its so hard for me so hard to see your side,42.371,61.752
projecting all my anger i cant seem to get this through to you the walls are closing in i dare you to walk in my shoes,68.389,84.982
cant explain whats come over me come over me cant explain why its so hard for me so hard to see your side your side,85.248,114.053
i wont see your side,126.132,129.186
cant explain whats come over me come over me cant explain why its so hard for me so hard to see your side,155.933,172.991
cant explain whats come over me come over me cant explain why its so hard for me so hard to see your side,173.19,192.371
i wont see your side your,196.885,205.048
