words,start,end
you always said wed meet again you always said youd be here where are you now you touch the deepest part of me the places i could not save just tell me why im so dark inside,26.412,47.93
somewhere i will find all the pieces torn apart you just left behind in your mystery some where i will see all youve taken from me all you kept deep inside in the mystery of you the mystery of you,48.328,82.071
its obvious you understand the blood thats on my hands where are you now im paralyzed i cant escape until i see your face dont leave me all alone youre all i know,87.438,108.757
somewhere i will find all the pieces torn a part you just left behind in your mystery somewhere i will see all youve taken from me all you kept deep inside in the mystery of youuu u the mystery of youuu uu,109.105,147.768
youre all i know youre all i know o oo dont goooo,153.036,178.629
dont gooo somewhere i will find all the pie ces torn apart youve hidden deep inside the mystery of somewhere somewhere somewhere,178.778,211.776
