words,start,end
oh danny boy the pipes the pipes are callin from glen to glen and down the mountain side the summers gone and all the roses dying tis you tis you must go and i mustbye,0.836,53.45
but come he back when summers in the madow or when the val lys hushed and white with snow and ill be here in sunshine or in shadows oh danny boyoh danny boy i love you so,54.718,107.544
but if he come and all the flowers dying and i am dead as dead i will maybe youll come and find the place where i am lying and kneel and say an ave then for me,111.136,161.427
and i shall feel does soft you tread above me and in my grave will ritcher sweeter be for you will bend and tell me that you love me and i re lest in peace until you come tome,163.117,232.425
