words,start,end
sing now muse i wont be scared shes wearing flowers not snakes up in her hair tonight and love weve been around before washed up on the old shore but its new tonight,11.6,25.538
its only light she said but we are liars to be free ooh ooh ooooh well steal the light to see,28.857,42.264
the hour falls we fall to dance now sirens and the marching band sing its nothing but chance tonight billion ones and many few and everyone i never knew theyre here tonight,45.317,59.122
its only light we said but we are liars to be free ooh ooh ooooh well steal the light to see,62.839,76.246
what if im lonely what if the skies should fall and disappear for one night only open your eyes and run into the clear so if i may what if i say its good to have you here,83.016,107.308
she said if you lead ill come along and if you need me there ill sing your song tonight and all that glows and all that shines and all we leave behind will keep them warm tonight,111.025,125.228
its only light i said but we are liars to be free ooh ooh ooooh well steal the light to see,128.68,141.821
what if im lonely what if the skies should fall and disappear for one night only open your eyes and run into the clear i love you only until the skies fall down and disappear so if i may what if i say its good to have you here oh oh oh oh oh oh oh oh oh oh oh oh oh oh oh oh oh oh oh oh oh oh oh oh oh oh oh oh oh oh oh oh oh oh oh oh oh oh oh oh oh oh oh oh oh oh oh oh oh oh oh oh oh oh oh oh oh oh oh oh oh oh oh oh oh oh oh oh oh oh oh oh oh oh oh oh oh oh oh oh oh oh oh oh oh oh oh oh oh oh oh oh oh oh oh oh oh oh oh oh oh oh oh oh oh oh oh oh oh oh oh oh oh oh oh oh oh oh oh oh oh oh oh oh oh oh,148.857,226.113
