words,start,end
love shine a light in every corner of my heart let the love light carry let the love light carry light up the magic in every little part let our love shine a light in every corner of my heart,1.701,24.018
love shine a light in every corner of my dream let the love light carry let the love light carry let the mighty river flowing from the stream let our love shine a light in every corner of my dream,34.628,56.396
and were all gonna shine a light together all shine a light to light the way brothers and sisters in every little part let our love shine a light in every corner of my heart,58.225,81.457
love shine a light in every corner of the world let the love light carry let the love light carry light up the magic in every boy and girl let our love shine a light in every corner of the world,91.792,113.378
and were all gonna shine a light together all shine a light to light the way brothers and sisters in every little part let our love shine a light in every corner of my heart,115.39,137.707
and were all gonna shine a light together allshine a light to light the way brothers and sisters in every little part let our love shine a light in every corner of my heart shine a light in every corner of my heart,138.256,168.53
