words,start,end
this morning i made the call the one that ends it all hanging up i wanted to cry but damm it this wells gone dry not for the money not for the fame not for the power just no more games,25.26,43.859
but now im safe in the eye of the tornado i cant replace the lies that let a thousand days go no more living trapped inside in her way ill surely die in the eye of the tornado blow me away,44.774,64.44
youll grow to loathe my name youll hate me just the same you wont need your breath and soon youll meet your death not from the years not from the use not from the tears just self abuse,69.318,88.07
but now im safe in the eye of the tornado i cant replace the lies that let a thousand days go no more living trapped inside in her way ill surely die in the eye of the tornado blow me away,88.985,108.651
whos to say whats for me to say whos to say whats for me to be whos to say whats for me to do cause a big nothing itll be for me,108.803,126.64
the land of opportunity the golden chance for me my future looks so bright now i think ive seen the light,160.18,170.241
cant say whats on my mind cant do what i really feel in this bed i made for me is where i sleep i really feel,248.601,268.115
i warn you of the fate proven true to late your tongue twist perverse come drink now of this curse and now i fill your brain i spin you round again my poison fills your head as i tuck you into bed,278.024,296.928
you feel my fingertips you wont forget my lips youll feel my cold breath its the kiss of death,297.538,306.99
