words,start,end
ive got fire for a heart im not scared of the dark youve never seen it look so easy ive got a river for a soul and baby youre a boat baby youre my only reason,6.3,19.676
if i didnt have you there would be nothing left the shell of a man who could never be his best if i didnt have you id never see the sun you taught me how to be someone yeah,19.921,33.786
all my life you stood by me when no one else was ever behind me all these lights they cant blind me with your love nobody can drag me down,33.868,47.733
all my life you stood by me when no one else was ever behind me all these lights they cant blind me with your love nobody can drag me down,47.815,62.088
nobody nobody nobody can drag me down nobody nobody nobody can drag me down,64.046,75.791
ive got fire for a heart im not scared of the dark youve never seen it look so easy ive got a river for a soul and baby youre a boat baby youre my only reason,75.872,89.167
if i didnt have you there would be nothing left nothing left the shell of a man who could never be his best be his best if i didnt have you id never see the sun see the sun you taught me how to be someone yeah,89.493,103.358
all my life you stood by me when no one else was ever behind me all these lights they cant blind me with your love nobody can drag me down,103.44,117.795
nobody nobody nobody can drag me down nobody nobody nobody can drag me,119.752,131.171
all my life you stood by me when no one else was ever behind me all these lights they cant blind me with your love nobody can drag me down,131.334,145.118
all my life you stood by me when no one else was ever behind me all these lights they cant blind me with your love nobody can drag me down,145.118,159.391
nobody nobody nobody can drag me down nobody nobody nobody can drag me,161.43,172.93
down nobody can drag me down nobody can drag me down,173.094,187.612
