words,start,end
what i got to do to make you love me what i got to do to make you care what do i do when lightning strikes me and i wake to find that youre not there,20.715,47.433
what i got to do to make you want me what i got to do to be heard what do i say when its all over sorry seems to be the hardest word,50.655,76.615
its sad so sad its a sad sad situation and its getting more and more obsurd its sad so sad why cant we talk it over always seems to m e that sorry seems to be the hardest word,79.837,110.724
its sad so sad its a sad sad situation and its got more and more obsurd its sad so sad why cant we talk it over always seems to me sorry seems to be the hardest word,139.907,171.173
what do i do to make you love me what i got to do to be heard what do i do when lightning strikes me what have i got to d o what have i got to d o oh when sorry seems to be the hardest word,171.363,207.556
