words,start,end
you saw me standing by the wallcorner of a main street and the lights are flashing on your window sill all alone aint much fun so youre looking for the thrill and you know just what it takes and where to go,22.012,54.1
dont say a prayer for me now save it til the morning after no dont say a prayer for me now save it til the morning after,56.752,76.244
feel the breeze deep on the inside look you down into your well if you can youll see the world in all his fire take a chance like all dreamers cant find another way you dont have to dream it all just live a day,90.166,122.254
dont say a prayer for me now save it til the morning after no dont say a prayer for me now save it til the morning after save it til the morning after save it till the morning after pretty looking road,124.641,176.619
i try to hold the rising floods that fill my skin dont ask me why ill keep my promise melt the ice and you wanted to dance so i asked you to dance but fear is in your soul some people call it a one night stand but we can call it paradise,176.884,208.707
dont say a prayer for me now save it til the morning after no dont say a prayer for me now save it til the morning after,209.503,230.718
save it til the morning after save it til the morning after save it til the morning after save it til the morning after,231.514,265.193
de de de de de de de de de de de de de save a prayer til the morning after save a prayer til the morning after save a prayer til the morning after save a prayer til the morning after,265.988,306.695
