words,start,end
lets go dont wantcha for the weekend dont wantcha for a night im only interested if i can have you for life,0.366,21.299
yeah i know i sound serious and baby i am youre a fine piece of real estate and im gonna get me some land oh yeah,22.013,39.933
so dont try to run honey love can be fun theres no need to be alone when you find that someone im gonna getcha,40.409,56.743
while i gotcha in sight im gonna getcha if it takes all night you can betcha by the time i say go,56.743,66.099
youll never say no im gonna getcha its a matter of fact im gonna getcha dont cha worry bout that you can bet your bottom dollar in time youre gonna be mine just like i should ill getcha good yeah,66.337,89.967
ive already planned it heres how its gonna be im gonna love you and youre gonna fall in love with me oh yeah so dont try to run honey love can be fun theres no need to be alone,91.711,117.56
when you find that someone im gonna getcha while i gotcha in sight im gonna getcha if it takes all night you can betcha by the time i say go,117.798,133.181
youll never say no im gonna getcha its a matter of fact im gonna getcha dont cha worry bout that you can bet your bottom dollar in time youre gonna be mine just like i should ill getcha good ah ah,133.34,158.237
yeah im gonna getcha baby im gonna knock on wood im gonna getcha,158.555,167.99
somehow honey yeah im gonna make it good ooh yeah yeah yeah yeah oh yeah so dont try to run honey love can be fun theres no need to be alone,168.149,192.333
when you find that someone im gonna getcha its a matter of fact im gonna getcha dont cha worry bout that you can bet your bottom dollar in time youre gonna be mine oh im gonna getcha,192.65,213.901
im gonna getcha real good yeah you can betcha oh im gonna getcha just like i should ill getcha good oh im gonna getcha good,214.614,233.724
