words,start,end
i dont see how another days gonna make us change our minds so why dont we go seperate ways and save us a bit of time we cant go on trying living behind this worn out and thin disguise i dont want to try talking it out yeah i dont need another fight it just wont work when,17.984,42.947
all i want is a little peace and quiet all i want is a little peace and quiet,43.224,53.395
i just dont wanna live this way cause lately were up all night i can speak free when your in my face and i dont like to be unkind but constantly you try and turn it around when clearly its black and white somethings gone and now im feeling down cause ive been here a million times it just wont work when,55.151,80.207
all i want is a little peace and quiet all i want is a little peace and quiet,80.576,90.839
we cant go on trying living behind this worn out and thin disguise i dont want to try talking it out yeah i dont need another fight it just wont work when,104.338,118.391
all i want is a little peace and quiet all i want is a little peace and quiet,118.761,128.931
its been so long since i had a lover here i stand alone without another,130.41,136.512
its been so long since i had a lover here i stand alone without another,136.42,142.522
its been so long since i had a lover here i stand alone without another,142.522,148.531
its been so long since i had a lover here i stand alone now im alone,148.531,155.281
