words,start,end
today is gonna be the day that theyre gonna throw it back to you by now you shouldve somehow realized what you got to do i dont believe that anybody feels the way i do about you noow,38.136,55.033
backbeat the word is onthe street that the fire in your heart is out im sure youve heard it all before but you never really had a doubt i dont believe that anybody feels the way i do about you noow,60.205,77.102
and all the roads we have to walk are winding and all the lights that lead us there are blinding there are many things that i would like to say to you but i dont know ho ow,81.541,99.515
because maybe youre gonna be the one that saves me and after all youre my wonderwa all,103.395,122.964
today was gonna be the day but theyll never throw it back to you by now you shouldve somehow realized what youre not to do i dont believe that anybody feels the way i do about you noow,130.55,147.446
and all the roads that lead you there are winding and all the lights that light the way are blinding there are many things that i would like to say to you but i dont know ho ow,151.886,169.774
i said maybe youre gonna be the one that saves me and after all youre my wonderwa all,173.696,193.438
i said maybe youre gonna be the one that saves me and after all youre my wonderwa all,195.808,214.774
i said maybe youre gonna be the one that saves me youre gonna be the one that saves me youre gonna be the one that saves me,217.791,238.308
