words,start,end
shadows fall on yesterday its like time just slips away im nothing darkness follows me the dawning never shows its head im left dying here instead with nothing a lock without a key,23.22,43.97
like the brightest star you shine through ashley baby you make me feel so alive ive got purpose once again yeah yeah ashley baby you make me feel so alive ive got purpose once again yeah yeah ive got purpose once again,44.303,77.053
if looks could kill youd be the one that takes my world and makes me numb im nothing without you i cant breathe and as the sunlight burns the sky i see through my obsessive eyes im nothing without you i cant see,82.387,103.428
like the brightest star you shine through ashley baby you make me feel so alive ive got purpose once again yeah yeah ashley baby you make me feel so alive ive got purpose once again,103.553,128.137
yeah yeah yeah yeah youre the strength i need to fight youre the reason i still try im the moth and youre the light use these wings so i can fly i can fly,128.303,152.97
ashley baby you make me feel so alive ive got purpose once again yeah yeah ashley baby you make me feel so alive ive got purpose once again yeah yeah ashley baby you make me feel so alive ive got purpose once again yeah yeah ive got purpose once again ive got purpose once again,155.053,201.553
