words,start,end
theres a place off ocean avenue where i used to sit and talk with you we were both sixteen and it felt so right sleeping all day staying up all night staying up all night,6.445,24.608
theres a place on the corner at cherry street we would walk on the beach in our barefeet we were both eighteen and it felt so right sleeping all day staying up all night staying up all night,28.534,46.698
if i could find you now things would get better we could leave this town and run forever let your waves crash down on me and take me away yeah yeah,49.243,66.889
theres a piece of you thats here with me its everywhere i go its everything i see when i sleep i dream and it gets me by i can make believe that youre here tonight that your here tonight,72.756,90.79
if i could find you now things would get better we could leave this town and run forever i know somewhere somehow well be together let your waves crash down on me and take me away yeah,93.422,116.374
i remember the look in your eyes when i told you that this was goodbye you were begging me not tonight not here not now were looking up at the same night sky we keep pretending the sun will not rise,133.501,149.551
well be together for one more night somewhere somehow if i could find you now things would get better we could leave this town and run forever i know somewhere somehow well be together let your waves crash down on me and take me away yeah yeah,149.896,177.335
