words,start,end
honey why you callin me so late its kinda hard to talk right now honey why you crying is everything okay i gotta whisper cause i cant be too loud,8.944,34.584
oh well my girls in the next room sometimes i wish she was you i guess we never really moved on,37.142,50.804
its really good to hear your voice sayin my name it sounds so sweet comin from the lips of an angel hearin those words it makes me weak let it die never wanna say goodbye,51.502,71.909
but girl you make it hard to be faithful with the lips of an angel its funny that youre callin me tonight and yes ive dreamt of you too does he know youre talkin to me will it start a fight no i dont think she has a clue,72.665,116.677
oh well my girls in the next room sometimes i wish she was you i guess we never really moved on,119.002,132.665
its really good to hear your voice sayin my name it sounds so sweet comin from the lips of an angel hearin those words it makes me weak let it die never wanna say goodbye,133.363,153.77
but girl you make it hard to be faithful with the lips of an angel its really good to hear your voice sayin my name it sounds so sweet comin from the lips of an angel hearin those words it makes me weak let it die never wanna say goodbye,154.525,213.304
but girl you make it hard to be faithful with the lips of an angel but girl you make it hard to be faithful with the lips of an angel,214.06,240.746
honey why you callin me so late,247.084,252.607
