words,start,end
dont fret precious im here step away from the window and go back to sleep,42.196,54.746
lay your head down childi wont let the boogeymen come count their bodies like sheep to the rhythm of the war drums pay no mindto the rabble pay no mindto the rabble head down go to sleep to the rhythm of the war drums,57.996,82.446
pay no mind what other voices say they dont care about you like i do like i do safe from pain and truth and choice and other poison devils see they dont give a fuck about youlike i do,83.296,109.496
just staywith me safe and ignorant go back to sleep go back to sleep,109.546,131.996
lay your head down childi wont let the boogeymen come count their bodies like sheep to the rhythm of the war drums pay no mindto the rabble pay no mindto the rabble head down go to sleep to the rhythm of the war drums,136.846,161.646
ill be the one to protect you from your enemies and all your demons ill be the one to protect you from a will to survive and a voice of reason ill be the one to protect you from your enemies and your choices son theyre one and the same i must isolate you isolate and save you from yourself,168.246,196.446
swayin to the rhythm of the new world order and counting bodies like sheep to the rhythm of the war drums,199.046,209.746
the boogeymen are coming the boogeymen are coming keep your head down go to sleep,212.646,220.896
to the rhythm of the war drumsstaywith me safe and ignorant just stay with meill hold you and protect you from the other onesthe evil ones dont love you son go back to,220.846,270.346
