words,start,end
let this dagger bury deep cause im not afraid to bleed through all the spaces in between never meant anything cause i gave everything i had to build a promised land a place where proudly i could stand this castle made of sand is slipping through my hands,16.055,39.948
the dream is over now our hearts have been misguided lost somehow the dream is over now,40.48,54.422
our fate has been decided its all been lost somehow,54.688,61.979
its over now is this a blessing or a curse a message well rehearsed a means to justify the end of only what couldve been bury every word ive said in the city of the dead and drown this masterpiece in red the color in my head this tired skin ill shed,65.385,96.515
the dream is over now our hearts have been misguided lost somehow the dream is over now,96.674,110.617
our fate has been decided its all been lost somehow,110.883,117.109
lost somehow the waters rushing in were fighting over the remains of a sea too crowded to repair were dying to defend a feeling that has lost its way cause the dreams no longer there,117.534,143.13
yeah,168.62,169.099
the dream is over now our hearts have been misguided lost somehow the dream is over now,173.09,187.192
our fate has been decided its all been lost somehow,187.458,194.748
its over now yeah its overr now our fate has been decided its all been lost somehow lost somehow yeah its over now,194.961,224.495
