words,start,end
this is my life its not what it was before all these feelings ive shared,19.732,29.204
and these are my dreams that id never lived before somebody shake me cause i i must be sleeping,29.745,45.549
now that were here its so far away all the struggle we thought was in vain all in the mistakes one life contained they all finally start to go away,48.31,68.552
now that were here its so far away and i feel like i can face the day and i can forgive and im not ashamed to be the person that i am today,69.093,89.228
these are my words that ive never said before i think im doing okay,89.769,99.457
and this is the smile that ive never shown before somebody shake me cause i i must be sleeping,100.052,115.911
now that were here its so far away all the struggle we thought was in vain all in the mistakes one life contained they all finally start to go away,118.238,138.535
now that were here its so far away and i feel like i can face the day i can forgive and im not ashamed to be the person that i am today,139.13,159.697
im so afraid of waking please dont shake me afraid of waking please dont shake me,162.62,185.785
now that were here its so far away all the struggle we thought was in vain all in the mistakes one life contained they all finally start to go away,186.11,206.461
now that were here its so far away and i feel like i can face the day i can forgive and im not ashamed to be the person that i am today,207.002,227.894
