words,start,end
do ya do ya do you want me around you do yaor do you want me to vanish do ya do you want me to stay here do ya or do you want me to go now do ya,5.451,31.082
oh feel free to came back home irradites irradiates oh feel free to come back home,31.195,41.743
irradites do you want me to want you do ya do you want me to stay do you believe or not do you want me arround you do ya,41.516,54.671
do you want me to stay do you believe or not do ya do ya do you belive or not do ya do ya do you want me to love you do ya or do you want me to hate you do ya do you want me to stay here do ya or do you want me to go now do ya,55.238,87.22
oh feel free to came back home irradiates irradiates oh feel free to came back home irradiates,87.56,99.922
do you want me to want you do ya do you want me to stay do you believe or not do you want me arround you do ya,100.148,110.809
do you want me to stay do you belive or not do ya do ya do you believe or not do ya do ya right on do you want me to want you do ya do you want me to stay do you believe or not do you want me to want you do ya do you want me to stay,111.263,156.626
do you believe believe do ya do ya,156.513,162.297
do you believe believe do ya do ya,163.771,170.122
