words,start,end
bless the lord oh my soul oh my soul worship his holy name sing like never before oh my soul worship your holy name,12.472,36.989
the sun comes up its a new day dawning its time to sing your song again what ever may pass and what ever lies before me let me be singing when the evening comes,42.679,70.817
bless the lord oh my soul oh my soul worship his holy name sing like never before oh my soul worship your holy name,75.369,99.989
youre rich in love and youre slow to anger your name is great and your heart is kind for allyour goodness i will keep onsinging ten thousand reasons for my heart to find,105.575,133.817
bless the lord oh my soul oh my soul worship his holy name sing like never before oh my soul worship your holy name,138.265,162.782
and on that day when my sterngth is failing the end draws near and my time has come still my soul will sing your praiseunendingten thousands years and then forevermore,191.644,219.782
bless the lord oh my soul oh my soul worship his holy name sing like never before oh my soul worship your holy name,224.334,250.196
bless the lord oh my soul oh my soul worship his holy name sing like never before oh my soul worship your holy name,250.817,275.334
worship your holy name lord ill worship your holy name sing like never before oh my soul worship your holy name worship your holy name worship your holy name,278.127,327.162
