words,start,end
one song glory one song before i go glory one song to leave behind,14.328,25.524
find one song one last refrain glory from the pretty boy front man who wasted opportunity,26.358,40.679
one song he had the world at his feet glory in the eyes of a young girl a young girl find glory beyond the cheap colored lights one song before the sun sets glory on another empty life time flies time dies glory one blaze of glory one blaze of glory,40.991,95.046
glory find glory in a song that rings true truth like a blazing fire an eternal flame,95.827,113.793
find one song a song about love glory from the soul of a young man a young man,116.293,128.323
find the one song before the virus takes hold glory like a sunset one song to redeem this empty life,129.729,143.893
time flies and then no need to endure anymore time dies,144.258,156.756
