words,start,end
tried to write you a love song thought i could so far what i told you misunderstood it used to be so o good what went wrong with us i remember a night in montparnasse you gave me a painting it made our hearts so i cherish all moments,16.874,43.569
when we still were you ng i wont give it up cant you see im not strong e nough o oh dont call my bluff a su nny su nny da y,43.823,57.552
im do ing it all for you but youre let ting me down you bet ter tu rn a round im doing it all for you u a all a all for you,57.806,73.569
hand in hand on our jour ney set for love you and me against the wo rld ne ver a part so na ive i could be e i thought our lo ove would last,81.959,96.705
i wont give it up cant you see im not strong e nough o oh dont call my bluff a su nny su nny da y,97.721,106.366
im do ing it all for you but youre let ting me down you bet ter tu rn a round im doing it all for you u a all a all for you,106.62,122.255
im do ing it all for you but youre letting me down you bet ter tu rn a round when im sing ing the groove for you u a all a all for you,122.891,138.527
come to me ho ney help me un der stand a bout your fee lings a bout your plans just one more chance to hear myprayer,140.433,154.925
aa a a a a a ah all for you u u u u u uall for you im do ing it all for you but youre let ting me down you bet ter tu rn a round im do ing it all for you u a all a all for you,156.832,189.247
all for you i will do the same to mor row all for you,189.247,194.84
ba by im gon na re gret my sor row all for you i will do the same to mor row all for you ba by im gon na re gret my sor row all for you,195.221,207.043
i will do the same to mor row all for you a all a all for you,207.552,213.908
