words,start,end
this is something i cant hide cant throw it away this is something i cant fake they know youre away they know how to break me they know youre far away,13.738,32.957
if this sadness takes its place ill free the space it needs im hiding in the place where we share the days where we share the nights go through dark and light,37.167,56.935
could you believe im waiting for someone could you believe im im holding the night with my hands alone in the night on my own i feel the pain inside me only you can heal me,59.864,83.293
this is something i cant take i feel so lame there is nothing in my mind but you all the way you rule every moment youre the air around me,98.668,117.887
loves a lonely road sometimes i keep moving on towards the moment youll be mine a long way to go to where we belong well be there before long oh oh,122.097,144.427
could you believe im waiting for someone could you believe im im holding the night with my hands alone in the night on my own i feel the pain inside me only you can heal me,144.794,168.222
by sharing this moonlight and the tears in my midnight cry i need to hear you breathe by me in the night deep in the night,169.229,189.272
could you believe im waiting for someone could you believe im im holding the night could you believe im,191.651,207.301
waiting for someone could you believe im im holding the night with my hands alone in the night on my own i feel the pain inside me only you can heal me,207.759,228.168
alone in the night on my own i feel the pain inside me only you can heal me,240.706,251.596
