words,start,end
games changes and fears when will they go from here when will they stop i believe that fate has brought us here and we should be together babe but were not,7.782,29.772
i play it off but im dreaming of you ill keep my cool but im feenin,32.52,42.533
i try to say good bye and i choke try to walk away and i stumble though i try to hide it its clear my world crumbles when you are not here,42.73,56.473
goodbye and i choke i try to walk away and i stumble though i try to hide it its clear my world crumbles when you are not here,56.866,69.039
i may appear to be free but im just a prisoner of your love and i may seem all right and smile when you leave but my smiles are just a front just a front hey,70.217,94.758
i play it off but im dreaming of you ill keep my cool butim feenin,95.151,105.361
i try to say good bye and i choke try to walk away and i stumble though i try to hide it its clear my world crumbles when you are not here,105.557,119.3
goodbye and i choke i try to walk away and i stumble though i try to hide it its clear my world crumbles when you are not near,119.693,131.866
here is my confession may i be your possession boy i need your touch your love kisses and such with all my might i try but this i cant deny deny,134.222,156.604
i play it off but im dreaming of you but im dreaming of you babe ill keep my cool but im feenin,158.175,167.991
i try to say good bye and i choke try to walk away and i stumble though i try to hide it its clear my world crumbles when you are not here,168.384,182.128
goodbye and i choke i try to walk away and i stumble though i try to hidd it its clear my world crumbles when you are not here,182.52,195.086
goodbye and i choke i try to walk away and i stumble though i try to hide it its clear my world crumbles when you are not near,195.086,208.436
