words,start,end
in the day we sweat it out in the streets of a runaway american dream at night we ride through mansions of glory in suicide machines sprung from cages on highway nine chrome wheeled fuel injected and steppin out over the line,14.648,35.338
whoa baby this town rips the bones from your back its a death trap its a suicide rap we gotta get out while were young cause tramps like us baby we were born to run yes girl we were,36.889,58.614
wendy let me in i wanna be your friend i wanna guard your dreams and visions just wrap your legs round these velvet rims and strap your hands across my engines together we could break this trap well run till we drop baby well never go back,63.786,84.476
whoa will you walk with me out on the wire cause baby im just a scared and lonely rider but ive gotta know how it feels i wanna know if love is wild baby i wanna know if love is real oh can you show me,85.717,107.131
beyond the palace hemi powered drones scream down the boulevard girls comb their hair in rearview mirrors and the boys try to look so hard,132.372,144.786
the amusement park rises bold and stark kids are huddled on the beach in the mist i wanna die with you wendy on the streets tonight in an everlasting kiss huh,145.614,159.062
one two three four the highways jammed with broken heroes on a last chance power drive everybodys out on the run tonight but theres no place left to hide together wendy we can,184.407,200.545
live with the sadness ill love you with all the madness in my soul whoa someday girl i dont know when were gonna get to that place where we really wanna go and well walk in the sun but till then tramps like us baby we were born to run,200.648,224.234
ah honey tramps like us baby we were born to run come on with me tramps like us baby we were born to run,224.648,237.372
whoah mhmm ah ah ah aaha who ah ah ah ah oh mhmm whoa a ah a whoah who oh oh oh o oh,238.2,264.372
