words,start,end
when its over thats the time i fall in love again,43.086,49.027
and when its over thats the time youre in my heart again and when you go go go go i know it never ends never ends,52.443,71.453
all the things that i used to say all the words that got in the way all the things that i used to know have gone out the window,71.601,80.512
all the things that she used to bring all the songs that she used to sing all the favorite tv shows have gone out the missing you i never knew how much shed loved me im missing you i never knew how much you meant to me i need you and when you go go go go i know it never ends never ends,81.106,119.423
all the things that i used to say all the words that got in the way all the things that i used to know have gone out the window,119.571,128.482
all the things that she used to bring all the songs that she used to sing all the favorite tv shows have gone out the wishing you you never said you were pretending im wishing you youll feel the same and just come back to me i need you and when you go go go go i know it never ends never ends when its over,129.076,169.324
can i still come over and when its over is it really over,170.066,181.799
when its over thats the time i fall in love again,186.997,192.938
all the things that i used to say all the words that got in the way all the things that i used to know have gone out the window,204.522,213.581
all the things that she used to bring all the songs that she used to sing all the favorite tv shows have gone out the window all the things that i used to say all the words that got in the way all the things that i used to know have gone out the window,214.175,232.74
all the things that she used to bring all the songs that she used to sing all the favorite tv shows have gone out the window,233.334,242.245
all the things that i used to say all the words that got in the way,242.987,247.146
