words,start,end
she seemed dressed in all of me stretched across my shame all the torment and the pain leaked through and covered me,16.137,31.399
id do anything to have her to myself just to have her to myself now i dont know what to do i dont know what to do when she makes me sad,32.224,53.899
she is everything to me the unrequited dream a song that no one sings the un attainable,61.212,76.624
shes a myth that i have to believe in all i need to make it real is one more reason now i dont know what to do i dont know what to do when she makes me sad,77.299,98.974
but i wont let this build up inside me i wont let this build up inside me i wont let this build up inside me i wont let this build up inside me i catch in my throat choke,105.799,140.374
torn into pieces i wont no i dont want to be this,141.312,149.299
but i wont let this build up inside me i wont let this build up inside me i wont let this build up inside me i wont let this build up inside me she isnt real i cant make her real she isnt real i cant make her real,149.449,214.212
