words,start,end
in good old times re member my friend moon was so bright and so close to us sometimes,18.947,27.822
we were still blind and deaf what a bliss painting the world of our own for our own eyes now,27.923,37.404
can we ever have what we had then friendship un breakable love means nothing to me without blinking an eye id fade if so needed all those moments with you if i had you beside me,37.505,57.979
one cloudy day we both lost the game we drifted so far and away,58.886,65.946
nothing is quite as cruel as a child sometimes we break the un breakable sometimes,67.963,76.94
and well never have what we had then friendship unbroken love means nothing to me without blinking an eye id fade if so needed all those moments with you if i had you beside me now,77.545,99.532
i was unable to cope with what you said sometimes we need to be cruel to be kind child that i was could not see the reason feelings i had were but sham and a lie,108.206,126.36
i have never forgotten your smile your eyes oh shamandalie,130.293,138.564
time went by many memories died im writing this down to ease my pain,139.068,147.641
you saw us always clearer than me how we were never meant to be love denied meant the friendship would die now i have seen the light these memories make me cry,148.75,170.838
can i ever have what i had then friendship unbroken love means nothing to me without blinking an eye id fade if so needed all those moments with you see the world with my wide open eyes,180.722,204.222
theres no other for me like the one of my childhood can you forgive me love got better off me on that day back in old times,204.827,220.46
