words,start,end
slip back out of whack at your best its a nightmare so im joining the army,21.242,39.79
no house phones but can i still call will you wait for me now,40.358,49.272
we got the right cause theyll fight to use it got everything and you can just choose it i wont just be a puppet on a string,49.955,57.579
dont go that way ill wait for you,59.589,77.871
and im tired of all your friends a listening at your door and i want whats better for you so long my friend and adversary oh but ill wait for you,78.326,98.429
get dressed jump out of bed into a vest are you okay ive been all around this town everybodys singing the same song for ten years,107.646,123.955
ill wait for you will you wait for me too,126.762,145.196
and they sacrifice their lives and theyre lying about those odds oh they said it a billion times and theyll say it again so long my adversary and friend,145.461,164.843
dont go that way ill wait for you,194.011,212.369
im tired of all your friends banging down your door get up in the morning a yelling no more,212.786,222.079
so long my friend and adversary ill be waiting for you,222.762,232.661
