words,start,end
we were goin way too fast chasin down the hourglass runnin from a past headed out with no direction,16.072,28.478
kerosene beauty queen lookin for her matchstick king to burn into my heart hand in to the flame we could set the world ablaze cause,30.844,44.403
baby youre all i need come now set me free like a wildfire like a wildfire breathless i cant resist melt with your scarlet kiss like a wildfire like a wildfire,44.692,74.177
i look into your sunset eyes waitin for the moon to rise so i can feel your heart this love is so completely crazy,74.927,87.564
you been fucking with my dreams rip me like your torn up jeans i dont even care you can take me there you can set my world ablaze cause,89.93,103.489
baby youre all i need come now set me free like a wildfire like a wildfire breathless i cant resist melt with your scarlet kiss like a wildfire like a wildfire,103.778,133.263
baby tell me where you wanna run run cause i been burnin like the morning sun take my hand you can burn this city with me,133.782,146.534
oh play me like your first guitar where every single notes too hard i dont even care you can take me there you can set my world on fire,146.938,162.691
baby youre all i need come now set me free like a wildfire like a wildfire breathless i cant resist melt in your scarlet kiss like a wildfire like a wildfire,162.864,192.349
