words,start,end
so is it goodbye is it time to set you free is it time to let it fly is it time to let it bleed,8.774,23.088
we used to take turns to cover up the pain deep below it burns and the feelin still remains,26.148,40.912
youre gonna find someone new i really hope you do cause i love you sun will come on thru its gonna shine for you cause i adore you,43.298,60.267
yes we gave it a try but maybe for too long out of every sorrow another day will dawn,60.852,77.686
youre gonna find someone new i really hope you do cause i love you,78.136,85.518
sun will come on thru its gonna shine for you cause i adore you and the road travels onbut im still near you in my life like a songi will still hear you still,87.004,116.621
youre gonna find someone new i really hope you do cause i love you,117.431,125.083
youre gonna find someone new i really hope you do cause i love you sun will come on thru its gonna shine for you cause i adore you,134.896,151.91
youre gonna find someone new i really hope you do cause i love you sun will come on thru its gonna shine for you cause i adore you,152.36,169.464
sunll shine for you sunll shine for you,169.824,173.515
si adore you sunll shine for you sunll shine for you si adore you sunll shine for you,174.28,188.909
sunll shine for you si adore you sunll shine for you sunll shine for you si adore you,189.539,204.168
