words,start,end
ive been tellin my dreams to the scarecrow about the places that id like to see i said friend do you think ill ever get there oh but he just stands there smilin back at me,10.209,28.191
so i confessed my sins to the preacher about the love ive been prayin to find is there a brown eyed boy in my future yeah and he says girl youve got nothin but time,29.015,47.447
but ah how do you wait for heaven and ah who has that much time and how do you keep your feet on the ground when you know that you were born you were born to fly,48.87,72.846
my daddy he is grounded like the oak tree my momma she is steady as the sun oh you know i love my folks but i keep starin down the road just lookin for my one chance to run,79.889,97.646
hey cause i will soar away like the blackbird i will blow in the wind like a seed i will plant my heart in the garden of my dreams and i will grow up where ill wander wild and free,98.171,117.202
oh how do you wait for heaven and ah who has that much time and how do you keep your feet on the ground when you know that you were born you were born yeah you were born to fly,117.951,147.322
so how do you wait for heaven and who has that much time and how do you keep your feet on the ground when you know that you were born you were born to fly,166.353,190.404
yeah you were born to fly fly fly fly hey hoo hoo,193.326,210.858
