words,start,end
to make a mountain of your life is just a choice but i never learned enough to listen to the voice that told me always love hate will get you every time always love dont wait til the finish line,7.495,38.843
slow demands come round squeeze the air and keep the rest out it helps to write it down even when you then cross it out but,46.812,61.87
always love hate will get you every time always love even when you wanna fight,61.929,76.577
self directed lives i wanna know what itd be like to aim so high above any card that youve been dealt you,76.988,91.695
always love hate will get you every time always love hate will get you,91.988,105.171
ive been held back by something yeah you said to me quietly on the stairs ive been held back by something yeah you said to me quietly on the stairs,105.698,120.874
you said hey you good ones hey you good ones to make a mountain of your life is just a choice but i never learned enough to listen to the voice that told me always love hate will get you every time always love hate will get you,121.109,157.905
ive been held back by something yeah you said to me quietly on the stairs ive been held back by something yeah you said to me quietly on the stairs you said hey you good ones hey you good ones hey you good ones ah ah ah,158.257,189.898
