words,start,end
tell me your thoughts now baby tell me whats on your mind tell me whats eating you alive tell me your darkest secret clear up those stupid lies show me whats there behind those eyes,19.042,35.989
i want to know cause i cant face another day here in the dark im tired of wondering when were together baby where you are why should i give you everything when you will only break my heart,37.504,51.638
you will only break my heart,53.946,56.109
you will only break my heart,58.345,61.302
you will only break my heart,63.033,65.34
tell me your thoughts now baby tell me whats on your mind tell me whats eating you alive tell me your latest story what will it be this time show me whats there behind those eyes,69.811,87.408
i want to know why you cant find a way to just let down your guard i dont believe that love or what we had should ever be this hard why should i give you everything when you will only break my heart,88.273,102.552
you will only break my heart,104.715,107.888
you will only break my heart,109.114,111.783
you will only break my heart,113.946,116.109
all this is too familiar i think weve been here before i wish i could believe you i see you down on your knees,120.581,135.869
woo you will only break my heart,136.013,143.802
you will only break my heart,146.254,148.85
yeh you will only break my heart,149.427,153.321
yeh you will only break my heart,153.97,158.369
oh you will only break my heart,159.234,162.984
you will only break my heart,164.571,166.879
and you will only break my heart,169.186,173.081
