words,start,end
take me down to the river bend take me down to the fighting end wash the poison from off my skin show me how to be whole again,36.484,53.37
fly me up on a silver wing past the black where the sirens sing warm me up in the novice glow and drop me down to the drain below,54.297,70.997
cause im only a crack in this castle of glass hardly anything left for you to see for you to see,71.601,92.708
bring me home in a blinding dream through the secrets that i have seen wash the sorrow from off my skin and show me how to be whole again,98.831,115.624
cause im only a crack in this castle of glass hardly anything left for you to see for you to see,116.134,140.952
cause im only a crack in this castle of glass hardly anything else i need to be,151.761,168.971
cause im only a crack in this castle of glass hardly anything left for you to see for you to see for you to see,169.574,200.887
