words,start,end
you keep saying youve got something for me something you call love but confess youve been a messing where you shouldnt be a messing now someone else is getting all your best,11.46,32.418
these boots are made for walking and thats just what theyll do one of these days these boots are gonna walk all over you,34.343,45.677
you keep lying when you ought to be truthing and you keep losing when you ought to not bet you keep saming when you ought to be a changing now what is right is right but you aint been right yet,56.477,77.328
these boots are made for walking and thats just what theyll do one of these days these boots are gonna walk all over you,79.36,91.015
you keep playing where you shouldnt be a playing and you keep thinking that youll never get burnt hah ive just found me a brandnew box of matches yeah and what he knows you aint had time to learn,101.387,123.094
these boots are made for walking and thats justwhat theyll do one of these days these boots are gonna walk all over you,124.377,135.925
are you ready boots start walking,141.913,146.725
