words,start,end
everybody dance everybody dance everybody te oh te oh te oh te teoh te oh te oh te teoh te oh te oh te teoh te te oh te oh te oh te teoh te oh te oh te teoh te oh te oh te teoh te hello im back uh with a ruma ruma rumatrack sa zburam cu totsi pe luna the rhythm of the night is ruma ruma you and i we gonna party till the morning light its alright cause we never say goodbye,9.22,64.492
everybody dance dance dance in the disco rumadaidai ruma ruma rumadai i wanna take you from paris to san francisco i feel so high ruma rumadai everybody dance dance dance in the disco rumadaidai ruma ruma rumadai i wanna take you from paris to san francisco you and i ruma rumadai bonjour lamour ill take you on a long sejour hola que tal maria you turn me on like sweet sangria you and i we gonna party till the morning light its alright cause we never say goodbye everybody dance dance dance in the disco rumadaidai ruma ruma rumadai i wanna take you from paris to san francisco,64.818,130.85
i feel so high ruma rumadai everybody dance dance dance in the disco rumadaidai ruma ruma rumadai i wanna take you from paris to san francisco you and i ruma rumadai te oh te oh te oh,130.905,150.687
te teoh te oh te oh te teoh te oh te oh te teoh te te oh te oh te oh te teoh te oh te oh te teoh te oh te oh te teoh te hello jenny hello joe now its time to start the show and one step left one to the right moving up and down in the middle of the night screaming out for more and more its fireon the dancefloor everybody dance dance dance in the disco rumadaidai ruma ruma rumadai i wanna take you from paris to san francisco,150.742,193.459
i feel so high ruma rumadai everybody dance dance dance in the disco rumadaidai ruma ruma rumadai i wanna take you from paris to san francisco you and i ruma rumadai everybody dance,193.513,212.318
