words,start,end
simply because you can breathe doesnt mean your alive or that you really live this live has taken its toll she just doesesnt know how much more she can give,10.512,25.869
but here at the top of the world where i raise my hands and i clench my fists they stand before me below demanding the answers with flips of a switch,27.369,44.298
i dont understand where you got this idea so deply engrained in your head something that you must impress cause i couldnt care less,48.798,64.655
a need for revolutions rising it comes to the surface gasping for air were not putting up with this planet one more daymuch less one more year,68.226,85.512
i dont understand where you got this idea so deply engrained in your head something that you must impress cause i couldnt care less,89.941,105.655
i have an american dream but involves black masks and gasoline one day ill turnthese thoughs into screams at a world turned its back down on me,135.798,152.655
i dont understand where you got this idea so deply engrained in your head something that you must impress cause i couldnt care less,157.441,173.083
