words,start,end
he said ill protect you like you are the crown jewels yet said hes feeling sorrier for me the more i behave badly i can bet,29.395,40.913
hey lloyd im ready to be heartbroken cause i cant see further than my own nose at this moment,42.992,55.26
jealousy is more than a word now i understand you can stay a girl by holding a boys hand,63.16,75.719
hey lloyd im ready to be heartbroken cause i cant see further than my own nose at this moment,76.467,88.776
hey lloyd im ready to be heartbroken cause i cant see further than my own nose at this moment,89.982,102.249
this moment ive got my life of complication here to sort out take myself to an east coast city and walk about,103.081,175.602
hey lloyd im ready to be heartbroken cause i cant see further than my own nose at this moment,177.598,189.657
hey lloyd im ready to be heartbroken cause i cant see further than my own nose at this moment,190.905,203.214
hey lloyd im ready to be heartbroken cause i cant see further than my own nose at this moment this moment,204.378,220.512
