words,start,end
share my life take me for what i am cause ill never change all my colors for you take my love ill never ask for too much just all that you are and everything that you do,21.438,56.938
i dont really need to look very much further i dont wanna have to go where you dont follow i wont hold it back again this passion inside cant run from myself theres nowhere to hide,59.238,79.938
dont make me close one more door i dont wanna hurt anymore stay in my arms if you dare or must i imagine you there,80.438,98.638
dont walk away from me i have nothing nothing nothing if i dont have you you you you youyou see through right to the heart of me you break down my walls with the strength of your love i never knew love like ive known it with you will a memory survive one i can hold on to,99.238,162.638
i dont really need to look very much further i dont wanna have to go where you dont follow i wont hold it back again this passion inside i cant run from myself theres nowhere to hide,163.938,183.438
your love ill remember forever dont make me close one more door i dont wanna hurt anymore stay in my arms if you dare or must i imagine you there dont walk away from me i have nothing nothing nothing,183.938,219.238
dont make me close one more door i dont wanna hurt anymore stay in my arms if you dare or must i imagine you there,220.338,240.938
dont walk away from me dont walk away from me dont you dare walk away from me i have nothing nothing nothi ng if i dont have you youif i dont have you,241.538,275.638
