words,start,end
g r double e n leaves g r double e n leaves,14.212,27.365
its so easy happy go lucky we are the worldo we did it hyuu hyuu hyuu hyuu osu osu osu osu ai,29.548,46.507
yatta yatta daigaku gouka ku shachou shuunin happa ichimai areba ii ikiteiru kara rakkii da,46.675,60.667
yatta yatta tousen kakujitsu nippon daihyou yannaru gurai kenkou da everybody say yatta,61.115,74.94
nippon kyuu kyuu demo ashita wa wandahoo ijiwaru sarete mo futon haireba guu guu guu guu pasu pasu pasu pasu oha yo,76.507,93.13
yatta yatta kujikan suimin ne okite janpu donna ii koto aru darou ikiteita ka ra rakkii da,93.578,107.626
yatta yatta kimi wa kawareba sekai mo kawaru marugoshi dakara saikou da massugu tattara kimochi ii woohoo woohoo woohoo woohoo osu osu osu osu,108.018,129.511
woohoo woohoo woohoo woohoo osu osu osu osu omizu nondaraumei yatta hi ni atattara attakei yatta hara kara warattara omoshirei yatta yat ta inu kaitte mittara kawaii yatta,131.525,151.003
its so easy happy go lucky we are the worldo we did it hyuu hyuu hyuu hyuu osu osu osu osu hai,152.234,169.249
sure chigaizama hohoemi kureta nido to aenakutatte ii kimi ga ita kara rakkii da,171.432,183.522
heisei fukyou seiji fushin risetto sae surya sai kou da minna iru kara tanoshii,185.928,197.682
yatta yatta daigaku kyouju muubii sutaa happa ichimai areba ii minna isshou da happii da,198.354,212.402
yatta yat ta iki o sueru iki o hakeru yannaru gurai kenkou da everybody say yatta,212.738,226.787
g r double e n leaves g r double e n leaves bai,227.29,242.738
