words,start,end
i was born into a scene of angriness and greed and dominance and persecution my mother was a queen my dad ive never seen i was never meant to be,13.777,22.088
now i spend my time looking all around for a man thats nowhere to be found until i find him im never gonna stop searching im gonna find my man gonna travel round,23.721,46.736
cos im a wrathchild well im a wrathchild yeah im a wrathchild im coming to get you oh yeah,47.659,59.806
say it doesnt matter nothin gonna alter the course of my destination i know ive got to find some serious piece of mind or i know ill go crazy,117.2,125.511
now i spend my time looking all around for a man thats nowhere to be found until i find him im never gonna stop searching im gonna find my man gonna travel round,127.144,150.443
cos im a wrathchild well im a wrathchild yeah im a wrathchild im coming to get you oh yeah yeah,151.082,169.906
