words,start,end
youre talking but your hurting speech,9.093,12.251
retaliates throws some missiles away it wont cease or kill the pain it complicates fucks up my mind and brain oh hold on tease lifes destiny not yet totally pleased were all we miss and i can tell the damage done and swell will be replaced by a cold heart hell,13.304,43.567
and you should never leave me before i die and you should never leave me,44.883,51.725
and you should never leave me before i die and you should never leave me,53.304,61.461
and you should never leave me before i die and you should never leave me,61.725,69.093
and you should never leave me,70.146,73.04
youre acting like a masterpiece you dont hesitate you simply walk away playing for keeps with fake heartbeats accelerates how i swap love for hate i faint and stumble on my needs i desperate with my own special bids were all we feel and all we felt the damage done and felt,76.461,107.251
will be replaced by cold heart hell and you should never leave me before i die and you should never leave me,107.514,119.093
and you should never leave me before i die and you should never leave me,120.672,128.83
and you should never leave me before i die and you should never leave,129.093,134.619
oh hold on tease lifes destiny not yet totally pleased and gives me all and nothing i need gives me all and nothing i need,134.883,149.751
gives me all and nothing i need oh hold on tease gives me all and nothing i need gives me all and nothing i need,152.514,170.804
gives me all and nothing i need gives me all and nothing i need and gives me all and nothing i,171.461,183.567
and you should never leave me before i die and you should never leave me,183.83,191.988
and you should never leave me before i die and you should never leave me,192.251,199.619
and you should never leave me before i die,200.672,208.304
