words,start,end
ladies youre damn right you cant read a mans mind were living in two tribes and headed for war well nobodys perfect we all gotta work it but fellas were worth it so dont break the law,26.152,41.928
your calls late big mistake youve gotta hang about in limbo for as long as i take next time read my mind and ill be good to you were gift wrapped kitty cats were only turning into tigers when we gotta fight back lets go eskimo out into the blue,42.186,58.738
come take my hand understand that you can youre my man and i need you tonight come make my dreams honey hard as it seems loving me is as easy as pie i,59.255,75.743
im just a love machine feeding my fantasy give me a kiss or three and im fine i need a squeeze a day stead of this negligee what will the neighbours say this time,75.807,92.294
ive been going crazy while you sleep searching for a language that the two of us can speak so mister prehistoric make your wheel and ill breathe under water cause i like the way it feels,92.359,108.329
your calls late big mistake youve gotta hang about in limbo for as long as i take next time read my mind and ill be good to you were gift wrapped kitty cats were only turning into tigers when we gotta fight back lets go eskimo out into the blue,108.393,124.945
come take my hand understand that you can youre my man and i need you tonight come make my dreams honey hard as it seems loving me is as easy as pie i,125.462,141.949
im just a love machine feeding my fantasy give me a kiss or three and im fine i need a squeeze a day stead of this negligee what will the neighbours say this time,142.014,158.501
oh its very new can anybody tell me what to do oh this feelings very strange can anybody tell me whats your game,158.566,173.63
oh a little education oh to give you motivation oh and turn the situation round oh cause i dont wanna change you oh making you a stranger oh ill only rearrange ya for now,175.118,190.958
im just a love machine oh to give you motivation im just a love machine im just a love machine oh to give you motivation im just a love machine,191.669,206.023
