words,start,end
hes got a brand new car looks like a jaguar its got leather seats its got a cd player player player player,11.141,26.641
player player player player player player player player player player player player but i dont wanna talk about it anymore i think were gonna make it i think were gonna save it yeah so dont you try and fake it anymore anymore,26.829,53.141
buck rogers buck rogers well start over again grow ourselves new skin get a house in devon drink cider from a lemon lemon lemon lemon,57.016,80.266
lemon lemon lemon lemon lemon lemon lemon lemon lemon lemon lemon lemon but i dont wanna talk about it anymore i think were gonna make it i think were gonna save it yeah so dont you try and fake it anymore anymore,80.454,106.766
i think were gonna make it i think were gonna save it yeah so dont you try and fake it anymore anymore,107.016,122.641
hes got a brand new car hes got a brand new car a brand new car a brand new car a brand new car,126.391,144.391
buck rogers i think were gonna make it i think were gonna save it yeah so dont you try and fake it anymore anymore,150.391,170.266
i think were gonna make it i think were gonna save it yeah so dont you try and fake it anymore anymore,170.579,186.141
