words,start,end
whoawhoa do do do do do yeah,8.012,17.983
uh huh yeah yo tell me fellas have you seen her it was about five minutes ago when i seen the hottest chick that a youngn ever seen before,19.773,32.046
i said yo tell her girls i wanna meet her on second thought that aint the way to go i gotta give her game proper spit it so shell get it there she is i gotta stop her,32.557,43.637
or should i talk about her smile or what about her style im out of time shes out the door i gotta go for mine,44.148,53.864
i think ill say yo i dont know your name but excuse me miss i saw you from across the room,54.034,61.108
and i got to admit that you got my attention youre making me want to say,61.194,65.54
yo i know youre trying to leave but excuse me miss i saved the last dance for you how i love to keep you here with me oh baby,65.796,75.938
now shorty grab hold of my hand and lets pretend the floor is ours you say you dont really dance,76.194,83.523
dont worry about it well just one two step one two step,83.694,87.017
now if the music is moving too fast grab my hand a little tighter dont be afraid to move a little closer,87.103,94.603
girl theres something about you that makes me want to say,95.284,98.353
yo i dont know your name but excuse me miss i saw you from across the room,98.523,104.489
and i got to admit that you got my attention youre making me want to say,104.83,109.262
yo i know youre trying to leave but excuse me miss i saved the last dance for you how i love to keep you here with me oh baby,109.432,119.404
i think ill say yo i dont know your name but excuse me miss i saw you from across the room,119.489,126.392
and i got to admit that you got my attention youre making me want to say,126.648,131.165
yo i know youre trying to leave but excuse me miss i saved the last dance for you how i love to keep you here with me oh baby,131.25,141.137
i wanna be whereyou are aint nothing wrong with dancing,143.353,149.745
baby youre so romantic,150.171,152.387
baby i can be inyour heart,152.898,157.159
so many things i want to tell you i think that i should start by saying,158.012,163.807
yo i dont know your name but excuse me miss i saw you from across the room,163.978,170.029
i gotta give her game proper spit it so shell get it there she is i gotta stop her,170.284,174.546
oh yeah i know youre trying to leave but excuse me miss i saved the last dance for you how i love to keep you here with me oh baby,175.057,184.858
just clap your hands like this like this just clap your hands like this,185.455,190.142
uh huh and if your shortys in the house tonight just grab her by the hand homie make her understand yall was made to dance like this like this,190.909,198.921
yall was made to bounce like this,199.091,200.966
just let her know she was made for you and you wanna do everything she want to,202.33,207.103
