words,start,end
you sold yourself you sold yourself you sold your soul you make your hell cross this line you waste away steal and cheat all day,21.88,32.96
otsegolectric,32.96,34.153
otsegolectric,34.153,35.516
otsegolectric,35.516,36.88
argh otsegolectric,38.244,39.607
otsegolectric,39.607,40.971
otsegolectric,40.971,42.335
what is mine im electric face staring back at me cross this line you are sick you are sick i know it,43.869,54.778
otsegolectric,54.778,55.971
otsegolectric,55.971,57.335
otsegolectric,57.335,58.698
otsegolectric,60.062,61.425
otsegolectric,61.425,62.789
otsegolectric,62.789,64.153
screaming scratching pounding giving getting through me crawling balling falling giving into sinning,65.687,85.46
take all day suck all day worm away turn away you are sick i know it you are sick you are sick,101.141,111.198
otsegolectric,112.05,113.244
otsegolectric,113.244,114.607
otsegolectric,114.607,115.971
otsegolectric,117.335,118.698
otsegolectric,118.783,120.147
otsegolectric,120.147,121.511
otsegolectric,123.045,124.238
otsegolectric,124.238,125.602
otsegolectric,125.602,126.965
otsegolectric,128.329,129.607
otsegolectric,129.692,131.056
otsegolectric,131.056,132.42
screaming scratching pounding giving getting through me crawling balling falling giving into sinning,133.869,153.727
