words,start,end
hey dad look at me think back and talk to me did i grow up according to plan,25.938,35.982
and do you think im wasting my time doing things i wanna do but it hurts when you disapprove all along,37.766,48.603
and now i try hard to make it i just wanna make you proud im never gonna be good enough for you,49.991,63.471
cant pretend that im alright and you cant change me,63.801,71.533
cause we lost it all nothing lasts forever im sorry i cant be perfect now its just too late and we cant go back im sorry i cant be perfect,71.797,95.916
i try not to think about the pain i feel inside did you know you used to be my hero all the days you spent with me now seems so far away and it feels like you dont care anymore,109.066,131.467
and now i try hard to make it i just wanna make you proud im never gonna be good enough for you,132.986,146.665
i cant stand another fight and nothings alright,146.731,154.793
cause we lost it all nothing lasts forever im sorry i cant be perfect now its just too late and we cant go back im sorry i cant be perfect,154.925,178.912
nothings gonna change the things that you said nothings gonna make this right again please dont turn your back i cant believe its hard just to talk to you but you dont understand,179.837,202.7
cause we lost it all nothing lasts forever im sorry i cant be perfect now its just too late and we cant go back im sorry i cant be perfect,216.312,240.564
cause we lost it all nothing lasts forever im sorry i cant be perfect now its just too late and we cant go back im sorry i cant be perfect,240.96,265.343
