words,start,end
any man of mine better be proud of me even when im ugly he still better love me and i can be late for a date thats fine but he better be on time,21.242,32.348
any man of mine will say it fits just right when last years dress is just a little too tight and anything i do or say it better be okay when i have a bad hair day,33.357,44.559
if i change my mind a million times i wanna hear him say yeah yeah yeah i like it that way,46.819,61.002
any man of mine better walk the line better show me a teasin squeezin pleasin kinda time i need a man who knows how the story goes hes gotta be a heartbeatin fine treatin breath takin earthquakin kind any man of mine,61.29,89.511
any man of mine better disagree when i say another womans lookin better than me when i cook him dinner and i burn it black he better say mmm i like it like that,94.848,106.627
if i change my mind a million times i wanna hear him say yeah yeah yeah i like it that way,108.165,122.396
any man of mine better walk the line better show me a teasin squeezin pleasin kinda time i need a man who knows how the story goes hes gotta be a heartbeatin fine treatin breath takin earthquakin kind any man of mine,122.732,151.963
let me hear ya say yeah yeah yeah i like it that way,157.925,165.329
any man of mine better walk the line better show me a teasin squeezin pleasin kinda time i need a man who knows how the story goes hes gotta be a heartbeatin fine treatin breath takin earthquakin kind any man of mine,168.79,198.502
