words,start,end
in your arms i can still feel the way you want me when you hold me i can still hear the words you whispered when you told me i can stay right here forever in your arms,15.928,33.161
and there aint no way im lettin you go now and there aint no way and there aint not how ill never see that day,34.379,50.568
cause im keeping you forever and for always we will be together all of our days wanna wake up every morning to your sweet face always,51.612,70.934
in your heart i can still hear a beat for everytime you kiss me and when were apart i know how much you miss me i can feel your love for me in your heart,82.771,100.004
and there aint no way im lettin you go now and there aint no way and there aint not how ill never see that day,101.223,117.411
cause im keeping you forever and for always we will be together all of our days wanna wake up every morning to your sweet face always,118.456,144.131
i wanna wake up every morning,144.218,147.003
in your eyes i can still see the look of the one who really loves me the one who wouldnt put anything,149.614,159.188
else in the world above me i can still see the love for me in your eyes and there aint no way im lettin you go now and there aint no way and there aint not how ill never see that day,159.188,184.254
cause im keeping you forever and for always we will be together all of our days wanna wake up every morning to your sweet face im keeping you forever and for always,185.299,207.406
we will be together all of our days wanna wake up every morning to your sweet face im keeping you forever and for always im in your arms,208.102,238.564
