words,start,end
any means in your horizon heaven in a tourniquet the afterlife to keep your eyes on bitter pill you take today with expert levitation forward polished to the nth degree it takes its smile from every children you take the beating,42.788,59.085
any means in your horizon every mink walks two by two we gamble to be born again you know i never wanted to with expert levitation forward polished to the nth degree it takes its smile from every children you take the beating,75.381,91.933
the light divining the light defining the light divining the light dividing,93.142,107.975
dont let me down let me let me down dont let me dont let me down let me let me down let me,108.802,124.144
dont let me down let me let me down dont let me dont let me down let me let me down let me,141.523,156.865
the light divining the light defining the light divining the light dividing,158.902,173.926
