words,start,end
when i think about my life i wonder if i will survive to live to see in twenty five orwill i justfall i call my friends they just keep dying people round me always crying in this place i like to callmy home not everyone knows but everybody goes to a better place,19.756,45.253
not everybody knows that everyone could be living their last days but the hard timeswill come and well keep moving on,46.26,56.325
were moving on life hope truth trust faith pride love lust all make up the things weve lost but things weve gained well take with us,56.325,70.751
all ive got are these two hands to make myself a better man i wonder if ill ever see the end of this with all this rain it just keeps falling on my head so now im calling out to someone else to help me make it through,70.751,92.055
not everyone knows that everybody goes to a better place not everybody knows that everyone could be living their last days but the hard timeswill come and well keep moving on were moving on life hope truth trust faith pride love lust pain hate lies kill laugh cry live die some friends become enemies some friends become your family make the best with what youre givin this aint dying this is livin said were movin on and weve got nothin to prove to anyonecause well get through were movin on and on and on and on and on,92.055,156.637
and on and on and on and on and on and on and on and on and on and on and on and life hope truth trust faith pride love lust pain hate lies kill laugh cry live die some friends become enemies some friends become your family make the best with what youre givin this aint dying this is livin,156.637,186.16
