words,start,end
big city life me try fi get by pressure nah ease up no matter how hard me try big city life here my heart have no base and right now babylon de pon me case,12.182,23.239
big city life try fi get by pressure nah ease up no matter how hard me try big city life my heart have no base and right now babylon de pon me case,23.239,34.295
people in a show all lined in a row we just push on by its funny how hard we try,35.85,54.335
take a moment to relax fore you do anything rash,57.099,65.565
dont you wanna know me be a friend of mine ill share some wisdom with you dont you ever get lonely from time to time dont let the system get you down,68.847,89.405
big city life me try fi get by pressure nah ease up no matter how hard me try big city life here my heart have no base and right now babylon de pon me case,89.578,100.635
big city life try fi get by pressure nah ease up no matter how hard me try big city life my heart have no base and right now babylon de pon me case,100.635,111.691
soon our work is done all of us one by one still we live our lives as if all this stuff survives,112.901,131.731
dont you wanna know me be a friend of mine ill share some wisdom with you dont you ever get lonely from time to time dont let the system get you down,135.187,155.745
the linguist across the seas and the oceans a permanent itinerant is what ive chosen i find myself in a big city prison arisen from the vision of mankind designed to keep me discreetly neatly in the corner youll find me with the flora and the fauna and the hardship back a yard is where my heart is still i find it hard to depart this big city life,155.745,177.34
big city life me try fi get by pressure nah ease up no matter how hard me try big city life here my heart have no base and right now babylon de pon me case,178.031,188.915
big city life try fi get by pressure nah ease up no matter how hard me try big city life my heart have no base and right now babylon de pon me case,189.088,200.144
big city life me try fi get by pressure nah ease up no matter how hard me try big city life here my heart have no base and right now babylon de pon me case,200.144,211.201
big city life try fi get by pressure nah ease up no matter how hard me try big city life my heart have no base and right now babylon de pon me case,211.201,222.085
