words,start,end
yeah alright yeah alright,3.448,8.974
blue skies watching it all fading blue skies living it all fading,21.922,32.343
blue skies watching it all fading blue skies fading ones abiding,32.343,42.606
two suns living it all dying two suns fighting ones abiding,42.764,53.027
blue suns watching them both fighting blue suns seeing them both dying,58.395,68.343
two suns watching them both fighting two suns fighting ones abiding,68.501,78.448
two skies seeing them both dying two skies fading ones abiding,78.606,88.711
ah ah ah crackpipes needles pcp and fast cars kind of mix really well in a dead movie star and i feel like talking ill never be wrong if i feel like walking you best come along,93.922,108.764
i close my windows pack the needle high till my palms are red and my tounge is dry im looking for a mother thatll get me high just a stupid motherfucker if i die i die,108.764,118.395
im a midnight fistfight,118.553,123.764
looking for a mother thatll get me high just a stupid motherfucker if i die i die im a midnight fistfight,123.764,133.711
looking for a mother thatll get me high just a stupid motherfucker if i die i die alright,133.711,138.764
two suns fighting ones abiding two skies fading ones abiding,143.816,158.659
two suns fighting ones abiding,158.659,163.553
two skies two suns watching them above yeah alright yeah al right,163.553,175.869
