words,start,end
please tell me what is taking place cause i cant seem to find a trace guess it must have got erased somehow,9.543,17.261
probly cause i always forget evry time someone tells me their name its always got to be the same in my world never wore a cover up always beat the boys up grew up in a five thousand population town made my money by cutting grass got fired by a fried chicken ass all in a small town napanee,19.009,45.077
you know i always stay up with out sleeping and think to myself where do i belong for ever in whose arms the time and place,46.242,64.592
cant help it if i space in a daze my eyes tune out the other way i may switch off and go in a daydream in this head my thoughts are deep sometimes i cant even speak would some one be and not pretend im off again in my world,65.757,84.543
i never spend less than an hour washing my hair in the shower it always takes five hours to make it straight so ill braid it in a zillion braids though it may take all friggin day theres nothing else better to do anyway when youre all alone in the lands of forever lay under the milky way on and on its getting too late out im not in love this time this night,88.912,125.902
cant help it if i space in a daze my eyes tune out the other way i may switch off and go in a daydream in this head my thoughts are deep sometimes i cant even speak would someone be and not pretend im off again in my world,126.193,145.126
i take some time mellow out party up i dont fall down dont get caught sneak out of the house,159.106,166.825
cant help it if i space in a daze my eyes tune out the other way i may switch off and go in a daydream in this head my thoughts are deep sometimes i cant even speak would someone be and not pretend im off again in my world,168.281,187.067
cant help it if i space in a daze my eyes tune out the other way i may switch off and go in a daydream in this head my thoughts are deep sometimes i cant even speak would someone be and not pretend im off again in my world,187.067,206.145
