words,start,end
kiss me quick while we still have this feeling hold me close and never let me go cause tomorrows can be so uncertain love can fly and leave just hurting kiss me quick because i love you so,6.5,33.167
kiss me quick and make my heart go crazy sigh that sigh whisper oh so low tell me that tonight will last forever say that you will leave me never kiss me quick because i love you so,34.944,62.056
let the band keep playing while we are swaying lets keep on praying never let her stop,62.944,75.5
kiss me quick i just cant stand this waiting cause your lips are lips i long to know oh that kiss will open heavens door and well stay there forever more so kiss me quick because i love you so,77.611,105.167
let the band keep playing while we are swaying lets keep on praying never let her stop,105.944,118.611
kiss me quick i just cant stand this waiting cause your lips are lips i long to know for that kiss will open heavens door and well stay there for evermore so kiss me quick because i love you so kiss me quick because i love you so kiss me quick because i love you so,120.5,161.833
