words,start,end
i see the sparkling little diamond on your hand its plain to see that youve already got a man i can tell youre not about to fall for any of my lines i see the want to in your eyes,11.259,48.574
deep in your smile theres a quiet soft desire like the embers of a once raging fire you know i could light that fire again you know it isnt wise i see the want to in your eyes,50.575,89.002
how strongs a band of gold is it strong enough to hold when a love has grown coldand a woman wants a love sweet and warm,91.447,111.087
how many women just like you have silent schemes how many men like me do they sleep with in their dreams you can stay or you can go and although i sympathize i see the want to in your eyes i see the want to in your eyes,112.902,160.185
