words,start,end
son im thirty i only went with your mother cause shes dirty and i dont have a decent bone in me what you get is just what you see yeah and she saw i take it freely and all the bad piss ugly things i feed me i never help or give to the needy come on and see me,24.778,54.73
yippee ippee ay ay yey yey yey i had to crucify some brother today and i dont dig what you gotta say so come on and say it,57.406,70.916
come on and tell me twice,72.764,75.25
i said dad youre a shabby you run around and groove like a baggy youre only here just out of habit all thats mine you might as well have it you take ten feet back and then stab it,89.333,109.088
spray on and tag it so sack on me then i cant stand the needy get around here if youre ask who you feeling,109.471,122.344
yippee ippee ay ay yey yey yey i had to crucify somebody today and i dont dig what you gotta say so come on and say it,122.662,135.917
come on and tell me twice,137.957,140.761
so sack all the needy i cant stand to leave it you come around here and you put both your feet in,171.35,179.379
yippee ippee ay ay yey yey yey i had to crucify somebody today and i dont hear what you gotta say so go on and say it,179.761,193.335
yippee ippee ay ay yey yey yey i had to crucify some brother today and i dont hear what you gotta say so come on and say it come on and tell me twice,196.075,214.174
