words,start,end
hold it together birds of a feather nothing but lies and crooked wings i have the answer spreading the cancer you are the faith inside me,22.116,37.627
no dont leave me to die here help me survive here alone dont remember remember,37.798,54.161
put me to sleep evil angel open your wings evil angel,55.44,69.332
im a believer nothing could be worse all these imaginary friends hiding betrayal driving the nail hoping to find a savior,80.752,96.264
no dont leave me to die here help me survive here alone dont surrender surrender,96.349,111.945
put me to sleep evil angel open your wings evil angel,114.247,128.139
oh fly over me evil angel why cant i breathe evil angel,129.332,144.332
put me to sleep evil angel open your wings evil angel,177.059,190.951
oh fly over me evil angel why cant i breathe evil angel,191.974,207.144
