words,start,end
took a deep breath in the mirror he didnt like it when i wore high heels but i do turn the lock and put my headphones on he always said he didnt get this song but i do i do,6.575,29.008
walked in expecting youd be late but you got here early and you stand and wave i walk to you you pull my chair out and help me in and you dont know how nice that is but i do,36.984,56.568
and you throw your head back laughing like a little kid i think its strange that you think im funny cause he never did ive been spending the last eight months,61.126,75.796
thinking all love ever does is break burn and end but on a wednesday in a cafe i watched it begin again you say you never met one girl who had as many james taylor records as you but i do we tell stories and you dont know why im coming off a little shy but i do,76.152,117.599
and you throw your head back laughing like a little kid i think its strange that you think im funny cause he never did ive been spending the last eight months thinking all love ever does is break burn and end but on a wednesday in a cafe i watched it begin again and we walked down the block to my car and i almost brought him up but you start to talk bout the movies that your family watches every single christmas,121.801,178.417
and i want to talk about that and for the first time whats past is past and you throw your head back laughing like a little kid i think its strange that you think im funny cause he never did ive been spending the last eight months,178.631,206.404
thinking all love ever does is break burn and end but on a wednesday in a cafe i watched it begin again but on a wednesday in a cafe i watched it begin again,206.832,234.392
