words,start,end
dont go breaking my heart i couldnt if i tried oh honey if i get restless baby youre not that kind,13.539,26.431
dont go breaking my heart you take the weight off of me oh honey when you knock on my door ooh i gave you my key,30.139,43.032
woo hoo nobody knows it but when i was down i was your clown woo hoo nobody knows it nobody knows it but right from the start i gave you my heart oh oh i gave you my heart,46.227,72.639
so dont go breaking my heart i wont go breaking your heart dont go breaking my heart,75.605,86.787
nobody told us cause nobody showed us now its up to us babe oh i think we can make it,94.659,107.551
so dont misunderstand me you put the light in my life oh you put the sparks to the flame ive got your heart in my sights,110.518,123.638
woo hoo nobody knows it but when i was down i was your clown woo hoo nobody knows it nobody knows it but right from the start i gave you my heart oh oh i gave you my heart,126.719,153.816
dont go breaking my heart i wont go breaking your heart dont go breaking my heart,156.326,167.336
woo hoo nobody knows it but when i was down i was your clown and right from the start i gave you my heart oh oh i gave you my heart,190.725,210.121
dont go breaking my heart i wont go breaking your heart dont go breaking my,213.144,219.762
dont go breaking my dont go breaking my heart dont go breaking my dont go breaking my i wont go breaking your heart dont go breaking my heart,220.446,231.342
dont go breaking my i wont go breaking your heart dont go breaking my heart,231.399,236.818
dont go breaking my i wont go breaking your heart dont go breaking my heart,236.876,242.238
dont go breaking my i wont go breaking your heart dont go breaking my heart,242.295,247.543
dont go breaking my i wont go breaking your heart,247.714,251.194
