words,start,end
have faith in me cause there are things that ive seen i dont believe so cling to what you know and never let go you should know things arent always what they seem,20.673,42.707
i said id never let you go and i never did i said id never let you fall and i always meant it if you didnt have a chance then i never did youll always find me right there again,44.673,58.742
im going crazy cause there are things in the streets i dont believe so well pretend its alright and stay in for the night,59.052,76.121
oh what a world ill keep you safe here with me with me i said id never let you go and i never did i said id never let you fall and i always meant it if you didnt have a chance then i never did youll always find me right there again,76.328,95.776
i said id never let you go and i never did i said id never let you fall and i always meant it if you didnt have a chance then i never did youll always find me right there again,95.983,109.742
theyve got me on the outside lookin in but i cant see at all with the weight of the world on my shoulders they just want to see me fall,109.949,122.57
theyve got me on the outside lookin in but i cant see at all with the weight of the world on my shoulders they just want to see me fall,122.776,137.466
have faith in me i said id never let you go and i never did i said id never let you fall and i always meant it if you didnt have a chance then i never did youll always find me right there again,142.225,159.811
i said id never let you go and i never did i said id never let you fall and i always meant it if you didnt have a chance then i never did youll always find me right there again,160.018,172.587
i said id never let you go and i never did i said id never let you go and i never did i said id never let you go and i never did i said id never let you go and i never did,172.742,185.363
