words,start,end
out in the country past the city limits sign well theres a honky tonk near the county line the joint starts jumpin every night when the sun goes down they got whiskey women music and smoke its where all the cowboy folk go to boot scootin boogie,12.677,35.612
ive got a good job i work hard for my money when its quittin time i hit the door runnin i fire up my pickup truck and let the horses run i go flyin down that highway to that hide away stuck out in the woods to do the boot scootin boogie,37.906,61.129
yeah heel toe docie doe come on baby lets go boot scootin oh cadilac black jack baby meet me outback were gonna boogie oh get down turn around go to town boot scootin boogie,62.677,83.262
the bartender asks me says son whatll it be i want a shot at that redhead yonder lookin at me the dance floors hoppin and its hotter than the fourth of july i see outlaws inlaws crooks and straights all out makin it shake doin the boot scootin boogie,107.803,131.025
yeah heel toe docie doe come on baby lets go boot scootin oh cadilac black jack baby meet me outback were gonna boogie get downturn around go to town boot scootin boogie,132.516,153.044
oh heel toe docie doe come on baby lets go boot scootin yeah cadilac black jack baby meet me outback were gonna boogie yeah get down turn around go to town boot scootin boogie i say get down turn around go to town boot scootin boogie oh get down turn around go to town boot scootin boogie,154.592,189.913
