words,start,end
what else should i be all apologies what else could i say everyone is gay what else could i write i dont have the right what else should i be all apologies,18.758,50.994
in the sun in the sun i feel as one in the sun in the sun married buried,53.794,71.122
i wish i was like you easily amused find my nest of salt everything is my fault ill take all the blame aqua sea foam shame sunburn freezer burn choking on the ashes of her enemy,73.392,107.368
in the sun in the sun i feel as one in the sun in the sun married married married buried yeah yeah yeah yeah all in all is all we are all in all is all we all are all in all is all we all are all in all is all we all are all in all is all we all are all in all is all we all are all in all is all we all are all in all is all we are,108.352,176.796
all in all is all we all are all in all is all we all are,177.326,185.12
all in all is all we are all in all is all we all are,185.574,193.444
all in all is all we all are all in all is all we all are,193.784,201.541
all in all is all we all are all in all is all we all are,201.881,209.6
all in all is all we all are all in all is all we all are,209.978,217.696
all in all is all we all are all in all is all we are,218.188,226.474
