words,start,end
this old heart of mine been broke a thousand times each time you break away i feel youre gone to stay lonely nights that come memories that go bringing you back again hurting me more and more,18.774,34.654
maybe its my mistake to show this love that i feel inside cause each day that passes by you got me never knowing if im coming or going cause,36.03,51.285
i love youuu yes i do this old heart i love youuu yes i do,52.285,64.039
this old heart weeps for you i try hard to hide my hurt inside this old heart of mine always keeps me crying the way you treat me leaves me incomplete you are here for the day gone for the week,64.539,90.798
but if you leave me a hundred times a hundred times i take you back im yours whenever you want me i wanna shout about it tell the world about it cause,91.799,107.429
i love youuu this old heart weeps for you i love youuu this old heart weeps for you,108.304,121.934
this old heart of mine been broke a thousand times each time you break away i feel youre gone to stay lonely nights that come momories that go bringing you back again hurting me more and more,138.814,154.695
maybe its my mistake to show this love i feel inside girl cause each day that passes by you got me never knowing if im coming or going cause,156.07,171.325
i love youuu yes i do i love you yes i do yes i do i love you this old heart darling weeps for you,172.326,194.958
i love youuu this old heart darling weeps for you i love youuu yes i do i love youuu oh yeah,196.334,215.09
then broke a thousand times show this love oh yeah this old heart of mine this old heart of mine,218.591,240.849
