words,start,end
far far beyond the island we dwelt in shades of twilight through dread and weary days through grief and endless pain,32.775,43.098
it lies unknown the land of mine a hidden gate to save us from the shadow fall,43.182,55.064
in the silence words of wisdom be aware the storm gets closer,57.003,65.093
mirror mirror on the wall true hope lies beyond the coast youre a damned kind cant you see that the winds will change mirror mirror on the wall true hope lies beyond the coast youre a damned kind cant you see that tomorrows bears insanity,65.767,88.604
gones the wisdom of a thousand years a world in fire and chains and fear leads me to a place so far deep down it lies my secret vision ill better keep,97.494,118.309
shall i leave my friends alone hidden in my twilight hall i know the world is lost in fire sure there is no way to turn it back to the old days of bliss and cheerful laughter were lost in barren lands caught in the running flames alone times geting short so follow me to find a path out of the dark,119.025,155.387
youre a damned kind cant you see that the winds will change mirror mirror on the wall true hope lies beyond the coast youre a damned kind cant you see that the winds will change,157.452,172.958
even though the storm calmed down the bitter end is just a matter of time,227.607,240.121
shall we dare the dragon merciless hes poisoning our hearts our hearts,240.373,249.896
times getting short so follow me to find a path out of the dark,251.497,263.337
youre a damned kind cant you see that the winds will change mirror mirror on the wall true hope lies beyond the coast youre a damned kind cant you see that the winds will change,265.317,280.823
