words,start,end
cant you see hes the man let me hear you applaud he is more than a man hes a shiny golden god,5.054,10.686
if you think its time to fuckin rock and fuckin roll out of control well then you know youve got to rock the block you fuckin suck my fuckin cock,11.082,19.178
cause when you rule your fuckin school all of the fools out of their jewels cause if you think its time to if you think its time to if you think its time to fuckin rock,19.354,29.913
he is goin to kick your fuckin ass and you know his name is kyle gass rocking and fucking rolling and fucking rocking and fucking rolling and fucking dipdip dlilip dip bidilidibipbip bidilidibi be budupbupbup bedupbupbup bedupbupbup bedupbupbupbu budibupdibu bublllbubu bu buboe bubo burr fufufufufufurr bububububu dip dip dip dip bip bip bip bip bip bip bip bidibyu,30.177,60.537
