words,start,end
i got the dynamo of volition the po pole position automatic transmission with lo ow emissions im a brand new addition to the old edition with a love unconditional,0.321,8.033
and im a drama abolitionist damn no opposition to my proposition half of a man half magician half a politician holdin the mic like ammunition and my vision is as simple as light,8.711,16.338
aint no reason we should be in a fight no demolition get to vote get to say what you like procreation compositions already written by themselves heck is for the people not believing in gosh,16.847,26.423
good job get em up way high gimme gimme that high five good time get em way down low gimme gimme that low dough good god bring em back again gimme gimme that high ten youre the best definition of good intention,26.931,43.711
i do not answer the call if i do not know who is calling i guess the whole point of it all is that we never know really,44.474,52.186
im tryng to keep with the joneses while waiting for guns and the roses to finish what we all suppose is gonna be the shit assuming,52.609,61.253
oh fists knock bumping and wrists locked twisting up a rizla kid icarus on the transistor nintendo be giving me the blister i bend over take it in the kisser,67.525,76.677
my best friends are hitting on my sister i try to tell em that they still a wisher cause she already got herself a mister and besides thats gross dont wanna dis her a d d d d d didnti say,77.016,87.101
didnti say good job get em up way high gimme gimme that high five good time get em way down low gimme gimme that low dough good god bring em back again gimme gimme that high ten youre the best definition of good versus evil oh ouh oh uh i do not keep up with statistics i do not sleep without a mistress,87.101,111.253
i do not eat unless its fixed with some kind of sweet like a licrice my home is deep inside the mystics im known to keep digging on existence,111.508,119.474
im holding in the heat like a fish stick my phone it beeps because i missed it i do not answer the call if i do not know who is calling im making no sense of it all say can i get a witness,119.643,131.677
im only a boy in a story just a halucinatory tripping on nothing there is living in the wilderness,132.016,139.728
with a tiger spot on my back living life of a cat i just want to relax here and write another rap tune driving off on your blind mans bike you can say just what you like oh nothing can stop you oh,139.982,160.66
good job get em up way high gimme gimme that high five good time get em way down low gimme gimme that low dough good god bring em back again gimme gimme that high ten youre the best youre the best youre the best youre the best youre the best youre the best youre the best good job get em up way high,163.118,181.677
gimme gimme that high five good time get em way down low gimme gimme that low dough good god bring em back again gimme gimme that high ten youre the best definition of good intentions youre the best definition of good intentions youre the best definition of good intentions youre the best around,181.677,212.609
