words,start,end
hey hey hey hey sometimes i feel like everybodys got a problem sometimes i feel like nobody wants to solve them i know that people say were never gonna make it but i know were gonna get through this,5.822,34.225
close your eyes and please dont let me dont dont dont dont let me go now close your eyes dont let me let you dont dont dont,34.322,45.741
take my hand tonight lets not think about tomorrow take my hand tonight we could find some place to go cause our hearts are locked forever and our love will never die take my hand tonight one last time,45.935,69.935
hey hey hey hey the city sleeps and were lost in the moment another kiss says were lying on the pavement if they could see us they would tell us that were crazy but i know they just dont understand,70.903,97.419
and please dont let me dont dont dont dont let me go now close your eyes dont let me let you dont dont dont,97.419,108.645
take my hand tonight lets not think about tomorrow take my hand tonight we could find some place to go cause our hearts are locked forever and our love will never die take my hand tonight one last time,109.419,134.967
hey hey hey hey,140.628,147.548
the rain drops the tears keep falling i see your face and it keeps me going if i get lost your lights gonna guide me and i know that you can take me home you can take me home,147.741,169.322
take my hand tonight lets not think about tomorrow take my hand tonight we can find some place to go cause our hearts are locked forever and our love will never die take my hand tonight one last time,174.741,199.322
take my hand tonight lets not think about tomorrow take my hand tonight we could find some place to go cause our hearts are locked forever and our love will never die take my hand tonight one last time,199.516,226.612
