words,start,end
ah ah ah ah ah ah ah ah ah ah ah in the year of thirtynine assembled here the volunteers in the days when the lands were few here the ship sailed out into the blue and sunny morn sweetest sight ever seen,7.337,58.877
and the night followed day and the story tellers say that the score brave souls inside for many a lonely day sailed across the milky seas never back never feared never cried,60.492,77.966
dont you here my call thought youre many years away dont you hear me calling you write your letters in the sand for the day ill take your hand in the land that our grandchildren knew,79.287,96.908
ah ah ah ah ah ah ah ah ah ah ah ah ah ah ah ah ah ah ah ah ah ah in the year of thirtynine came a ship in from the blue the volunteers came home that day and they bring good news of a world so newly born though their hearts so heavily weigh for the earth is old and grey,102.194,149.622
little darlin well away but my love this cannot be oh so many years have gone though im older than a year your mothers eyes from your eyes cry to me dont you here my call thought youre many years away dont you hear me calling you write your letters in the sand for the day ill take your hand in the land that our grandchildren knew,149.769,183.836
dont you here my call thought youre many years away dont you hear me calling you write your letters in the sand for the day ill take your hand for my life still ahead pity me,185.01,202.043
