words,start,end
everybody jump up everybody hands up everybody jump up everybody hands up,7.795,18.295
biru no ue kakeagatte machi wo mioroshite miru hana no you ni kasa ga saku karafuru na sekai,18.545,29.961
yuutsu na ame no hi mo shiawase no tane hitotsu mitsukereba kinou yori suki ni nareru ne,30.378,41.711
taisetsu na kotoba wo itsudatte kureru kimi boku mo nanika wo agereteru kana,42.295,53.795
i wish arigatou chotto tereru kedo ima kimi ni kono kimochi tsutate yo for you donna toki mo kitto egao agetai te wo tsunaide ite ne,54.295,75.045
everybody jump up everybody hands up everybody pump up,75.878,83.461
nemurenai yoru wa nando kimi to denwa shita kana daijoubu sono koe ni senaka osareta yo,86.628,98.045
yowai toko mo dakishimete aruite iku yuuki toka me ni mienai takaramono kimi ga kureta no,98.378,109.795
doushite konna boku no soba ni ite kureru no sonna koto kiitara warawarechau kana,110.461,121.961
i wish soba ni ite kitto soredake de boku wa boku no mama de irarerunda for you boku datte sou kimi ni totte sonna sonzai de itai,122.461,142.795
boku ga warau tabi kimi ga warau kara sono egao kitto dareka ni tsutawatteku,154.295,166.128
i wish arigatou chotto tereru kedo ima kimi ni kono kimochi tsutate yo for you donna toki mo kitto egao agetai te wo tsunaide ite ne,166.795,187.378
i wish soba ni ite kitto soredake de boku wa boku no mama de irarerunda for you donna kimi mo zutto daisuki dayo yakusoku suru kara,187.545,207.878
everybody jump up everybody hands up everybody pump up,209.211,216.795
