words,start,end
heaven sent you to bring the answer heaven sent you to cure this cancer for a moment,18.072,28.783
unbeatable chance for a moment the world in my hands like an angel you came every time when i prayed guardian of my dreams,29.333,43.147
watching me when i sleep like an angel you came every time when i screamed time aftertime i lose again night after night i wake up,43.497,61.165
shaking cause my world is breaking fool enough to fail again,61.315,67.522
night after night i wake up crying cause i feel like dying,68.573,73.728
still disconnected and unprotected still im haunted but unwanted for a moment,82.537,93.548
unbreakable stars for a moment you stayed in my arms like an angel you came every time when i prayed guardian of my dreams,94.148,108.012
watching me when i sleep like an angel you came every time when i screamed time aftertime i lose again night after night i wake up,108.212,126.03
shaking cause my world is breaking fool enough to fail again,126.03,132.286
night after night i wake up crying cause i feel like dying time aftertime i lose again night after night i wake up,133.388,176.931
shaking cause my world is breaking fool enough to fail again,176.931,183.187
night after night i wake up crying cause i feel like dying time aftertime i lose again night after night i wake up,184.289,195.4
shaking cause my world is breaking fool enough to fail again,195.45,201.706
night after night i wake up crying cause i feel like dying,202.807,208.363
