words,start,end
in an empty room all the tempting bar cross the universe theres no place too far yeah wherever you are you and me thick as thieves,6.117,28.534
well it aint always pretty sometimes it can rough could have throne the dial in and threw the hands up seems like weve always been and always will be against these,32.292,56.281
time time wont never drag us down you me us aint looking back and turning around its classic born each girl with our backs against the world you and me thick as thieves,59.015,101.251
in a world without faith your word i believe when they stack in the deck youre the cut up my sleeve in my hour of meet you and me yeah thick as thieves,104.258,128.11
and that are all thats live us under now you me us aint looking back on turning around its classic born each girl with our backs against the world you and me thick as thieves,130.98,177.18
if our rather bank you wouldnt care youre gonna seat on my lamp in the electric chair and when they flip the switch we just kiss,196.043,217.708
i know nothings gonna stop us now you me us on the urge never looking down whats up bored to do its classic me and you lucky you lucky me thick as thieves ohh thick thieves oh yeah,222.56,283.318
