words,start,end
rawr over the forgotten sea voice of angel is calling for me oh somewhere where the mountains collide thats where ill find my new life,55.805,97.243
oh i have carried this burden so long for you that nothing but sorrow i feel i have let myself believe that nothing would hurt deeper than truth,97.805,119.93
never has the wind blown like thousand years ago everything that ive known has left me on my own never have i felt the rain fall down like the burning flames all i see is the face of eternal wait,121.055,139.055
i hear your silent cry lost in the rainy night no reason to live for one reason to die for,139.43,148.618
i hear your silent cry lost in the rainy night no reason to live for one reason to die for,148.993,160.43
i am the one who has fallen into the path of shadows i am the one who has drowned into the river of tears,181.43,199.43
over the forgotten sea voice of angel is calling for me oh somewhere where the mountains collide thats where ill find my new life,218.93,241.618
oh i have carried this burden so long for you that nothing but sorrow i feel i have let myself believe that nothing would hurt deeper than truth,242.18,264.305
never has the wind blown like thousand years ago everything that ive known has left me on my own never have i felt the rain fall down like the burning flames all i see is the face of eternal wait,265.43,285.399
