words,start,end
used to ride up on the hill and look down at the dark ened sil hou ettesof tall black win dow sills and my heart jumped eve ry ledge until one bright morn ing when i woke i heard bells girl she gent ly spoke and said choice my mans to breath or choke so go die or learn to hope get back on your way at the end of the day un der the fire and the rain the whole big bloo dy pa rade un til that that feel ing feel ings gone you wake up on yo ur own some times walls come ca ving in some times the world just hits your chin,1.709,49.301
and some times sha dows haunt your back,49.468,51.977
and some times i feel so flat like some rare ea gle on the wind well it turns and life comes burst ing in and the earth you thought would beat you down lifts up and lights your ground get back on your way at the end of the day,52.061,69.876
un der the fire and the rain,70.295,72.553
the whole big bloo dy pa rade un til that that feel ing feel ings gone you wake up on yo ur own,72.887,94.969
get back on your way at the end of the day,107.431,112.115
un der the fire and the rain,112.366,114.708
the whole big bloo dy pa rade un til that that feel ing feel ings gone you wake up on yo ur own,115.126,128.76
get back on your way at the end of the day,128.843,133.36
un der the fire and the rain,133.778,136.036
the whole big bloo dy pa rade until that that feel ing feel ings gone you wake up on your own,136.371,150.924
