words,start,end
you would say anything and you would try anything to escape your meaningless and your insignificance,14.192,38.392
youre uncontrollable and we are unloveable and i dont want you to think that i care i never would i never could again,39.792,65.192
why cant you just love her and why be such a monster you bully from a distance your brain needs some assistance,67.792,90.192
but ill still take all the blame cause you and me are both one and the same and its driving me mad and its driving me mad,90.992,113.292
ill take back all the things that i said i didnt realise iwas talking to the living dead and i dont want you to think that i care i never would i never could again,114.192,137.592
you would say anything and you would try anything to escape your meaningless and your insignificance,175.392,198.492
