words,start,end
that place is in my mind is that space that you call mine that place is in my mind is that space that you call mine,40.609,64.63
where have i been all this time lost enslaved fatal decline ive been waiting for this to unfold the pieces are only as good as the whole,68.488,92.437
severed myself from my own life cut out the only thing that was right what if i never saw you again id die right next to you in the end,96.295,120.389
that place is in my mind is that space that you call mine that place is in my mind is that space that you call mine,124.392,148.341
i wont let you walk away without hearing what i have to say without hearing what i have to say without hearing what i have to say,152.344,176.147
