words,start,end
i believe the children are our future teach them well and let them lead the way show them all the beauty they possess inside give them a sense of pride to make it easier let the childrens laughter remind us how we used to be,18.092,46.858
everybodys searching for a hero people need someone to look up to i never found anyone who fulfilled my needs a lonely place to be and so i learned to depend on me,47.37,68.802
i decided long ago never to walk in anyones shadows if i fail if i succeed at least ill live as i believe no matter what they take from me they cant take away my dignity,69.314,90.69
because the greatest love of all is happening to me i found the greatest love of all inside of me the greatest love of all is easy to achieve learning to love yourself it is the greatest love of all,91.258,142.139
i believe the children are our future teach them well and let them lead the way show them all the beauty they possess inside give them a sense of pride to make it easier let the childrens laughter remind us how we used to be,144.584,173.179
i decided long ago never to walk in anyones shadows if i fail if i succeed at least i lived as i believe no matter what they take from me they cant take away my dignity,173.748,195.18
because the greatest love of all is happening to me i found the greatest love of all inside of me the greatest love of all is easy to achieve learning to love yourself is the greatest love of all,195.806,246.118
and if by chance that special place that youve been dreaming of leads you to a lonely place find your strength in love,246.573,281.877
