words,start,end
i dreamed a dream in time gone by when hope was high and life worth living i dreamed that love would never die i dreamed that god would be forgiving then i was young and unafraid and dreams were made and used and wasted there was no ransom to be paid no song unsung no wine untasted,61.578,118.838
but the tigers come at night with their voices soft as thunder as they tear your hope apart and they turn your dream to sha me,121.458,154.642
he slept a summer by my side he filled my days with endless wonder he took my childhood in his stride but he was gone when autumn came,156.388,183.833
and still i dream hell come to me that we will live the years together but there are dreams that cannot be and there are storms we cannot weather,188.325,214.023
i had a dream my life would beso differnet from this hell im living so different now from what it seemed now life has killed the dream i dreamed,218.514,253.195
