words,start,end
ring ring telephone rings somebody says baby what you doin ive been wonderin where youve been now and then i think about you and me,12.167,29.911
theres no use fighting about things we cant recall cos it dont matter girl at all,35.196,44.046
just come on home and baby well laugh and sing and well make love and let the telephone ring,45.034,52.123
ring ring door bell ring baby come on in i got the allman brothers on the stereo,57.064,63.337
im glad you came around ive been feeling down talking to tony and mario,68.02,74.164
you know they make good conversation but girl that aint no consolation cos i got love and baby ill give you some and if somebody comes well let the door bell ring,79.406,96.033
ring ring golden ring around the sun around your pretty finger ring ring voices ring with a happy tune anybody can be a singer,106.645,123.572
the sun comes up across the city i swear you never looked so dog gone pretty,129.029,138.739
hand in hand well stand upon the sand with the preacher man and let the wedding bell ring,139.039,145.57
hand in hand well stand upon the sand with the preacher man and let the wedding bell ring,155.581,162.068
ooh ooh ooh hand in hand well stand upon the sand with the preacher man and let the wedding bell ring,164.345,173.024
