words,start,end
when passions lostp and all the trust is gone way too far for way too long children crying cast out and neglected only in a world so cold only in a world this cold,0.286,27.994
hold the hand of your best friend look into their eyes then watch them drift away some might say weve done the wrong things for way too long for way too long,28.619,56.015
fever inside the storm so im turning away away from the name away from the stones cause im through mending the wounds of us,56.432,70.807
keep your thorns cause im running away away from the games away from the space the circumstances of a world so cold,71.224,87.682
burning whispers remind me of the days i was left alone in a world this cold guilty of the same things provoked by the cause ive left alone in a world so cold,92.161,119.297
fever inside the storm so im turning away away from the name away from the stones cause im through mending the wounds of us,119.974,134.192
keep your thorns cause im running away away from the games away from the space the circumstances of a world so cold,134.609,147.994
im flying im flying away why does everyone feel like my enemy dont want any part of depression or darkness ive had enough sick and tired bring the sun or i am gone,148.307,191.64
i need to find a darkened corner a lightless corner where its safer and calmer,234.349,246.172
im turning away away from the name away from the stones cause im through mending the wounds of us,246.484,259.922
im running away away from the games away from the space the circumstances of a world so cold,260.286,272.942
oh im flying im flying away away from the names away from the games the circumstances of a world so cold,273.047,290.286
