words,start,end
life is a moment in space when the dream is gone its a lonelier place,23.97,32.807
i kiss the morning goodbye butdown inside you know we never know why,35.281,44.472
the road is narrow and long when eyes meet eyes and the feeling is strong,46.593,55.43
i turn away from the wall i stumble and fall but i give you it all,57.904,68.862
i am a woman in love and id do anything to get you into my world and hold you within,69.216,80.704
its aright i defend overand overagain what do i do,81.234,95.02
with you eternally mine in love there is nomeasure of time,104.564,113.224
they planned it all at the start thatyou and i live in each others heart,115.875,125.773
we maybe oceans away you feel my love i hear what you say,127.187,136.554
no truth is ever a lie i stumble and fall but i give you it all,138.498,149.456
i am a woman in love and id do anything to get you into my world and hold you within,149.986,161.298
its aright i defend overand overagain what do i do,161.828,175.967
i am a woman in love and im talkin to you youiknow how you feel what a woman can do,183.744,195.055
its a right i defend overand overagain i am a woman in love and id do anything,195.762,213.083
to get you into my world and hold you within its a right i defend overand overagain,213.436,229.52
