words,start,end
close your eyes give me your hand darlin do you feel my heart beating do you understand do you feel the same am i only dreaming is this burning an eternal flame,10.781,37.604
i believe its meant tobe darlin i watch you when you are sleeping you belong with me do you feel the same am i only dreaming or is this burning an eternal flame,38.134,64.781
say my name sun shines through the rain a whole life so lonely and then come and ease the pain i dont wanna lose this feelin oh,65.531,87.678
say my name sun shines through the rain a whole life so lonely and then come and ease the pain i dont wanna lose this feelin ah,102.104,122.266
close your eyes give me your hand do you feel my heart beating do you understand do you feel the same am i only dreaming is this burning an eternal flame,123.369,152.178
give me your hand darlin do you feel my heart beating do you understand do you feel the same am i only dreaming is this burning an eternal flame,152.928,178.825
give me your hand darlin do you feel my heart beating do you understand do you feel the same am i only dreaming ah an eternal flame,180.281,206.442
give me your hand darlin do you feel my heart beating do you understand do you feel the same am i only dreaming,207.678,225.236
