words,start,end
hello darkness my old friend ive come to talk with you again because a vision softly creeping left its seeds while i was sleeping and the vision that was planted in my brain still remains within the sound of silence,21.485,64.277
in restless dreams i walked alone narrow streets of cobblestone neath the halo of a street lamp i turned my collar to the cold and damp when my eyes were stabbed by the flash of a neon light that split the night and touched the sound of silence,64.943,107.277
and in the naked light i saw ten thousand people maybe more people talking without speaking people hearing without listning people writing songs that voices never share and no one dared disturb the sound of silence,108.068,149.777
fools said i you do not know silence like a cancer grows hear my words that i might teach you take my arms that i might reach you but my words like silent raindrops fell and echoed in the wells of silence,150.902,189.943
and the people bowed and prayed to the neon god theyve made and the sign flashed out its warning in the words that it was forming and the sign said the words of the prophets are written on the subway walls and tenement halls and whispered in the sound of silence,191.402,241.652
