words,start,end
youre my peace of mind in this crazy world youre every thing i tried to find your love is a peaaarl youre my mona lisa youre my rain bow skies and my on ly prayer is that you realize youll al ways be beauti ful in my eyes,9.25,58.504
the world will turn and the seasons will change and all the les sons we will learn will be beau ti ful and straaa nge well have our fill of tears our share of sig hts my on ly prayer is that you rea lize youll al ways be beauti ful in my eyes,60.854,108.765
you will al ways be beauti ful in my eyes and the pas sing years will show that you will al ways grow ever more beauti ful in my eyes,109.213,137.422
when there are lines upon my face from a lifetime of smiles when the time comes to em brace for one long last whii le we can laugh about how time real ly flies we wont say good bye cause true love never dies,142.347,182.534
youll al ways be beauti ful in my eyes you will always be beauti ful in my eyes and the pas sing years will show that you will al ways grow ever more beauti ful in my eyes,184.213,218.243
and the pas sing years will show that you will al ways grow ever more beauti ful in my eyes,218.578,233.131
