words,start,end
cast the calmingapple up and over satellites to draw out the timid wildone to convince you its allright,21.816,38.822
and i listen for the whisper of your sweet insanity while i formulate denials of your effect onme,55.977,72.333
youre a stranger so what do i care you vanish today not the first time i hear all the lies,73.733,97.541
what am i to do with all this si lence,109.145,115.147
shy away shy away phantom run away terrified child wont you move away fuckin tornado im better off without you tearin my will down,144.657,175.117
