words,start,end
my my it doesnt matter what you say,6.82,12.537
from the start i hang off every word you say oh tonight are you tryng to fall in love again does it make it alright are you tryng to fall in love again,14.065,35.122
now im a hard man gone soft the lines were so clear then how did i ever get by there was a time i hang off every word you say,36.254,56.632
every breath you blew i was running to inhale oh tonight are you tryng to fall in love again does it make it alright are you tryng to fall in love again,58.613,79.726
my my there will be other days,104.801,110.745
it come sand goes you know it never stays oh tonight are you tryng to fall in love again does it make it alright are you tryng to fall in love again,112.556,133.386
oh tonight are you tryng to fall in love again does it make evrything alright you tryng to fall in love again,133.839,148.782
