words,start,end
while he was schemin i was beamin in the beemer just beamin cant believe that i caught my man cheatin so i found another way to make him pay for it all,10.795,21.211
so i went to neimanmarcus on a shopping spreea and on the way i grabbed sole and mia and as the cashbox rang i thought everything away,21.545,32.295
oops there goes the dreams we used to say there goes the times we spent away there goes the love i had but you cheated on me and thats for that now,32.545,43.128
oops there goes the house we made a home there goes youll never leave me alone for all the lies you told this is what youre owed,43.211,53.461
hey ladies when ya man wanna get buck wild just go back and hit em up style get your hands on his cash and spend until the last dime for all the hard times,53.545,64.461
oh when you go then everything goes from the crib to the ride and the clothes so you betta let em know that if he mess up you gotta hit em up,64.545,75.211
while he was braggin i was comin down the hill a just a draggin all his pictures and his clothes in a bag and sold everything else til there was just nothing left,80.128,90.545
and i paid all the bills about a month too late its a shame we have to play these games the love we had just fade away away,90.878,101.628
oops there goes the dreams we used to say there goes the times we spent away there goes the love i had but you cheated on me and thats for that now,101.878,112.461
oops there goes the house we made a home there goes youll never leave me alone for all the lies you told this is what youre owed,112.545,122.795
hey ladies when ya man wanna get buck wild just go back and hit em up style get your hands on his cash and spend until the last dime for all the hard times,122.878,133.795
oh when you go then everything goes from the crib to the ride and the clothes so you betta let em know that if he mess up you gotta hit em up,133.878,144.128
hey ladies when ya man wanna get buck wild just go back and hit em up style get your hands on his cash and spend until the last dime for all the hard times,144.211,155.711
when you go then everything goes from the crib to the ride and the clothes so you betta let em know that if he mess up you gotta hit em up,156.211,165.711
all of the dreams you sold left me out in the cold what happened to the days when we used to trust each o ther and all of the things i sold will take you until you get old to get em back without me cuz revenge is better than money you,166.545,186.628
see yeah oh just go back and hit em up style get your hands on his cash and oh yeah oh,186.711,198.378
