words,start,end
lay lady lay lay across my big brass bed lay lady lay lay across my big brass bed whatever colours you have in your mind ill show them to you and youll see them shine,17.824,52.946
lay lady lay lay across my big brass bed stay lady stay stay with your man awhile until the break of day let me see you make him smile his clothes are dirty but his his hands are clean and youre the best thing that hes ever seen,54.972,102.637
stay lady stay stay with your man awhile why wait any longer for the world to begin you can have it your cake and eat it too why wait any longer for the one you love when hes standing in front of you,104.567,139.785
lay lady lay lay across my big brass bed stay lady stay stay while the night is still ahead i long to see you in the morning light i long to reach for you in the night stay lady stay stay while the night is still ahead,141.329,184.652
