words,start,end
he was born in the summer of his twenty seventh year comin home to a place hed never been before he left yesterday behind him you might say he was born again you might say he found a key for every door,11.366,34.294
when he first came to the mountains his life was far away on the road and hangin by a song but the strings already broken he doesnt really care it keeps changin fast and it dont last for long,35.687,57.759
but the colorado rocky mountain high ive seen it rainin fire in the sky the shadow from the starlight is softer than a lullabye rocky mountain high colorado rocky mountain high colorado,59.473,92.259
he climbed cathedral mountains he saw silver clouds below he saw everything as far as you can see and they say that he got crazy once he tried to touch the sun and he lost a friend but kept his memory,93.33,114.973
now he walks in quiet solitude the forest and the streams seeking grace in every step he takes his sight has turned inside himself to try understand the serenity of a clear blue mountain lake,116.687,139.294
and the colorado rocky mountain high ive seen it rainin fire in the sky talk to god listen to the casual reply rocky mountain high colorado rocky mountain high colorado,140.044,172.616
now his life is full of wonder but his heart still knows some fear of a simple thing he cannot comprehend why they try to tear the mountains down to bring in a couple more,173.473,190.83
more people more scars upon the land and the colorado rocky mountain high ive seen it rainin fire in the sky i know hed be a poorer man if he never saw an eagle fly rocky mountain high,191.259,221.58
colorado rocky mountain high ive seen it rainin fire in the sky friends around the campfire and everybodys high rocky mountain high colorado rocky mountain high colorado,222.651,254.473
rocky mountain high colorado rocky mountain high colorado rocky mountain high rocky mountain hi,255.009,273.437
