words,start,end
crawling in my skin these wounds they will not heal fear is how i fall confusing what is real,26.977,46.811
theres something inside me that pulls beneath the surface consuming confusing this lack of self control i fear is never ending controlling i cant seem,54.658,72.922
to find myself again my walls are closing in ive felt this way before so insecure crawling in my skin these wounds they will not heal fear is how i fall confusing what is real,73.493,108.879
discomfort endlessly has pulled itself upon me distracting reacting against my will i stand beside my own reflection its haunting how i cantseem,109.379,127.5
to find myself again my walls are closing in ive felt this way before so insecure crawling in my skin these wounds they will not heal fear is how i fall confusing what is real,128.285,165.954
crawling in my skin these wounds they will not heal fear is how i fall confusing confusing what is,166.24,184.361
theres something inside me that pulls beneath the surface confusing what is this lack of self control i fear is never ending confusing what is real,184.789,204.908
