words,start,end
if you take a life do you know what youll give odds are you wont like what it is when the storm arrives would you be seen with me by the merciless eyes ive deceived,17.395,40.138
ive seen angels fall from blinding heights but you yourself are nothing so divine just next in line,41.666,58.573
arm yourself because no one else here will save you the odds will betray you and i will replace you you cant deny the prize it may never fulfill you it longs to kill you are you willing to die,60.101,86.226
the coldest blood runs through my veins,86.717,89.989
you know my name if you come inside things will not be the same when you return to the night if you think youve won you never saw me change the game that we have been playing,90.535,118.569
ive seen diamonds cut through harder men than you yourself but if you must pretend you may meet your end,120.423,137.222
arm yourself because no one else here will save you the odds will betray you and i will replace you you cant deny the prize it may never fulfill you it longs to kill you are you willing to die,138.858,164.875
the coldest blood runs through my veins,165.475,168.911
try to hide your hand forget how to feel life is gone with just a spin of the wheel arm yourself because no one else here will save you the odds will betray you and i will replace you you cant deny the prize it may never fulfill you it longs to kill you are you willing to die,170.165,209.653
the coldest blood runs through my veins you know my name you know my name you know my name you know my name you know my name you know my name you know my name,210.526,237.524
