words,start,end
static tone on the phone ill be breakin again must be somethin better babe all the names that you called out the bed seem to fade to sometime never planned,20.658,35.718
i wont cry for all the hunger in my heart no i wont cry because ive made it through this far,36.738,50.118
just cause youre raisin the bet and call the shots now for me ooh it really doesnt phase me how you spend your time,50.418,63.978
ooh just cause youre raisin the bet and call the shots now for me ooh it really doesnt phase me how you spend your time ooh out of the fire that burns inside me a phoenix is risin if you dont feel that you can love me i wont shoot you down,64.338,97.158
and i wont cry for all the hunger in my heart no no i wont cry because i stumbled through this far,97.938,111.558
just cause youre raisin the bet and call the shots now for me ooh it really doesnt phase me how you spend your time,111.858,125.418
ooh just cause youre raisin the bet and call the shots now for me ooh it really doesnt phase me how you spend your time,125.778,140.898
ooh ive seen life burn bright ive seen it shimmer,141.138,147.978
seen it shimmer they fade like starlight to a glimmer to a glimmer oh no ive seen life flow by like a river like a river so full of twilight dreams that glitter dreams that glitter,148.098,173.058
just cause youre raisin the bet and call the shots now for me ooh it really doesnt phase me how you spend your time,175.218,188.778
ooh just cause youre raisin the bet and call the shots now for me ooh it really doesnt phase me how you spend your time,189.138,204.258
ooh just cause youre raisin the bet and call the shots now for me ooh it really doesnt phase me how you spend your time ooh,204.498,220.938
