words,start,end
i dont get many things right the first time in fact i am told that a lot now i know all the wrong turns the stumbles and falls brought me here,20.095,45.355
and where was i before the day that i first saw your lovely face now i see it everyday,53.624,65.372
and i know that i am i am i am the luckiest,67.994,86.649
what if id been born fifty years before you in a house on a street where you lived maybe id be outside as you passed on your bike would i know,99.91,124.818
and in a white sea of eyes i see one pair that i recognize,132.28,142.616
and i know that i am i am i am the luckiest,146.498,164.649
i love you more than i have ever found a way to say to you,168.431,178.818
next door theres an old man who lived to his nineties and one day passed away in his sleep and his wife she stayed for a couple of days and passed away,183.96,208.364
im sorry i know thats a strange way to tell you that i know we belong,215.977,226.011
that i know that i am i am i am the luckiest,230.397,248.902
