words,start,end
im gonna break your heart and get away with murder you shouldve known from the start that it wouldnt last forever i cant control myself i feel like someone else im gonna break your heart and get away with murder,13.684,38.409
theres a mystery inside my head it was you dripping all in red did i hurt you let me make it safe and sound,42.155,54.571
can you feel me breathing down your neck youre just a perfect little human wreck but i like you enough to destroy you tear you down,55.909,68.272
im gonna break your heart and get away with murder you shouldve known from the start that it wouldnt last forever i cant control myself i feel like someone else im gonna break your heart and get away with murder,68.539,93.372
theres a memory inside my head it feels like a part of me is dead i should save you but i want to watch you drown,97.011,109.748
theres nothing you could say or do words mean nothing when your lips are blue i love you now that youre six feet underground,110.712,123.342
im gonna break your heart and get away with murder you shouldve known from the start that it wouldnt last forever i cant control myself i feel like someone else im gonna break your heart and get away with murder,123.395,148.174
its time to spill your guts and i dont like what i see on the inside im looking at the evidence this seems like a flawless crime did you forget that love was dangerous and i feel like im i i i i,155.346,180.713
im gonna break your heart and get away with murder you shouldve known from the start that it wouldnt last forever i cant control myself i feel like someone else im gonna break your heart and get away with murder,181.623,206.669
get away with murder get away with murder,211.432,216.838
