words,start,end
strange ive seen that face before seen him hanging round my door like a hawk stealing for the prey like the night waiting for the day,59.716,86.446
strange he shadows me back home footsteps echo on the stones rainy nights on hausmann boulevard parisian music drifting from the bars,88.399,115.408
tu cherches quoi rencontrer la mort tu te prends pour qui toi aussi tu detestes la vie,118.756,129.917
dance in bars and restaurants home with anyone who wants strange hes standing there alone staring eyes chill me to the bone,146.156,173.444
dans sa chambre joel et sa valise un regard sur ses fringues sur les murs des photos sans regret sans melo la porte est claquee joel est ba,205.252,223.555
