words,start,end
a voice like honey no one else could fill his shoes the time and the weather the headlines and the local news he lays it down with perfection and grace hes done by noon he goes home to his place where he sleeps and he waits for the night,9.848,32.548
just before midnight he gets up gets out of bed a can of red bull a tab of x to clear his head he shoots his cuffs now hes headed downtown picks up one life puts another one down and his body hums and the musics playing,42.048,64.048
dance soterios johnson dance its a cold world nobody understands the feeling you cant keep inside go soterios johnson go all the club kids are watching your glowstick glow with the light of a truth you cant hide that the news is the news but the dance goes on forever,64.348,87.198
he shimmies his shoulders undulates his slender hips arms akimbo jaggeresque he pouts his lips a circle forms everybody comes round just to hear the incredible sound of a genius smashing expectations,93.048,115.448
dance soterios johnson dance its a cold world nobody understands the feeling you cant keep inside go soterios johnson go all the club kids are watching your glowstick glow with the light of a truth you cant hide that the news is the news but the dance goes on forever,115.648,138.398
hes dancing hes a machine like no one that theyve ever seen hes flying hes living a dream,139.048,153.448
the magic fades as the sun comes up its time he goes a hand on his shoulder he turns around its teri gross he takes her hand spins her body just so he holds her close he will never let go as the room explodes they dance like angels,153.848,176.098
dance soterios johnson dance its a cold world nobody understands the feeling you cant keep inside go soterios johnson go all the club kids are watching your glowstick glow with the light of a truth you cant hide that the news is the news but the dance goes on the news is the news but the dance goes on the news is the news but the dance goes on forever,176.448,205.548
