words,start,end
i was ridin shotgun with my hair undone in the front seat of his car hes got a one hand feel on the steerin wheel the other on my heart i look around turn the radio down he says baby is somethin wrong i say nothin i was just thinkin how we dont have a song,12.496,33.807
and he says our song is the slammin screen door sneakin out late tappin on your window when were on the phone and you talk real slow cause its late and your mama dont know our song is the way you laugh the first date man i didnt kiss her and i should have and when i got home fore i said amen asking god if he could play it again i was walkin up the front porch steps after everythin that day had gone all wrong and been trampled on and ah lost and thrown away got to the hallway well on my way to my lovin bed i almost didnt notice all the roses and the note that said,34.733,89.568
our song is the slammin screen door sneakin out late tappin on your window when were on the phone and you talk real slow cause its late and your mama dont know our song is the way you laugh the first date man i didnt kiss her and i should have and when igot home fore i said amen askin god if he could play it again,89.989,116.859
da da da da ive heard every album listened to the radio waited for somethin to come along that was as good as our song,120.986,141.708
cause our song is the slammin screen door sneakin out late tappin on his ah window when were on the phone and he talks real slow cause its late and his mama dont know our song is the way he laughs the first date man i didnt kiss him and i should have and when i got home fore i said amen asking god if he could play it again,142.381,172.536
ah play it again ho yeah ho oh yeah i was ridin shotgun with my hair undone in the front seat of his car i grabbed a pen and an old napkin and i wrote down our song,173.379,197.048
