words,start,end
woe oh oh oh when no one else can understand me when everything i do is wrong you give me hope and consolation you give me strength to carry on,7.716,33.414
and your always there to lend a hand in everything i do thats the wonder the wonder of you and when you smile,33.915,57.778
the world is brighter you touch my hand and im a king your kiss to me is worth a fortune your love for me is everything,57.778,75.966
i guess ill never know the reason why you love me as you do thats the wonder the wonder of you,76.467,94.656
woe oh oh oh woe oh oh oh woe oh oh oh i guess ill never know the reason why you love me as you do thats the wonder the wonder of you oo oo oo,102.499,144.55
