words,start,end
lifesaver your timings really strange catch me later but can you please be late,17.456,44.431
and its funny how your thoughts think theyre right at alland its funny how your cause makes no sense at all,49.322,63.792
lifesaver lets play a little game catch me later but make sure youll be there late,64.599,91.473
and its funny how it seems youre doing thingsand its funny how you find your peace of mind,95.759,109.927
lifesaver im cancelling our date lifesaver its time you had a break,110.784,138.515
lifesaver im cancelling our date lifesaver my saver,186.918,214.498
