words,start,end
uuu yeah uuuu i never want to play the games that people play i never wantto hear the things they gotta say i found everything i need i never wanted anymore than i can see i only want you to believe,2.818,41.46
if its wrong to tell the truth what am i supposed to do all i wanna do is speak my mind if its wrong to do whats right im prepared to testify if loving you with all my hearts a crime then im guilty,42.031,69.633
i wanna give you all the things you never had dont try to tell me how he treats you isnt bad i need you back in my life i never wanted just to be be other guy i never wanted to live a lie if its wrong to tell the truth what am i supposed to do all i wanna do is speak my mind,74.011,113.795
if its wrong to do whats right im prepared to testify if loving you with all my hearts a crime then im guilty girl i followed my heart followed the truth right from the start it led me to you please dont leave me this way im guilty now all i have to say,115.128,153.579
if its wrong to tell the truth what am i supposed to do when all i wanna do is speak my mind if its wrong to do whats right im prepared to testify if loving you with all my hearts a crime,154.722,178.326
then im guilty,178.897,181.752
what am i supposed to do then im guilty then im guilty im prepared to testify wrong to do whats right then tell me about this feeling insiiiide if lovingyou with all my hearts a crime im guilty,182.133,219.062
