words,start,end
it waslove at first sight on the second of july met her on the third floor four times in one night it was a little bit of magic and the time stood still she took me to another side she got the key to my will,7.52,23.06
tell me how could such a good thing only last,23.12,29.24
one two three four five days once in a lifetime five nights too good to be true the universe is passinbybut i cant forget our,29.36,44.54
one two three four five days sunshine one way trip where she touched my soul when i touched her lips she said boy take me to whereever you go destination anywhere but destiny said no,44.72,61.34
tell me how could such a good thing only last,61.52,67.64
one two three four five days once in a lifetime five nights too good to be true the universe is passinbybut i cant forget our,67.76,82.88
one two three four five days once in a lifetime five nights too good to be true the universe is passinbybut i cant forget our,83.12,98.18
one two three four five days cant you hear me five nights from where you arefive days cant you feel me five days cause youre still my love,98.48,115.22
was so great when we were together baby so great when we were together it was so great when our days were endless baby so greatwhen we were together,115.28,130.16
tell me how could our forever only last,130.64,136.64
one two three four five days once in a lifetime five nights too good to be true the universe is passinbybut i cant forget our,136.88,151.94
one two three four five days once in a lifetime five nights too good to be true the universe is passinbybut i cant forget our,152.24,167.36
one two three four five days cant you hear me five nights from where you arefive days cant you feel me five days cause youre still my love,167.6,184.28
was so great when we were together baby so great when we were together it was so great when our days were endless baby so greatwhen we were together,184.4,199.46
