words,start,end
dont you know youve got your daddys eyes daddy was an alcoholic but your mother kept it all inside threw it all away,0.86,18.372
i was looking for another you and i found another one i was looking for another you when i looked round you were gone,21.354,39.241
stay by my side and the pipe dream is yours now stay by my side and the singer wont get in our way,41.397,60.41
dont you know youve got your daddys eyes your daddy was an alcoholic but your mother kept it all inside threw it all away,81.091,97.441
i was looking for another you and i found another one i was looking for another you when i looked round you were gone,99.954,116.022
stay by my side and the pipe dream is yours now stay by my side and the cynics wont get in our way,117.916,135.129
dont you know youve got your daddys eyes daddy was an alcoholic but your mother kept it all inside threw it all away i was looking for another chance see your blue eyed problem,137.266,166.029
