words,start,end
mother mother theres too many of you crying brother brother far too many of you dying,30.502,50.405
you know weve got to find away to bring some lovin here today,52.506,62.107
father father we dont need to escalate war is not the answer only love can conquer hate,65.158,84.561
you know weve got to find away to bring some lovin here today,87.311,97.213
picket lines and picket signs dont punish me with brutality talk to me so you can see whats going onwhats going onwhats going on,99.964,124.618
whats going onfather father everybody thinks were wrong but who are they to judge us simply cause our hair is long,125.668,183.377
you know weve got to find away to bring understanding here today,185.728,195.88
picket lines and picket signs dont punish me with brutality talk to me so you can see whats going onwhats going onwhats going onwhats going on,198.43,226.385
