words,start,end
im gonna make it bend and breaak say a prayer but let the good times roll in case god doesnt show and i want these words to make things right,10.296,25.004
but its the wrongs that make the words come to liife who does he think he iis if thats the worst you got better put your fingers back to the keys,25.101,34.939
one night and one more tiime thanks for the memories even though they werent so great he tastes like you only sweeter,34.939,46.725
one night yeah and one more tiiime thanks for the memories thanks for the memories see he tastes like you only sweeter,46.919,58.413
ohohohohoh been looking forward to the fuuuuture but my eyeside is going bad and theese cryystal baaall,58.413,76.822
iits always cloudy except for when you look into the paast one night stand one night stand off,77.796,90.751
one night and one more tiime thanks for the memories even though they werent so great he tastes like you only sweeter,90.751,102.536
one night yeah and one more tiiime thanks for the memories thanks for the memories see he tastes like you only sweeter,102.731,114.225
ohohohohoh they say i only think in the form of crunchiing nuumbers in hotel rooms collecting page siix looveers,114.225,127.764
get me out of my mind get you out of those cloooothes im a liner away from getting you into the mooooooooooooood whooooah,127.861,141.984
one night and one more tiime thanks for the memories even though they werent so great he tastes like you only sweeter,141.984,153.77
one night yeah and one more tiiime thanks for the memories thanks for the memories see he tastes like you only sweeter,153.867,165.361
ohohohohoh one night and one more tiime thanks for the memories even though they werent so great he tastes like you only sweeter,165.361,178.608
one night and one more tiime thanks for the memories even though they werent so great he tastes like you only sweeter,179.095,191.075
one night yeah and one more tiiime thanks for the memories thanks for the memories see he tastes like you only sweeter ohohohohoh,191.173,204.322
