words,start,end
i had nothing to say and i get lost in the nothingness inside of me and i live it all out to find that im not the only person with these things in mind but all that they can see the words revealed is the only real thing that ive got left to feel just stuck hollow and alone and the fault is my own and the fault is my own,42.565,64.739
i wanna heal i wanna feel what i thought was never real i wanna let go of the pain ive felt so long i wanna heal i wanna feel like im close to something real i wanna find something ive wanted all along somewhere i belong,64.832,89.522
and ive got nothing to say i cant believe i didnt fall right down on my face looking everywhere only to find that its not the way i had imagined it all in my mind what do i have but negativity cause i cant trust to find the way,90.174,104.801
everyone is looking at me nothing to gain hollow and alone and the fault is my own and the fault is my own i wanna heal i wanna feel what i thought was never real i wanna let go of the pain ive felt so long i wanna heal i wanna feel like im close to something real i wanna find something ive wanted all along somewhere i belong,104.801,137.037
i will never know myself until i do this on my own and i will never feel anything else until my wounds are healed i will never be anything till i break away from me i will break away and find myself today,137.223,161.447
i wanna heal i wanna feel what i thought was never real i wanna let go of the pain ive felt so long i wanna heal i wanna feel like im close to something real i wanna find something ive wanted all along somewhere i belong,164.615,190.515
i wanna heal i wanna feel like im somewhere i belong i wanna heal i wanna feel like im somewhere i belong somewhere i belong,190.702,210.733
