words,start,end
if youve done nothing wrong youve got nothing to fear if youve something to hide you shouldnt even be here,7.684,14.967
long live us the persuaded we integral collectively to the whole project its brand new conceived solely to protect you,30.65,45.51
one world one reason un changing one season,46.215,52.793
if youve done nothing wrong youve got nothing to fear if youve something to hide you shouldnt even be here youve had your chance now weve got the mandate if youve changed your mind im afraid its too late were concerned youre a threat youre not integral to the project,54.673,77.462
sterile immaculate rational perfect,78.578,84.511
everyone has their own number in the system that we operate under were moving to a situation here your lives exist as information,85.216,99.665
one world one life one chance one reason all under one sky un changing one season,100.722,114.76
if youve done nothing wrong youve got nothing to fear if youve something to hide you shouldnt even be here youve had your chance now weve got the mandate if youve changed your mind im afraid its too late were concerned youre a threat youre not integral to the project,114.818,137.608
one world one life one chance one reason all under one sky un changing one season,168.503,182.482
if youve done nothing wrong youve got nothing to fear if youve something to hide you shouldnt even be here youve had you chance now weve got the mandate if youve changed your mind im afraid its too late were concerned youre a threat if youve done nothing wrong youve got nothing to fear if youve something to hide you shouldnt even be here were concerned youre a threat youre not integral to the project sterile,188.121,227.592
immaculate rational per,228.884,234.464
