words,start,end
theres a place we used to be theres a face that i used to see theres a picture with you by my side theres a moment that i wanna find,32.66,61.019
i dont know where to start or how to begin but i know i love you still,62.308,75.316
if you ever turn away if you ever change your mind if the road ahead becomes too hard to climb if theres something in your heart that tells you to stop oh to hold you close tonight id wait for life,78.129,113.871
theres a voice shouting inside my head theres a space on your side of the bed and theres a hope everytime theres a sound theres a silence thats playing too loud,115.16,143.402
yeah i dont know where you are or how you may be but i know i love you still,144.223,158.637
if you ever turn away if you ever change your mind if the road ahead becomes too hard to climb if theres something in your heart that tells you to stop oh to hold you close tonight id wait for life,160.629,196.312
if i close my eyes ill dream a little deeper baby cause you are always on my mind yeah you are always on my mind for life,197.601,230.297
hoo ooh ha if theres something in your heart that tells you to stop oh to hold you close yeah oh to hold you close tonight id wait for life,233.226,275.648
