words,start,end
dead inside,0.693,1.593
dead inside,10.293,11.193
revere a million prayers and draw me into your holiness but theres nothing there light only shines from those who share unleash a million drones and confine me then erase me babe do you have no soul its like i died,12.993,47.643
long ago your lips feel warm to the touch you can bring me back to life on the outside youre ablaze and alive but youre dead inside,48.393,68.793
youre free to touch the sky whilst i am crushed and pulverised because you need control now im the one whos letting go you like to give an inch whilst i am giving infinity but now ive got nothing left you have no cares and im bereft,89.793,126.543
your skin feels warm to caress i see magic in your eyes on the outside youre ablaze and alive but youre dead inside,128.493,145.593
dead inside,154.293,155.343
feel me now hold me please i need you to see who i am open up to me stop hiding from me its hurting me,174.393,189.993
only you can stop the pain dont leave me out in the cold dont leave me out to die,190.593,204.093
i gave you everything i cant give you anymore now ive become just like you my lips feel warm to the touch but my words seem so alive my skin is warm to caress,204.843,228.543
ill control and hypnotize youve taught me to lie without a trace and to kill with no remorse on the outside im the greatest guy,228.993,249.093
now im dead inside dead in,249.693,260.418
