words,start,end
oh so sexy yall,13.337,16.679
i dont know where youre going or when youre coming home i left the keys under the mat to our front door for one more chance to hold you close i dont know where youre going just get your ass back home,17.831,48.022
we both knew this type of life didnt come with instructions so im trying to do my best to make something outta nothing and sometimes it gets downright shitty in fact when you call and i dont even know what city im at or what day of the week in the middle of the month,47.792,64.328
in a year i dont recall its like my lifes on repeat and the last time we spoke i told you i wouldnt be long yeah,64.501,70.147
that was last november now decembers almost gone id apologize but i dont realize what im doing wrong,70.263,76.831
i dont know where youre going or when youre coming home i left the keys under the mat to our front door for one more chance to hold you close i dont know where youre going just get your ass back home,76.889,107.137
and you been nothing but amazing and i will never take that for granted half of these birds would have flew to coop but you you truly understand it and the fact you stood beside me every time you heard some bogusness you deserve a standing no cause theyd a just been over it,106.561,121.542
let em talk let em talk let em talk let em talk like we dont hear what they saying let em walk let em walk let em walk let em walk well just drive by and keep waving it,121.599,129.032
cause you and i above all that just let em wallow in it now they all choked up yuck cause they be swallowing it,129.032,136.637
i dont know where youre going or when youre coming home i left the keys under the mat to our front door for one more chance to hold you close i dont know where youre going just get your ass back home,135.946,166.252
no one holds me down like you do sweetheart you keep doing that ill keep doing this well be aight in the end trust that we put the us in trust baby lets go,166.944,181.002
i dont care what youre after as long as im the one no i dont care why youre leaving youll miss me when youre gone,181.463,195.061
i dont know where youre going or when youre coming home i left the keys under the mat to our front door for one more chance to hold you close i dont know where youre going just get your ass back home im home ba,194.946,226.347
