words,start,end
once there was a time when my mind lay on higher things and once there was a time i could find pretty words to sing but now well now i find it saves time to say what you mean i know it seems so unrefined but its time to let off some steam,6.296,52.796
oh come on,52.984,54.015
everybody knows that no means yes just like glasses come free on the nhs but the more i look through them the more i see im becoming more like alfie,54.39,76.234
once there was a time when a kind word could be enough and once there was a time i could blindfold myself with love but not now now im resigned to the kind of life id reserved for other guys less smart than i yknow the kind who will always end up with the girls,77.827,124.421
and besides everybody knows that no means yes just like glasses come free on the nhs but the more i look through them the more i see im becoming more like alfie im becoming more like alfie,124.421,171.484
