words,start,end
your eyes tell the stories of a day you wish you could recall the moments that once have retract the footsteps that brought us to this favor i wouldnt ask this of you,9.745,31.0
good eye sniper here ill shoot you run the words you scribbled on the walls the loss of friends you didnt have ill call you when the time is right are you in or are you out for them all to know the end of us all,32.711,55.452
all run quick theyre behind us didnt think wed ever make it this close to safety in one piece now you wanna kill me in the act of what could maybe save us from sleep and what we are,57.749,82.831
good eye sniper now ill shoot you run the words you scribbled on the walls the loss of friends you didnt have ill call you when the time is right are you in or are you out for them all to know the end of us all,84.452,105.302
bye bye here beautiful i dont bother to write disturbed by your words and theyre calling all cars face step let down face step step down,105.392,127.142
the words you scribbled on the walls the loss of friends you didnt have ill call you when the time is right are you in or are you out for them all to know,127.502,141.192
bye bye here beautiful i dont bother to write disturbed by your words and theyre calling all cars face step let down face step step down,143.083,164.653
bye bye here beautiful i dont bother to write disturbed by your words and theyre calling all cars face step let down face step step down,166.004,187.845
