words,start,end
well my friends the time has come to raise the rool and have some fun throw away the work to be done let the music play on everybody sing everybody dance lose yourself in wild romance,20.143,44.816
were going to party karamu fiesta forever come on and sing along were going to party karamu fiesta forever come on and sing along,44.816,62.9
all night long all night long all night long all night long,63.531,78.812
people dancing all in the street see the rhythm all in their feet life is good wild and sweet let the music play on feel it in your heart feel it in your soul let the music take control,83.157,107.76
were going to party liming fiesta forever come on and sing my song all night long all night long all night long all night long,107.83,132.643
once you get started you cant sit down come join the fun its a merry go round everyone dancing their troubles away come join our party see how we play,136.499,163.485
tom bo li de say de moi ya yeah jumbo jumbo way to party o we go oh jambala tom bo li de say de moi ya yeah jumbo jumbo,171.615,185.073
oh oh oh oh yeah were gonna have a party all night long all night long all night long all night long,186.826,209.956
everyone you meet their jamming in the street all night long yeah i said everyone you meet their jamming in the street all night long feel good feel good,213.391,231.335
