words,start,end
ooh when the tears fall away and theres no conversation theres nothing left to break thats not already broken youre staring into space and every inch of silence been standing here for days and days,27.975,70.793
said it all nothing to say at all nothing to say that matters havent we heard enough,71.612,88.112
said it all nothing to say at all nothing to say that matters doesnt matter any more,89.066,108.839
in the sudden light of day the weight of expectation hurt begins to fade as you find a new direction been talking here for days and days and days,108.975,136.93
said it all nothing to say at all nothing to say that matters doesnt matter any more,137.066,160.521
oh woo all of the miles of words weve spoken all of the lines that got away didnt we take the time to say them all,161.612,186.634
all of the miles of words weve spoken all of the lines that got away didnt we take the time to say them all,190.248,206.816
said it all nothing to say at all nothing to say that matters havent we heard enough,206.884,223.248
said it all nothing to say at all nothing to say that matters havent we said it all,224.339,240.839
