words,start,end
cassius is over cassius away cassius these daydreams these daydreams okay,3.974,9.937
cassius an accident cassius an accident accident accident accident,10.334,15.899
cassius its over cassius away cassius these daydreams these daydreams okay,16.694,22.657
lighthouse is an accident the lighthouse is an accident accident accident accident,23.054,28.62
wish youve gone a wish youve gone away what youve gone a what youve got has always gone away cassius cassius at best its all that we could do its all that we could do,28.62,40.147
the wind is in the wind is in my heart the wind is in now what youve got has always gone away cassius cassius at best its all that we could do its all that we could do,41.141,52.868
cassius is over youre second best cassius its over youre second best its over youre second best second best second best second best,66.78,78.706
cassius its over cassius away cassius these daydreams these daydreams okay,80.296,86.258
lighthouse is an accident the lighthouse is an accident accident accident accident,86.656,92.221
i wish wed gone wish wed gone away what youve got what youve got has always gone away cassius cassius at best its all that we could do its all that we could do,92.221,103.749
the wind is in the wind is in my heart the wind is in now what youve got has always gone away cassius cassius at best its all that we could do its all that we could do,104.743,116.469
cassius its over youre second best cassius its over youre second best its over youre second best second best second best second best,143.102,155.027
i wish wed gone wish wed gone awaywhat youve got what youve got has always gone away cassius cassius at best its all that we could do its all that we could do,181.263,192.791
the wind is in the wind is in my heart the wind is in now what youve got has always gone away cassius cassius at best its all that we could do its all that we could do,193.785,205.511
