words,start,end
doing everything that i believe in going by the rules that ive been taught more understanding of whats around me and protected from the walls of love,7.934,35.079
all that you see is me and all i truly believe,37.038,47.785
that i was born to try ive learned to love be understanding and believe in life but youve got to make choices be wrong or right sometimes youve got to sacrifice the things you like but i was born to try,48.904,79.912
no point in talking what i should have been and regretting the things that went on lifes full of mistakes destinies and fates remove the clouds look at the bigger picture no,83.382,111.255
and all that you see is me and all i truly believe,111.926,122.785
that i was born to try ive learned to love be understanding and believe in life but youve got to make choices be wrong or right sometimes youve got to sacrifice the things you like but i was born to try,124.072,154.968
all that you see is me and all i truly believe all that you see is me and all i truly believe,158.829,184.296
that i was born to try ive learned to love be understanding and believe in life but youve got to make choices be wrong or right sometimes youve got to sacrifice the things you like but i was born to try,184.968,218.158
ah oh ooh eh but youve got to make choices be wrong or right sometimes youve got to sacrifice the things you like i was born to try,218.27,248.829
