words,start,end
hey come on cut your crap get it on im kicking back youve got to hah hah to give it to me baby dont you stand over there be a man if you dare youve got to hah hah to treat me like a lady,0.516,13.416
i love the way you like me the things you say about me i like you looking pretty though i look like hell i like it when you miss me i like it how you kiss me i like you looking after me though all is well,15.766,28.466
lets stay in bed all day long i say we can do it all in every way cause i like it just the way you like it,30.266,42.966
oooooooh hey come on cut your crap get it on im kicking back youve got to hah hah to give it to me baby dont you stand over there be a man if you dare youve got to hah hah to treat me like a lady,43.516,57.516
hey come on cut your crap get it on im kicking back youve got to hah hah to give it to me baby dont you stand over there be a man if you dare youve got to hah hah to treat me like a lady,57.616,70.616
you know my every action my different reaction you know what gets me going and what pisses me off you know im not the soft kind i do whats on my own mind but suddenly it seems like i cant get enough,76.216,88.766
lets stay in bed all day long i say we can do it all in every way cause i like it just the way you like it,90.616,103.416
hey come on cut your crap get it on im kicking back youve got to hah hah to give it to me baby dont you stand over there be a man if you dare youve got to hah hah to treat me like a lady,105.066,117.916
hey come on cut your crap get it on im kicking back youve got to hah hah to give it to me baby dont you stand over there be a man if you dare youve got to hah hah to treat me like a lady,118.066,130.966
like a lady,136.366,137.466
oooooooh hey come on cut your crap get it on im kicking back youve got to hah hah to give it to me baby dont you stand over there be a man if you dare youve got to hah hah to treat me like a lady,144.866,158.766
hey come on cut your crap get it on im kicking back youve got to hah hah to give it to me baby dont you stand over there be a man if you dare youve got to hah hah to treat me like a lady,158.866,171.766
