words,start,end
i i i love little girls they make me feel so good i love little girls they make me feel so bad,27.989,37.47
when theyre around they make me feel like im the only guy in town i love little girls they make me feel so good,38.385,47.284
they dont care if im a one way mirror theyre not frightened by my cold exterior,47.866,53.023
they dont ask me questions they dont want to scold me they dont look for answers they just want to hold me,53.438,64.333
isnt this fun isnt this what lifes all about isnt this a dream come true isnt this a nightmare too,64.333,73.315
oh oh i i i love little girls they make me feel so good i love little girls they make me feel so bad,73.315,84.46
when theyre around they make me feel like im the only guy in town i love little girls they make me feel so good,84.46,94.273
they dont care about my inclinations theyre not frightened by my revelations,94.44,100.012
uh oh take a second uh oh its a mistake uh oh im in trouble uh oh the little girl was just too little too little too little too little too little,100.095,114.899
isnt this what lifes all about isnt this a dream come true isnt this a nightmare too,115.897,122.966
and i dont care what people say and i dont care what people think and i dont care how we look walking down the street,124.38,140.348
they make me feel so i love little girls,156.566,161.306
they dont care if im a one way mirror they dont care about my cold exterior,164.051,169.29
they dont ask me questions they dont want to scold me they dont look for answers they just want to hold me,169.623,180.601
uh oh im in trouble uh oh the little girls was just too little too little too little too little too little too little too little too little too little,180.767,192.909
isnt this what lifes all about isnt this a dream come true isnt this a nightmare too oh oh oh i i love little girls they make me feel so good i love little girls they make me feel so bad,193.658,211.872
when theyre around they make me feel like im the only guy in town i love little girls they make me feel so good i love,211.955,222.351
