words,start,end
take me im alive never was a girl with a wicked mind but everything looks better when the sun goes down i had everything opportunities for eternity and i could belong to the night eyes your eyes i can see in your eyes,16.086,41.643
your eyes you make me wanna die ill never be good enough you make me wanna die and everything you love will burn up in the light and everytime i look inside your eyes you make me wanna die,41.836,66.195
taste me drink my soul show me all the things that i shouldnt known when theres a blue moon on the rise i had everything opportunities for eternity and i could belong to the night eyes your eyes i can see in your eyes your eyes everything in your eyes,75.499,106.036
your eyes you make me wanna die ill never be good enough you make me wanna die and everything you love will burn up in the light and everytime i look inside your eyes you make me wanna die,106.152,130.975
i would die for you my love my love i would lie for you my love my love and i would steal for you my love my love and i would die for you my love my love,141.089,177.803
will burn up in the light and everytime i look inside your eyes look inside your eyes look inside your eyes you make me wanna die,177.996,199.576
