words,start,end
the boy with the thorn in his side behind the hatred there lies a murderous desire for l l l love,9.481,22.847
how can they look into my eyes and still they dont believe me how can they hear me say those words still they dont believe me and if they dont believe me now will they ever believe me and if they dont believe me now,23.219,50.446
will they ev will they ever believe me oh no oh oh homm the boy with the thorn in his side behind the hatred there lies a plundering desire for l l l love,50.694,79.654
how can they see the love in our eyes and still they dont believe us and after all this time they dont want to believe us and if they dont believe us now will they ever believe us and when you want to live howd you start whered you go whod you need to know oh woah oh oh oh woah woah oh oh no no oh l l l l l lowadi l l l lowadi l l l la la la la la la l l l l lowadi l l l lowadi l l l la la la la la la l l l l lowadi l l l l lowadi l l l lowadi lowadi lowadi l l l lowadi l l l lowadi l l l la la la la la la,80.149,169.258
