words,start,end
hi this is captain jack,0.728,7.73
do you really follow me into the light drill instructors on drill instructors on my side do you really make commands of dynamite love and peace is our fight,7.93,21.885
all for one come together friends we have to take this chance all for one come together friends weve got to take this chance tonight,22.335,34.889
wwwkarmididevu drill instructor tell me what to do drill instructor tell me what to do im your man i will follow only you im your man i will follow only you see us making love all through the night,35.139,62.499
see us making love all through the night thats the reason why drill instructor loves to fight thats the reason why drill instructor loves to fight,63.149,72.302
now sound of 1 2 bring it on up 34 bring it on down 1 2 3 4 1 2 3 4 1 2 3 4 do you really follow me into the light drill instructors on drill instructors on my side do you really make commands of dynamite love and peace is our fight,72.352,100.311
all for one come together friends we have to take this chance all for one come together friends weve got to take this chance tonight,100.761,112.915
doh doh dohyadoh ba doh doh doh doh dohyadoh doh doh dohyadoh ba doh doh doh doh dohyadoh c130 rolling down the strip c130 rolling down the strip airbone ladys going to take a little trip airbone ladys going to take a little trip jumping out planes in the midnight hour jumping out planes in the midnight hour soon as we land this place is our soon as we land this place is our,112.965,150.528
now sound of 1 2 bring it on up 34 bring it on down 1 2 3 4 1 2 3 4 1 2 3 4 do you really follow me into the light drill instructors on drill instructors on my side do you really make commands of dynamite love and peace is our fight,150.778,178.737
all for one come together friends we have to take this chance all for one come together friends weve got to take this chance tonight,179.187,191.742
come together and see the light come together and see the light all for one like a stick of dynamite all for one like a stick of dynamite,203.996,216.35
now sound of 1 2 bring it on up 34 bring it on down 1 2 3 4 1 2 3 4 1 2 3 4 do you really follow me into the light drill instructors on drill instructors on my side do you really make commands of dynamite love and peace is our fight,216.4,244.359
all for one come together friends weve got to take this chance to night,244.809,250.961
