words,start,end
down boy keep it down boy im the one that you would die for the one you long to touch the one you live our life for i know its much,8.63,31.485
the more you see the more you want the more you taste it just gets better the more you get the more you like it dont go too far i wont let you,31.767,43.618
down boy wont you bring me down boy gotta keep you down if you want mewith you down boy wont you bring me down boy gotta keep you down some things ijust wont do,43.9,55.75
down boy wont you bring me down boy gotta keep you down if you want me with you down boy wont you bring me down boy gotta keep you down some things i just wont do,55.75,67.789
do anything to please me i got you where i want i know how much you need me just wanna get it up,68.165,78.699
themore you see the more you want the more you taste it just gets better the more you get the more you like it dont go too far i wont let you,79.357,91.114
down boy wont you bring me down boy gotta keep you down if you want me with you down boy wont you bring me down boy gotta keep you down some things i just wont do,91.396,103.153
down boy wont you bring me down boy gotta keep you down if you want mewith you down boy wont you bring me down boy gotta keep you down some things i just wont do,103.247,115.286
gotta keep you down gotta keep you down gotta keep you down some things i just wont do some things i just wont do some things i just wont do some things i just wont do,115.097,132.779
the more you see the more you want the more you taste it just gets better the more you get the more you like it dont go too far i wont let you,144.63,156.386
down boy wont you bring me down boy gotta keep you down if you want me with you down boy wont you bring me down boy gotta keep you down some things i just wont do,156.763,168.613
down boy wont you bring me down boy gotta keep you down if you want mewith you down boy wont you bring me down boy gotta keep you down some things i just wont do,168.613,180.276
