words,start,end
this is a song for a girl called sophie used to write her name on my arm time has made us strangers and i dont know her anymore,5.104,21.869
but i really hope shes made it that someone took her home she was lost but wasnt missing she would always walk alone,23.339,43.192
she was always like a feather in the air i never knew if she was flying or falling she was always like a feather in my life,43.339,56.869
i hope she flies i hope she flies i hope she flies i hope she flies,58.045,66.428
because of her i looks things that last i have a chain wheres your arm a promise can be broken i wont hunt you anymore no no no,68.633,86.428
but i really hope shes made it that someone took her home she was lost but wasnt missing she would always walk alone,86.869,106.722
she was always like a feather in the air i never knew if she was flying or falling she was always like a feather in my life,106.869,120.398
i hope she flies,121.575,122.898
she la la la la la la la la la la la,124.369,128.192
i hope she flies i hope she flies i hope she flies i hope she flies,128.633,137.016
she la la la la la la la la la la la she la la la la la la la la la la la she la la la la la la la la la la la,138.486,151.722
she la la la la la la la la la la la i hope she flies she was always like a feather in the air i never knew if she was flying or falling she was always like a feather in my life i hope she flies,152.604,174.81
i hope she flies i hope she flies i hope she flies i hope she flies she la la la la la la la la la la la,175.692,189.369
