words,start,end
waohohahoh when you have no light to guide you and no one to walk beside you i will come to you ohhh come to you,8.534,25.819
when the night is dark and stormy you wont have to reach out for me i will come to you woahhh come to you,27.447,39.22
ohhh sometimes when all your dreams may have seen better days and you dont know how or why but youve lost your way have no fear when your tears are fallin i will hear your spir it callin and i swear that ill be there come what may,40.348,68.278
when you have no light to guide you and no one to walk beside you i will come to you ohhh i will come to you,68.654,81.179
when the night is dark and stormy you wont have to reach out for me i will cometo you oohhh i will come to you,82.432,94.706
woahh nah nah nah nah nah nah nah nah nahh nah nah nahh i will come to you nah nah nah nah nah nah nah nah nah nah nah na ah cause even if we cant be together well be friends now andforever and i swear that ill be there come whatmay,95.333,123.138
when the night is dark and stormy you wont have to reach out for me i will come to you woaoh i will come to you,123.639,135.663
waohahoh we all need somebody we can turn to woahohsomeone wholl always understand so if you feel that your soul is dyingand you need the strength to keep trying ill reach out and take your hand woahahohh nah nah nah nah nah nah nah nah nah nah nah nah,135.914,171.234
nah nah nah nah nah nah nah nah nah na nah nah nah woahhah i will come to you yaohahohh when you have no light to guide you and no one to walk beside you i will come to you ohhh i will come to you,172.111,204.802
when the night is dark and stormy you wont have to reach out for me oh i will come to you,206.054,214.446
ohhhh i will come to you,214.696,218.329
ohhh i will come to you,218.955,221.46
ohhhh i will come to you ahohh,221.585,227.973
woahohahoh oo ill come to you ahoh i will come to you,228.223,240.498
