words,start,end
i breathe the mist floating about the stars i can caress with velvet hands i breathe the mist floating within without this pen this pen between my fingers,22.766,44.591
messiah i know you are there within without me holding me messiah i know you are there catching carrying this beautiful mess,55.977,77.952
escape the pain withina room somewhere escape the pain so deepinside the soul i have no key no map to find,78.501,100.575
i breathe the mist floating about the stars i can caress with velvet hands i breathe the mist floating within without this pen this pen between my fingers,101.424,123.149
escape the pain withina room somewhere escape the pain so deepinside the soul i have no key no map to find,123.548,145.523
escape the pain withina room somewhere escape the pain so deepinside the soul i have no key no map to find,168.546,190.52
escape the pain withina room somewhere escape the pain so deepinside the soul i have no key no map to find,191.12,212.994
