words,start,end
long ago the same sky above its lonesome when the sun goes downa day had come when we were like one weapons up never surrender,57.924,70.967
oh i saw the gleams of gold wed kill and dieconquering a virgin world the hold corrupted by the honor,71.837,96.62
living forever more leaving today back to my place ive got nothing to say,97.054,108.794
guilt and shame its all so insane pagan gods die with no defence and we could go no further at all digging the graves of our conscience,111.837,124.881
oh the sounds they still echoe allof usdrifting on seas of blood the hope hidden behind the horror,125.75,150.533
living forever more leaving today back from this land ive got nothing to say living forever more leaving today for all what remains ive got nothing to say,150.967,176.62
oh how many years have gone every morning i hare myself from love the love rising up from the sorrow,264.881,289.663
living forever more leaving today back from this land ive got nothing to say living forever more leaving today for all what remains ive got nothing to say,290.098,315.75
living forever more nothing to say back from this land ive got living fore ver more nothing to say for all what remains ive got nothing to say,317.924,344.446
