words,start,end
oh make me over im all i want to be a walking study in demonology,6.264,18.434
hey so glad you could make it yeah now you really made it hey so glad you could make it now,18.545,32.055
oh look at my face my name is might have been my name is never was my names forgotten,34.79,46.904
hey so glad you could make it yeah now you really made it hey theres only us left now,47.016,59.8
when i wake up in my make up its too early for that dress wilted and faded somewhere in hollywood im glad i came here with your pound of flesh no second billing cause youre a star now oh cinderella they arent sluts like you beautiful garbage beautiful dresses can you stand up or will you just fall down,61.753,91.005
you better watch out what you wish for it better be worth it so much to die for,92.178,104.18
hey so glad you could make it yeah now you really made it hey theres only us left now,104.292,117.578
when i wake up in my makeup have you ever felt so used up as this its all so sugarless,118.973,127.459
hooker waitress model actress oh just go nameless honey suckle shes full of poison,127.961,136.391
she obliterated everything she kissed now shes fading somewhere in hollywood im glad i came here with your pound of flesh,136.949,147.611
you want a part of me well im not selling cheap no im not selling cheap,149.118,158.162
