words,start,end
this is the way you left me im not pretending no hope no love no glory no happy ending,4.074,13.605
this is the way that we love like its forever then live the rest of our life but not together wake up in the morning stumble on my life cant get no love without sacrifice if anything should happen i guess i wish you well mmm a little bit of heaven but a little bit of hell,14.191,43.058
this is the hardest story that i have ever told no hope or love or glory happy endings gone forever more i feel as if im wasted and im wasted every day,44.543,70.207
this is the way you left me im not pretending no hope no love no glory no happy ending this is the way that we love like its forever then live the rest of our life but not together,74.152,93.722
two o clock in the morning somethings on my mind cant get no rest keep walking around if i pretend that nothing ever went wrong i can get to my sleep i can think that we just carried on,94.035,112.629
this is the hardest story that i have ever told no hope or love or glory happy endings gone forever more i feel as if im wasted and im wasted every day oh i feel as if im wasted and im wasted every day little bit of love little bit of love little bit of love little bit of love little bit of love little bit of love little bit of love little bit of love mmm little bit of love little bit of love little bit of love little bit of love,114.543,196.847
little bit of love little bit of love need to be love love i feel as if im wasted and im wasted every day,198.176,220.285
hey hey hey hey this is the way you left me im not pretending no hope no love no glory no happy ending this is the way that we love like its forever then live the rest of our life but not together,221.027,243.605
this is the way you left me im not pretending no hope no love no glory no happy ending this is the way that we love like its forever then live the rest of our life but not together,244.113,263.566
this is the way you left me im not pretending no hope no love no glory no happy ending,264.113,273.683
