words,start,end
here we go the people show victims of tomorrow the way it goes it never shows emptiness or sorrow there is nothing left inside nothing left to cry for so i justify my crimes things that i must die for,47.827,70.977
so alone away it goes the life that you have wasted you never know where it might go sweet success youve tasted tasted by a bitter frown knowing i must die for cant confide to all the lies no one to inquire,85.919,109.107
well as i wander change of seasons as i realize that ill soon be there,112.512,124.768
ill let you know the reapers show makes you beg or borrow he comes to see the tragedy his fate he will not follow wearing your electric crown the preacher starts to pray shiver as the lights go down heed these words i say,135.775,159.455
well as i wander change of seasons i cant ponder got my reasons well as i realize i dont care all i know is that ill soon be there,162.746,186.804
now its done the time has come the people stand in silence another dawn has come and gone his fate has been decided well there is no one left inside a brain without a mind traces of a bitter man are all that you will find,259.395,282.885
well as i wander change of seasons well i cant ponder got my reasons well as i realize i dont care all i know is that ill soon be there and ill soon be there and ill soon be there and ill soon be there,286.176,330.283
