words,start,end
theres a lady whos sure all that glitters is gold and shes buying a stairway to heaven when she gets there she knows if the stores are all closed with a word she can get what she came for,53.51,79.842
ooh ooh ooh ooh ooh ooh ooh ooh and shes buying a stairway to heaven theres a sign on the wall but she wants to be sure cause you know sometimes words have two meanings in a tree by the brook theres a songbird who sings sometimes all of our thoughts are misgiven,81.488,119.693
ooh it makes me wonder ooh makes me wonder,137.679,156.723
theres a feeling i get when i look to the west and my spirit is crying for leaving in my thoughts i have seen rings of smoke through the trees and the voices of those who stand looking,159.015,182.233
ooh it makes me wonder ooh really makes me wonder,187.993,204.627
and its whispered that soon if we all call the tune then the piper will lead us to reason and a new day will dawn for those who stand long and the forests will echo with laughter,209.917,232.252
hu uh hu uh hu uh hu uh uoh oh hoh if theres a bustle in your hedgerow dont be alarmed now its just a spring clean for the may queen yes there are two paths you can go by but in the long run and theres still time to change the road youre on,251.707,281.39
and it makes me wonder ohhuhh your head is humming and it wont go in case you dont know the pipers calling you to join him dear lady can you hear the wind blow and did you know your stairway lies on the whispering wind,290.207,335.759
and as we wind on down the road our shadows taller than our soul there walks a lady we all know who shines while light and wants to show how everything still turns to gold and if you listen very hard the tune will come to you at last when all are one and one is all yea h to be a rock and not to roll and shes buying a stairway to heaven,405.352,478.882
