words,start,end
i slide through the wasteland thats my world my hunger takes your life preyed on to keep me alive yeah mercys all that you need mercys empty in me,36.972,60.41
cant you feel the poison rising out of the morning and clear through the night you can feel my strength destroy you straight to the heart from the venomous bite,60.597,76.097
thats right i shed my skin tonight but my fangs are hard to hide and you know that youre going to die yeah mercys all that you need mercys empty in me,95.097,118.785
cant you feel the poison rising out of the morning and clear through the night you can feel my strength destroy you straight to the heart from the venomous bite,118.972,134.472
i cant regret cant escape decisions made for me no control fire that buns and never dies yeah wrapped around ill bury my fangs inside,134.722,163.347
making my way through the night youre still in my sight youre runnin away cuz ya know you cant hide my instincts are cold blooded hate to you im the bearer of fate wrong place and now the wrong time now terror is all that youll find,179.472,204.222
whoa cant you feel the poison rising straight to the heart from the venomous bite cant you feel the poison rising out of the morning and clear through the night you can feel my strength destroy you straight to the heart from the venomous bite,204.472,253.285
i cant regret cant escape decisions made for me no control fire that buns and never dies yeah wrapped around ill bury my fangs inside,253.472,284.91
stay inside tonight youre out there all alone vanish from my sites venomous control you cant make it right my appetite has lost your final fight no love will be,300.41,331.285
stay inside tonight youre out there all alone vanish from my sites venomous control you cant make it right my appetite has lost your final fight no love will be,331.472,362.597
