words,start,end
dont leave me in all this pain dont leave me out in the rain come back and bring back my smile come and take these tears away i need your arms to hold me now,10.854,31.729
the nights are so unkind bring back those nights when i held you beside me unbreak my heart say youll love meagain,31.729,51.232
undo this hurt you caused when you walked out the door,51.506,57.0
and walked out of my life uncry these tears i cried cried many nights,57.274,69.086
unbreak my heart my heart take back that sad word good bye,69.086,84.467
bring back the joy to my life dont leave me here with these tears come and kiss kiss pain awayway i cant forget the day you left time is so unkind and life is so cruel without you here beside me,85.566,113.034
unbreak my heart say youll love mech again,113.034,121.823
undo this hurt you caused whenyouwalked out the door,121.823,127.317
and walked out of my life uncry these tears,127.592,134.459
i cried so many nights unbreak my heart my heart dont leave me in all this pain,134.733,171.265
dont leave me out in the rain bring back those nights when i held you beside me unbreak my heart say youll love me again undo this hurt you caused,171.265,193.514
when you walked out out door and walked out of my life uncry these tears tears i cried so many nights unbreak my,193.514,209.72
unbreak my heart oh baby come back and say you love me,210.269,218.51
unbreak myheart sweet darling without you what is the kind go on,219.059,234.99
