words,start,end
love is a razor i walked the line on that silver blade i slept in the dust with his son his eyes were red with the slaughter of innocence i will pray for him i will call his name out loud i would bleed for him if only i could see him now circle of fire my baptism of joy at the end it seems the seventh lambs slained the book of life opens before me,16.192,72.142
i will pray for him i will call his name out loud i would bleed for him if only i could see him now the evil that men do lives on and on the evil that men do lives on and on the evil that men do lives on and on,74.654,108.592
the evil that men do lives on and on love is a razor i walked the line on that silver blade i slept in the dust with his son his eyes were red with the slaughter of innocence living on a razors edge,109.942,139.529
im balancing on a ledge im living on a razors edge i will pray for you,140.467,154.229
and some day i may return dont you cry for me beyond is where i am the evil that men do lives on and on the evil that men do lives on and on the evil that men do lives on and on,155.279,185.242
the evil that men do lives on and on the evil that men do lives on and on the evil that men do lives on and on on,186.592,209.467
