words,start,end
tell me what have you done to me oh how come your eyes feel like your hands on me,22.526,37.602
am i under some magic spell oh did you put a hex on my body im aroused though boy cant you tell i cant explain it or fight it boy cuz i like it,37.668,54.311
i can feel you from my head to my feet youre all over me i can feel you when youre not next to me taking over me i can feel you when i kiss you baby touch you baby love you baby i can feel you baby kiss you baby touch you baby love you baby oh,54.376,88.837
youre in control im a slave to your will baby baby you gotta hold on me yes your name gives me chills,89.359,104.306
am i under some magic spell oh did you put a hex on my body im aroused though boy cant you tell said i cant explain it or fight it i like it,104.501,121.21
i can feel you from my head to my feet youre all over me i can feel you when youre not next to me taking over me i can feel you when i kiss you baby touch you baby love you baby i can feel you baby when i kiss you baby touch you baby love you baby,121.21,154.627
oh feels like youre inside pushing my buttons making me do what you want me to do baby not by my side baby i can still feel you,154.888,170.552
i can feel you from my head to my feet youre all over me i can feel you when your not next to me taking over me,173.424,189.349
i can feel you when i kiss you baby touch you baby love you baby i can feel you when i kiss you baby touch you baby love you baby oh,190.132,207.885
