words,start,end
was it all in real time or was it just in my mind or was i just a ghost passing through you clinging to the wreckage till i got the message hanging at the edge of the room,20.8,46.505
give me something thats real give me half of your bitterest pill something from under the surface you actually feel,47.576,61.286
we say these words again and again but they still sound the same it was in your eyes in your eyes they were just easy lies,61.714,80.564
the lightest words are heavy and promises are easy and no ones ever happy or sad for very long well just because i said it it doesnt mean i meant it i guess that was the way all along,82.171,108.304
im just shaping the sound im just turning the syllables round dipping my toe in the water and watching you drown,109.161,122.978
we say these words again and again but they still sound the same it was in your eyes in your eyes they were just easy lies,123.299,142.15
and its been a long time waiting and its been a lifetime in the making,142.899,159.286
oh we said when you are alone and afraid i will come to your aid was it just a dream just a dream cause it was real to me,162.714,191.739
we say these words again and again but they still sound the same we say these words again and again and again and again,193.131,212.303
