words,start,end
my heart is aching im sorry i have to grin oh theres this burning poison running through my veins my babys far too beautiful to be forgotten i wrote his name on my sheets made of cotton yesterday we fought just for the sake of fighting i said go go go go he slammed the door and i was left with next to nothing i cried,16.765,44.695
oh no no nono ohno nah nah nahah when its a sunny day outside i dont think well everpart then comes the stormy rain oh my it washes away all the love from my heart ohoh yeah my love and i we share a soul wrapped in flames and yeah its filled with passion but the thing is as much as there is beauty,44.758,89.684
theres an ugly side too we go on and off back and forth up and down round and round my heart is saying girl pick up the phone come on and gogo gogo but my head resists youre better off alone so,89.934,108.304
nono nono oh oh nah nah nah when its a sunny day outside i dont think well everpart then comes the stormy rain oh my it washes away all the love from my heart,108.929,136.797
for the sixtyfourth time in a row i had tolet him go but when i see him walking out the door i only love himmore i slipped my bracelet in his pocket during our fight so i know he has a reason to come around tonight,136.922,160.479
when its a sunny day outside i dont think well everpart then comes the stormy rain ohmy when its a sunny day outside i dont think well everpart thencomes the stormy rain ohmy it washes away all the love from my heart,160.916,193.658
