words,start,end
i see the way the salesmen stare into the sun i stood and watched them as they fell off one by one and everyones so blind theyre not to help mankind reach into your bag of tricks and pull another one,63.228,84.85
o ho you dont want to change the world like you say o ho youre in it for yourself no one elseyoure ready saving yourself youre gonna change the world youre ready saving yourself youre gonna change the world,85.931,107.913
now when the day is set theyll line up all the same and those that need the most will never get or gain the ones you call your friends are failing you again reach into your bag of tricks and make it go away,109.354,130.976
o ho you dont want to change the world like you say o ho youre in it for yourself no one else youre ready saving yourself youre gonna change the world youre ready saving yourself youre gonna change the world,132.057,154.039
and since you aint what you say then just go away cause some dont lie some dont lie,155.48,167.012
go on now they wont tell go on now save yourself go on now they wont tell go on now save yourself,209.805,221.426
go onnow they wont tell go on now save yourself go on now they wont tell go on now save yourself,222.147,233.498
o ho you dont want to change the world like you say o ho youre in it for yourself no one else youre ready saving yourself youre gonna change the world youre ready saving yourself youre gonna change the world,234.039,256.021
and since you aint what you say then just go away cause some dont lie some dont lie,257.462,268.994
