words,start,end
on the way on the way home i saw a rainbow beneath my feet flowing over the filthy street oh yeah,10.084,23.72
its a long its a long way back to the place where we used to sit when you and i were just little kids,32.708,44.973
the time we had is not gone the way we chose was the long one the time we had is not gone,46.23,60.284
the stone that fell is still falling so let that stone be the wondrous thing that comes to pass when the voices sing oh yeah,68.549,82.109
on the way on the way home i heard some ghost laughing in the trees moving inside the midnight breeze,91.06,103.4
the time we had is not gone the way we chose was the long one the time we had is not gone,104.505,118.788
way out here the voice and the mind are clear,122.977,139.089
the time we had is not gone the way we chose was the long one the time we had is not gone the time we had is not gone,140.46,161.294
