words,start,end
what did you learn today i learned nothin what did you do today i did nothin what did you learn at school i didnt go why didnt you go to school i dont know,26.302,38.225
its cool to know nothin its cool to know nothin,38.225,48.225
televisions on the blink theres nothin on it i really want to really big coat with words on it what do you want for tea i want crisps why didnt you join the team i just didnt,50.917,62.84
its cool to know nothin its cool to know nothin,62.84,72.84
take a look take a look take a look at the kids on the street no they never miss a beat no they never miss a beat never miss a beat never miss a beat beat beat beat,74.379,84.764
take a look at the kids on the street no they never miss a beat no they never miss a beat never miss a beat never miss a never miss a beat never miss a beat,85.148,94.667
here comes the referee the lights flashin best bit of the day now thats livin why dont you run away are you kiddin what is the golden rule you say nothin,107.84,119.764
its cool to know nothin its cool to know nothin,119.764,129.764
take a look take a look take a look at the kids on the street no they never miss a beat no they never miss a beat never miss a beat never miss a beat beat beat beat,131.302,141.687
take a look at the kids on the street no they never miss a beat no they never miss a beat never miss a beat never miss a never miss a beat never miss a beat,142.071,151.59
take a look take a look take a look at the kids on the street no they never miss a beat no they never miss a beat never miss a beat never miss a beat beat beat beat,172.84,183.225
take a look at the kids on the street no they never miss a beat no they never miss a beat never miss a beat never miss a never miss a beat never miss a beat,183.61,193.129
