words,start,end
children behave thats what they say when were toghether and watch how you play they dont understand and so were,15.082,27.842
running just as fast as we can holdin on to oneanothers hand tryin to get away into the night and then you put your arms around me and we tumble to the ground and then you say,27.949,42.103
i think were alone now there doesnt seem to be anyone around i think were alone now the beating of our hearts is the only sound,42.318,55.185
i think were alone now there doesnt seem to be any one around i think were alone now the beating of our hearts is the only sound,56.043,69.124
look at the waves weve gotta hide what we are doing cause what would they say if they ever knew and so were,104.295,117.001
running just as fast as we can holdin on to one anothers hand tryin to get away into the night and then you put your arms around me and we tumble to the ground and then you say,117.055,131.263
i think were alone now there doesnt seem to be anyone around i think were alone now the beating of our hearts is the only sound,131.423,144.344
i think were alone now there doesnt seem to be anyone around i think were alone now the beating of our hearts is the only sound i think were alone now i think were alone now,145.148,195.116
