words,start,end
seven deadly sins seven ways to win seven holy paths to hell and your trip begins,1.242,10.223
seven downward slopes seven bloodied hopes seven are your burning fires seven your desires,11.835,23.12
i am he the bornless one the fallen angel watching you babylon the scarlet whore ill infiltrate your gratitude,85.99,100.613
dont you dare to save your son kill him now and save the young ones be the mother of a birth strangled babe be the devils own lucifers my name,101.304,115.928
moonchild hear the mandrake scream ow moonchild open the seventh seal,116.503,129.054
i count the heads of those unborn the accursed ones ill find them all if you die by your own hand as a suicide you shall be damned,131.012,145.52
and if you try to save your soul i will torment you you shall not grow old with every second and passing breath youll be so alone your soul will bleed to death,145.981,160.259
moonchild hear the mandrake scream ow moonchild open the seventh seal moonchild youll be mine soon child moonchild take my hand tonight,160.835,187.894
the twins they are exhausted seven is this night gemini is rising as the red lips kiss to bite seven angels seven demons battle for his soul when gabriel lies sleeping this child was born to die oh,189.736,220.596
one more dies one more lives one baby cries one mother grieves for all the sins you will commit youll beg forgiveness and none ill give,263.43,277.593
a web of fear shall be your coat to clothe you in the night a lucky escape for you young man but ill see you damned in endless night,277.939,292.217
moonchild hear the mandrake scream moonchild open the seventh seal yeah moonchild youll be mine soon child moonchild take my hand tonight,292.677,320.082
