words,start,end
one two three four,5.855,7.101
shapes made of four colored blocks like a t or a box come down like falling bricks,7.235,12.534
you can place them in rows,13.113,14.671
but everybody knows that they made this game for chicks mom just loves to flip and stack flip and stack grandma says this shit is like crack well it is this is the game girls deserve there is no learning curve,14.938,33.194
which makes it great for noobs it will fill you with glee especially if you have a vag and boobs,33.417,40.987
your mom loves it mine does too mine does too call me sexist bitch its still true just kidding about the bitch part deep in a girls dainty brain theres a spot near a vein which regulates their bliss,41.432,57.996
once they see falling blocks,58.62,60.223
the t spot unlocks,60.445,61.558
and they start to sing like this sing lalalalalalala we love tetris lalalala here is a trick i have learned,61.603,77.232
to avoid getting burned when you piss of your chick if you sing this on key immediately shell forget that youre a dick,77.321,86.538
lalalalalalala lalalalalalalala tetris helps when,86.939,100.92
chicks want to neuter us if you love it,101.054,106.664
you propably have a uterus so i was kinda trying to,106.843,113.655
communicate that i think,113.655,114.501
women enjoy tetris a lot is that,114.546,117.707
