words,start,end
metaphor for amissingmomentpull mein to yourperfect circleone wombone shame one resolve liberate this will to release us all,10.314,47.851
gotta cut away clear awaysnip away and sever this umbilical residue keeping me from killing you,48.45,69.815
and from pulling you down withme here i can almost hear you scream,72.76,88.434
one more medicated peaceful moment give me one more medicated peaceful momentand i dont wanna feel thisoverwhelming hostilityi dont wanna feel this,107.652,139.249
overwhelming hostilitygotta cut away clear awaysnip away and sever this umbilical residue gotta cut away clear awaysnip away and sever this umbilical residue keeping me from killing you,139.349,254.956
snip away and sever thiskeeping me from killing you,261.046,275.023
