words,start,end
somewhere deep inside somethings got a hold on you and its pushing me aside see it stretch on forever,13.992,30.978
and i know im right for the first time in my life thats why i tell you youd better be home soon,33.338,52.644
stripping back the coats of lies and deceiption back to nothingness like a week in the desert,56.419,72.698
then i know im right for the first time in my life thats why i tell you youd better be home soon,74.821,93.734
dont say no dont say nothings wrong cos when you get back home maybe ill be gone,98.256,110.878
it would cause me pain if we were to end it but i could start again you can depend on it,140.604,157.591
then i know im right for the first time in my life thats why i tell you youd better be home soon,158.298,176.7
thats why i tell you youd better be home soon,178.548,190.934
