words,start,end
i feel a separation coming on cause i know you want to be moving on i wish it would snow tonight youd pull me in avoid a fight cause i feel a separation coming on,10.611,30.389
just prove that there is nothing left to try cause the truth id rather we just both deny you kissed me with those open eyes it says so much its no surprise to you but ive got something left inside,31.944,52.111
dont surrender surrender surrender please remember remember december we were so in love back then now youre listening to what they say dont go that way remember remember december please remember,53.055,76.055
dont surrender you said you wouldnt let them change your mind cause when were together fire melts the ice our hearts are both on overdrive come with me lets run tonight dont let these memories get left behind,79.722,105.333
dont surrender surrender surrender please remember remember december we were so in love back then now youre listening to what they say dont go that way remember remember december please remember,106.389,129.389
i remember us together with a promise of forever we can do this fight the pressure please remember december,133.055,144.055
dont surrender surrender surrender please remember remember december we were so in love back then now youre listening to what they say dont go that way remember remember december please remember dont surrender,154.389,183.5
