words,start,end
yeaeah the bells again someone has died the bells of the endtoll to remind that lifes but a race against time,13.15,58.868
at your back youll always hear the chariot of time hurrying near the faster you run the closer it comes a pursuer you cannot outrun,60.175,85.429
hear these words i say make the most out of your day for brief is the light on our way on this momentary trail,85.646,98.709
hear these words awake make the most out of your day for brief is the time so brief is the time that were allowed to stay,99.471,113.839
ohohohohoh the bells again whose turn this time to reach for the end yours or mine each funeral just makes us realize that lifes but a series of goodbyes,114.057,144.754
hear these words i say make the most out of your day for brief is the light on our way on this momentary trail,144.754,158.469
too late hear these words i say make the most out of your day for brief is the light on our way on this momentary trail,159.558,201.358
hear these words awake make the most out of your day for brief is the time so brief is the time that were allowed to stay,202.011,215.726
life passes b y melts away like snow in spring we all are blind to the running of time yeaeah,216.379,232.925
