words,start,end
i think i hear the sounds of then and people talking the scenes recalled by minute movement and songs they fall from the backing tape that certain texture that certain smell,14.896,30.045
to lie in sweat on familiar sheets in brick veneer onfinanced beds in a room of silent hardiflex that certain texture that certain smell brings home the heavy days brings home the night time swell,30.564,51.704
out on the patio wed sit and the humidity wed breathe wed watch the lightning crack over canefields and laugh and think this is australia,52.453,68.294
the block is awkward it faces west long diagonals and sloping too and in the distance through the heat haze in convoysof silence the cattle graze,74.804,89.089
that certain texture that certain beat brings forth the night time heat,89.55,95.714
check out out on the patio wed sit and the humidity wed breathe wed watch the lightning crack over canefields laugh and think that this is australia,96.002,112.073
to lie in sweat on familiar sheets in brick veneer onfinanced beds in a room of silent hardiflex that certain texture that certain smell brings forth the heavy days brings forth the night time swell,144.85,165.933
check out out on the patio wed sit and the humidity wed breathe wed watch the lightning crack over canefields and laugh and think this is australia,166.048,181.428
out on the patio wed sit and the humidity wed breathe wed watch the lightning crack over canefields and laugh and think this is australia this is australia this is australia this is australia check it,181.486,209.596
