words,start,end
hamster a dentist hard porn steven seagull warrior this rifle in me the fishmaster,0.216,10.906
hamster a dentist hard porn steven seagull warrior this rifle in me the fishmaster,11.595,21.94
oh el beret oh loreal,27.457,38.492
dreamy eye just staring in the nile,38.837,41.595
on a journey of a story to a smile whispers the witch speaks with the stones,41.595,47.113
the words too silent to beheard its a sign from a lonely harp ill be with you soon my shalaby great haystacks my destiny hamster a dentist hard porn steven seagull warrior this rifle in me the fishmaster,47.285,72.975
oh zeebra oh super price cemetry the one and only binds him,78.492,92.63
to otters sweet arms so silky clean i can hear the call of hurricane rofl,92.888,98.147
your words shall rest on earth no more maiden elf calling with her cunning soap lead me away from the sun,98.147,106.25
hard porn will find the whip hamster a dentist hard porn steven seagull warrior this rifle in me the fishmaster,106.509,124.009
hamster a dentist hard porn steven seagull warrior this rifle in me the fishmaster,124.699,135.044
fishmaster grows a pile of pills the child will fire the apprentice for farming,173.664,195.388
hamster a dentist hard porn steven seagull warrior this rifle in me the fishmaster,222.285,232.975
hamster a dentist hard porn steven seagull warrior this rifle in me the fishmaster,233.664,244.009
hamster a dentist hard porn steven seagull warrior this rifle in me the fishmaster,244.699,255.044
