words,start,end
i waited til i sawthe sun i dont know why i didnt come i left you by the house of fun i dont know why i didnt come i dont know why i didnt come,10.21,36.886
when i saw the break o day i wished that i could fly away stead of kneelin inthe sand catching teardrops in myhand,38.846,59.045
my heart is drenched inwine but youll be on mymind forever,59.982,80.948
out across the endless sea i would die in ecstasy but ill be a bagof bones driving down the road alone,82.738,102.085
my heart is drenched inwine but youll be on mymind forever,104.3,124.84
something has to makeyou run i dont know why i didnt come i feel as empty as a drum i dont know why i didnt come i dont know why i didnt come idont know why i didnt come,147.425,179.3
