words,start,end
tell me exactly what am i supposed to do now that i have allowed you to beat me do you think that we could play another game maybe i could win this time,8.942,23.033
i kind of like the misery you put me through darlin you can trust me completely if you even try to look the other way i think that i could kill this time,23.487,38.26
rah rah rah rah it doesnt really seem im getting through to you though i see you weeping so sweetly i think that you might have to take another taste a little bit of hell this time,40.76,67.351
rah rah lie to me rah rah lie to me is she not right is she insane will she now run for her life in the battle that ends this day,69.851,89.169
is she not right is she insane will she now run for her life now that she lied to me,89.397,95.987
you always wanted people to remember you leave your little mark on society dont you know your wish is coming true today another victim dies tonight,99.851,114.624
rah rah lie to me rah rah lie to me is she not right is she insane will she now run for her life in the battle that ends this day,117.124,136.442
is she not right is she insane will she now run for her life now that she lied to me rum biddy num bum bah did nah rum biddy num bah did nooo rum biddy num bum bah did nah rum biddy num bum bah did nooo rum biddy num bum bah did nah rum biddy num bah did nooo rum biddy num bum bah did nah rum biddy num bum bah did nooo,136.669,172.351
rum biddy num bum bah did nah rum bid dy num bah did nooo rum biddy num bum bah did nah rum biddy num bum bah did nooo is she really telling lies again doesnt she realize shes in danger,172.578,194.169
eeeeeeeeeeeeeeeyow is she not right is she insane will she now run for her life in the battle that ends this day,195.078,203.715
is she not right is she insane will she now run for her life now that she lied to me,203.942,210.533
the little bitch she went and she told a lie and now she will never tell another a lie the little bitch she went and she told a lie never fucking lie to me,211.669,224.851
