words,start,end
today is the first day of the rest of our li i ives tomorrow is too late to pretend everythings all right now im not getting any younger as long as you dont get any older im not going to state that yesterday never was,13.124,34.851
bloodshot deadbeat and lack of sleep making your mascara bleed tears down your face leaving traces of my mistakes,35.124,45.033
when i say if i promise to go to church on sunday will you go with me on friday night if you live with me ill die for you and this compromise,46.579,57.579
i hereby solemly swear to tell the whole truu u th and nothing but the truth is what ill ever hear from you now trust is a dirty word that comes from such a liar but respect is something i will learn if you have faith,65.76,87.306
bloodshot deadbeat and lack of sleep making your mascara bleed tears down your face leaving traces of my mistakes,87.579,97.942
when i say if i promise to go to church on sunday will you go with me on friday night if you live with me ill die for you and this compromise,99.306,110.306
if i promise to go to church on sunday will you go with me on friday night if you live with me ill die for you and this compromise,112.397,121.851
lets go o oooh oooh oooh oo oooo oh if i promise to go to church on sunday will you go with me on friday night if you live with me ill die for you and this compromise,123.397,168.669
if i promise to go to church on sunday will you go with me on friday night if you live with me ill die for you and this compromise,171.033,180.669
and this compromise its a compromise,182.124,188.306
