words,start,end
my lullaby hung out to dry whats up with that its over,15.528,31.865
where are you dad mums lookin sad whats up with that its dark in here,35.949,53.593
why bleeding isbreathing youre hiding underneath the smoke in the room try bleeding is believing i used to,56.534,73.198
my mouth is dry forgot how to cry whats up with that youre hurting me,76.792,94.109
im running fast cant hide the past whats up with that youre pushing me,97.54,117.144
why bleeding isbreathing youre hiding underneath the smoke in the room try bleeding is believing i used to,117.634,134.625
i usedto why bleeding isbreathing youre hiding underneath the smoke in the room try bleeding isbreathing i saw you crawling on the floor,138.382,178.571
why bleeding isbreathing youre hiding underneath the smoke in the room try bleeding isbreathing i saw you crawling to the door,179.225,198.993
why bleeding isbreathing youre hiding underneath the smoke in the room try bleeding isbreathing i saw you falling on the floor,199.483,220.394
