words,start,end
oh hey oh baby baby are you listening,2.535,29.455
wondering where youve been all my life i just started living oh baby are you listening oh,31.583,62.385
when you say you love me no i love you more and when you say you need me no i need you more boy i adore you i adore you,63.637,93.937
baby can you hear me when im crying out for you im scared oh so scared but when youre near me i feel like im standing with an army of men armed with weapons hey,96.191,137.009
oh when you say you love me no i love you more and when you say you need me no i need you more boy i adore you i adore you,138.011,174.071
i love lying next to you i could do this for eternity you and me were meant to be in holy matrimony god knew exactly what he was doing when he led me to you,178.328,205.373
when you say you love me no i love you more i love you more and when you say you need me no i need you more boy i adore you i adore you,207.877,238.178
when you say you love me no i love you more and when you say you need me no i need you more boy i adore you i adore you,239.931,270.231
