words,start,end
this is the greatest and best song in the world tribute long time ago me and my brother kyle here we was hitchhikin down a long and lonesome road all of a sudden there shined a shiny demon in the middle of the road and he said play the best song in the world or ill eat your souls well me and kyle we looked at each other and we each said,15.512,66.662
okay and we played the first thing that came to our heads just so happened to be the best song in the world it was the best song in the world,68.912,80.312
look into my eyes and its easy to see one and one make two two and one make three it was destiny once every hundred thousand years or so when the sun doth shine and the moon doth glow and the grass doth groow,80.762,98.012
needless to say the beast was stunned whip crack went his whippet tail and the beast was done he asked us be you angels and we said nay we are but men rock,99.512,119.612
ah ah ah ah ah ah ah ah ah oh oh oh oh whoahowow ayahwoaow this is not the greatest song in the world no this is just a tribute couldnt remember the greatest song in the world no no this is a tribute,119.912,149.987
to the greatest song in the world all right it was the greatest song in the world,150.737,157.862
all right,158.012,159.362
and it was the best motherfuckin song the greatest song in the world alright titugadiggatugi,159.512,165.812
fribafligugibu fligugibuuhdieifribadugifligugiguflibili fligugigumamamana lucifer and the peculiar thing is this my friend the song we sang on that fateful night it didnt actually sound anything like this song,165.812,190.712
this is just a tribute you gotta believe me and i wish you were there just a matter of opinion ah fuck,191.162,201.812
good god god lovin so surprised to find you cant stop me now im on fire hallelujah im found rich motherfucker compadre aowhhh,202.112,211.262
alright alright,214.712,221.162
