words,start,end
ooh whoo im a raisin shes a cow the way shes looking at me now wow when conversation comes my way i say i go to church to pray you know almost every day thats when she walks away,4.817,38.661
o yeah,39.364,40.349
so you want to talk about it for a while o yeah so you went to school to relearn how to smile o yeah she said la di da di dream she said come on o yeah well o yeah,41.239,60.646
smoke to mouth and nod your head i cant remember what you said and your name again constipation verbally then i walk away,63.411,80.849
o yeah,81.364,82.349
so you want to talk about it for a while o yeah so you went to school to relearn how to smile o yeah she said la di da di dream she said come on o yeah well o yeah,83.239,102.786
sweet candy just give me some sweet candy you make me feel ooh baby you think youre all that,104.614,122.989
o yeah,126.364,128.286
i want to talk about it for a while o yeah went to school to relearn how to smile o yeah she said la di da di dream she said come on o yeah well o yeah,128.427,147.646
on and on and on and on,149.661,152.239
and on and on and on and on,152.286,155.052
on and on and on and on,155.661,158.239
and on and on and on and on,158.286,161.052
on and on and on and on,161.661,164.239
and on and on and on and on,164.286,167.052
on and on and on and on and on and on and on and on,167.661,173.052
