words,start,end
its nine o clock on a saturday the regular crowd shuffles in theres an old man sitting next to me makin love to his tonic and gin,31.244,46.65
he saidson can you play me a memory im not really sure how it goes but its said and its sweet and i knew it complete when i wore a younger mans clothes,57.797,73.453
la la la didde da la la didde d a da dum sing us a song your the piano man sing us a song tonight well were all in the mood for a melody and youve got us feelin alright,74.831,101.635
now john at the bar is a friend of mine he gets me my drinks for free and hes quick with a joke or to light up your smoke but theres someplace that hed rather be,117.041,131.945
he says bill i believe this is killing me as the smile ran away from his face but im sure that i could be a movie star if i could get out of this place,134.951,150.357
oh la la la didde da la la didde da da dum now paul is a real estate novelist who never had time for a wife and hes talkin with davy whos still in the navy and probably will be for life,151.359,178.664
and the waitress is practicing politics as the businessmen slowly get stoned yes theyre sharing a drink they call loneliness but its better than drinkin alone,189.561,206.094
sing us a song your the piano man sign us a song tonight well were all in the mood for a melody and you got us feeling all right,222.126,236.53
its a pretty good crowd for a saturday and the manager gives me a smile cause he knows that its me theyve been comin to see to forget about life for awhile,252.186,266.59
and the piano it sounds like a carnival and the microphone smells like a beer and they sit at the bar and put bread in my jar and say man what are you doing here,269.47,284.626
oh la la la didde da la la didde d a da dum sign us a song youre the piano man sign us a song tonight well were all in the mood for a melody and youve got us feelin alright,285.377,312.557
