words,start,end
when youre alone and life is making you lonely you can always go downtown when youve got worries all the noise and the hurry seems to help i know downtown,9.116,24.814
just listen to the music of the traffic in the city linger on the sidewalk where the neon signs are pretty how can you lose the lights are much brighter there you can forget all your troubles,25.07,41.215
forget all your cares so go downtown thingsll be great when youre downtown no finer place for sure downtown everythings waiting foryou,41.47,58.764
dont hang around and let your problems surround you there are movie shows downtown maybe you know some little places to go to where they never close downtown,63.805,79.631
just listen to the rhythm of a gentle bossa nova youll be dancing with them too before the night is over happy again the lights are much brighter there you can forget all your troubles,79.886,96.031
forget all your cares so go downtown where all the lights are bright downtown waiting for you tonight downtown youre gonna be all rightnowdowntown,96.287,126.088
and you may find somebody kind to help and understand you someone who is just like you and needs a gentle hand to guide them along so maybe ill see you there we can forget all our troubles forget all our cares so go,133.937,152.188
downtown thingsll be great when youre downtown dont wait a minute more downtown everythings waiting foryoudowntown,152.444,170.758
downtown downtown downtown,171.971,182.245
