words,start,end
do do do do do do do do do do do do do do do do do do,12.001,18.958
shes got a lip ring and five colors in her hair im not into fashion but i love the clothes she wears her tattoos always hidden by her underwear she dont care,22.093,37.995
everybody wants to know her name i threw a house party and she came everyone asked me whothe hell is she ah that weirdo with five colors in her hair,38.989,56.497
shes just a loner with a sexy attitude and id like to phone her cos she puts me in the mood and the rumors spreading now that she cooks in the nude but she dont care but she dont care,58.867,77.139
everybody wants to know her name how does she cope with her new found fame everyone asked me whothe hell is she that weirdo with five colors in her hair,78.133,95.717
she was all i thoughtabout the girl i couldnt live without but then she went insane she couldnt take the fame she said i was to blame,98.928,117.353
shed had enough and shaved five colors off andnow shes just a weirdo with noname everybody wants to know her name how does she cope with her new found fame everyone asked me whothe hell is she ah that weirdo with five colors in her hair,118.117,158.331
do do do do do do do do do do do do do do do do do do do,160.396,169.723
