words,start,end
call you up in the middle of the night like a firefly without a light you were there like a blow torch burnin i was a key that could use a little turnin,9.496,25.158
so tired that i couldnt even sleep so many secrets i couldnt keep promised myself i wouldnt weep one more promise i couldnt keep,25.82,41.04
it seems no one can help me now im in too deep theres no way out this time i have really led myself astray,41.128,56.57
runaway train never goin back wrong way on a one way track seems like i should be getting somewhere somehow im neither here nor there,58.511,74.658
can you help me remember how to smile make it somehow all seem worthwhile how on earth did i get so jaded lifes mystery seems so faded,79.114,94.776
i can gowhere no one else can go i know what no one else knows here i am just drownin in the rain with a ticket for a runaway train,95.393,110.658
and everything seems cut and dry day and night earth and sky somehow i just dont believe it,110.702,124.643
runaway train never goin back wrong way on a one way track seems like i should be getting somewhere somehow im neither here nor there,128.084,144.276
bought a ticket for a runaway train like a madman laughin at the rain little out of touch little insane its just easier than dealin with the pain,177.32,193.29
runaway train never goin back wrong way on a one way track seems like i should be getting somewhere somehow im neither here nor there,193.908,210.099
runaway train never comin back runaway train tearin up the track runaway train burnin in my veins i runaway but it always seems the same,210.364,226.555
