words,start,end
i had no choice but to hear you you stated your case time and again i thought about it,1.081,16.02
you treat me like im a princess im not used to liking that you ask how my day was,18.983,34.265
youve already won me over in spite of me and dont be alarmed if i fall head over feet and dont be surprised if i love you for all that you are i couldnt help it its all your fault,35.387,59.371
your love is thick and it swallowed me whole youre so much braver than i gave you credit for thats not lip service,60.868,76.087
youve already won me over in spite of me and dont be alarmed if i fall head over feet and dont be surprised if i love you for all that you are i couldnt help it its all your fault,77.21,101.287
you are the bearer of unconditional things you held your breath and the door for me thanks for your patience,102.753,117.972
youre the best listener that ive ever met youre my best friend best friend with benefits what took me so long,144.606,159.732
ive never felt this healthy before ive never wanted something rational i am aware now oh i am aware now,162.446,183.591
youve already won me over in spite of me and dont be alarmed if i fall head over feet and dont be surprised if i love you for all that you are i couldnt help it its all your fault,184.714,208.323
youve already won me over in spite of me and dont be alarmed if i fall head over feet and dont be surprised if i love you for all that you are i couldnt help it its all your fault la la la la ha ha la ha ha ya yie ooh ee ooh ooh yoo ooh ooh ay mm la la oh ha ha oh ha ha oh i couldnt help it its all your fau,208.572,255.697
