words,start,end
i am standing strong ive overcome the sadness in my life now i look up and see the bright blue sky above me and its reflecting in your eyes,19.656,47.274
je ne sais quoi i know you have that special something je ne sais quoi oh something i just cant explain and when i see your face i wanna follow my emotions je ne sais pas pourquoi,47.842,75.346
when the clouds are gone the stars come out around us shining yeah all that we see is the love our hearts aligned together tell me do you feel the same,77.847,105.578
je ne sais quoi i know you have that special something je ne sais quoi oh something i just cant explain and when i see your face i wanna follow my emotions je ne sais pas pourquoi,106.033,133.537
i just love this crazy feeling oh its like ive known you all my life,136.833,149.221
je ne sais quoi je ne sais quoi i know you have that special something je ne sais quoi oh something i just cant explain and when i see your face i wanna follow myemotions je ne sais pas pourquoi,149.676,181.271
