words,start,end
we lived in a dogfish egg case you could barely call it home a sorry little lot no roof on top but the fish left us alone try a little more said the girl next door its time to roam,11.034,26.334
mad lizzie crumbs blind cobblers thumbs were a sight to behold she was a rum old slapper and we always tried to get her pants off when she phoned left her cap by the sink its not what you think oh take me home,27.714,42.894
now we know where were going baby we can lay back and enjoy the ride take in the sights and drown in our senses love is the law so take me deep inside,44.274,68.754
strap on sally chased us down the alley we feared for our behinds oasis was a shop with shoes so hot they were sure to blow your mind running so fast i can taste the past oh take me home,71.754,87.054
now we know where were going baby we can lay back and enjoy the ride take in the sights and drown in our senses love is the law so take me deep inside,88.434,113.754
these waters run deep its clear my little one blue velvet star sky not a sound the light in your eyes the smile on your ruby lips tells me my lost soul is found,115.614,148.554
now we know where were going baby we can lay back and enjoy the ride take in the sights and drown in our senses love is the law so take me deep inside,162.354,187.494
