words,start,end
help me escape this feeling of insecurity ha ha i need you so much,24.078,32.931
but i dont think you really need me ah ha but if we all stand up in the name of love and state the case of what were dreaming of,33.115,45.718
ive got to say i only dream of you but like a thief in the night you took away the love that i knew oh,46.763,56.414
ah relight my fire your love is my only desire relight my fire cos i need your love turn back the times til the days when our love was new do you remember,57.091,91.148
no matter what was happnin i was there with you ah ha but if we all stand up for what we believe and maybe live within our possibilities the world would be wild for the dream so baby dont turn away listen to what i got to say ah,92.562,117.029
ah ha ah ha ha relight my fire oh your love is my only desire relight my fire cos i need your love,117.767,134.365
relight my fire come on yeah your love is my only desire relight my fire cos i need oh i need your love,136.148,158.095
you gotta be strong enough to walk on through the night theres a new day on the other side you gotta have hope in your soul just to keep on walking,158.341,171.927
woah woah yeah strong enough to walk on through the night theres a new day on the other side and i got hope in my soul well i keep walking baby,172.787,187.664
keep on walking baby relight my fire relight my fire your love is my only desire relight my fire cos i need your love oh relight my fire your love is my only desire relight my fire need i need your love,187.972,220.861
relight my fire relight my fire baby relight my fire i need your love relight my fire,221.783,239.857
