words,start,end
you could have knocked me out with a feather i know youve heard this all before but were just hells neighbors oh oh oh oh why why why wont the world revolve around me build my dreams trees grow all over the streets,14.043,37.96
but i dont know much about classic cars but ive got a lot of friends stuck on classic coke down set one hut hut hike media blitz,37.96,55.311
lets hear it for americas suitehearts but i must confess im in love with my own sins lets hear it for americas suitehearts but i must confess im in love with my own sins,55.405,81.197
you can bow and pretend like you dont dont know youre a legend oh oh oh time time time hasnt told anyone else yet sorry i just let my love loose again,81.197,103.332
but i dont know much about classic cars but ive got a lot of friends stuck on classic coke down set one hut hut hike media blitz,103.801,121.34
lets hear it for americas suitehearts but i must confess im in love with my own sins lets hear it for americas suitehearts but i must confess im in love with my own sins,121.528,154.823
you could have knocked me out with a feather i know youve heard this all before,157.918,168.986
lets hear it for americas suitehearts but i must confess im in love with my own sins lets hear it for americas suitehearts but i must confess im in love with my own sins lets hear it oh lets hear it lets hear it oh lets suitehearts,169.455,207.065
