words,start,end
and were at it again i turn around another fucking war man i dont know where to begin but ill start with the radical leaders their steps were followin,51.502,61.171
running dont go back and fight too many youll lose as they thank the lord the blind cant see like a plague fed to the brain deadly disease,61.326,79.194
a whoa but it wasnt a sin a sorry life judging every action and as theyre feeding your mind with this shit you forget how to speak and ask all the questions,79.387,100.543
a business is at hand tonight make the people choose if they had it their way id burn in hell and your futures a fuckin disaster cant you see as they thank the lord the blind cant see like a plague fed to the brain deadly disease,100.775,128.699
a whoa id run away tonight with my mind still intact im gonna make it alright easier said than done with no place to hide and having no place to running away from condition i see you but youre running away from your scared seductive system most would claim i live a lie when pointing out its easy to predict these things every color has its side they live together vote and most embrace the same dark times,128.892,194.912
please help us please save us of course they have control were all the same up on the cross crucified their problem drove the nail and let him rot family and friends it wont matter in the end im sure theyll understand now look at the world and see how the humans bleed as i sit up here and wonder bout and how you sold your mind body and soul looking at the fields so green i know this sounds obscene i see youre livin for tomorrow but decisions you have made will leave you empty,195.53,254.24
as they thank the lord the blind cant see like a plague fed to the brain deadly disease,261.666,269.711
a woah id run away tonight with my mind still intact im gonna make it alright easier said than done with no place to hide and having no place to,269.865,281.391
ruuuunnnnn bass solo youve fallen asleep in denial look at the way were dyin whoa whoa how it ends ill never know whoa just live your life blind like me,281.545,344.819
