words,start,end
there are signs on the ring which make me feel so down theres one to enslave all rings to find them all in time and drive them into darkness forever theyll be bound three for the kings of the elves high in light,15.708,47.612
nine to the mortals that cry slow down and i sail on the river slow down and i walk to the hill slow down and i sail on the river,49.528,81.207
slow down and i walk to the hill and theres no way out mordor mordor mordor dark land under saurons spell threatened a long time threatened a long time,81.545,121.115
seven rings to the dwarves in their halls made of stone,124.384,128.33
into the valley i feel down,131.148,140.505
one ring for the dark lords hand sitting on his throne in the land so dark where i have to go,141.069,154.033
slow down and i sail on the river slow down and i walk to the hill slow down and i sail on the river slow down and i walk to the hill lord of the rings,169.929,190.108
