words,start,end
cos ive been sitting back no chance of falling hoping that nothin ever blows no no boy did you ever think that lovin would be nothin more than walkin me home no no,1.678,17.496
cos ive been sitting back no chance of falling hoping that nothin ever blows yeah yeah boy did you ever think that loving would be nothin more than walkin me home no no,19.439,35.994
did you tell him no no no give him kisses no no no whisper honey no no no youre delicious hell no were you dancin no no no sweet as toffee no no no didya get his number no no no get him out for coffee hell yeah,38.474,52.683
did you tell him no no no give him kisses no no no whisper honey no no no youre delicious hell no were you dancing no no no sweet as toffee no no no didya get his number no no no get him out for coffee hell yeah yeah,52.818,67.831
yeah yeah yeah yeah yeah yeah i cant deny no way my dddirty mind is sayin lover come and get me get me but for a while i dropped that dddirty style and i discovered that its sexy sexy,68.434,87.67
but youre knock knock knocking again boy wo oh but good aint good enough gonna keep you waitin knock knock knocking again boy wo oh get your sugar rush and do a little chasing,87.67,102.214
did you tell him no no no give him kisses no no no whisper honey no no no youre delicious hell no were you dancin no no no sweet as toffee no no no didya get his number no no no get him out for coffee,102.885,116.021
from top to bottom im a woman sunshine aint no damn reason youll be leavin my side i give you nothin til you show me somethin somethin somethin cos damn good lovings what im really wanting wanting,116.49,143.434
hell yeah woo woo woo woo i cant deny no way my dddirty mind is sayin lover come and get me get me but for a while i dropped that dddirty style and i discovered that its sexy sexy,144.909,166.692
i cant deny no way my dddirty mind is sayin lover come and get me get me but for a while i dropped that dddirty style and i discovered that its sexy sexy woo woo woo woo yeah woo woo,167.094,204.493
