words,start,end
ive been alone with you inside my mind and in my dreams ive kissed your lips a thousand times i sometimes see you pass outside my door hello is it me youre looking for,15.678,45.111
i can see it in your eyes i can see it in your smile youre all ive ever wanted and my arms are open wide,46.438,60.491
cause you know just what to say and you know just what to do and i want to tell you so much i love you,61.999,76.957
i long to see the sunlight in your hair and tell you time and time again how much i care sometimes i feel my heart will over flow hello ive just got to let you know,91.311,120.503
cause i wonder where you are and i wonder what you do are you somewhere feeling lonely or is someone loving you,121.89,136.064
tell me how to win your heart for i havent got a clue but let me start by saying i love you,137.21,152.228
hello is it me youre looking for,189.683,196.136
cause i wonder where you are and i wonder what you dos are you somewhere feeling lonely or is someone loving you,197.222,211.215
tell me how to win your heart for i havent got a clue but let me start by saying i love you,212.843,228.947
hello is it me youre looking for,270.744,278.163
