words,start,end
i i am the one the one who lost control control but in the end id be the last man standing,1.506,10.165
i i am the one the one who sold his soul his soul forever gone to be the last man standing tall,10.301,21.824
glorious noble in my mind everything i fight to win taking all and giving whatever my pride would let me not backing down not giving in,24.279,55.642
i wouldnt lose i couldnt,56.324,58.165
i i am the one the one who lost control control but in the end id be the last man standing,58.301,66.892
i i am the one the one who sold his soul his soul forever gone to be the last man standing tall,67.029,78.551
i walk alone with my head held high never felt that i belong stand my ground at all costs running through life with blindfolds just for the right right to be wrong,80.87,112.37
nothing would rule my world but,113.051,114.858
i i am the one the one who lost control control but in the end id be the last man standing,115.029,123.62
i i am the one the one who sold his soul his soul forever gone to be the last man standing tall,123.756,137.188
nothing would rule my world but,152.324,154.165
i i am the one the one who lost control control but in the end id be the last man standing,154.301,162.892
i i am the one the one who sold his soul his soul forever gone to be the last man standing,163.029,171.62
i i am the one the one who lost control control but in the end id be the last man standing,171.756,180.347
i i am the one the one who sold his soul his soul forever gone to be the last man standing tall,180.483,192.006
seeing clear on what ive done i refuse to let things go i can never once admit im wrong and what do i have to show,194.597,211.779
seeing clear on what i stake and on things i have to change i just hope i can its not too late to get a chance to end this pain,212.051,229.642
