words,start,end
tonight youre mine completely you give your love so sweetly tonight the light of love is in your eyes but will you love me tomorrow,7.952,33.418
is this a lasting treasure or just a moments pleasure can i believe the magic of your sighs will you still love me tomorrow,35.439,60.986
tonight with words unspoken you say that im the only one but will my heart be broken when the night meets the morning sun,63.007,90.252
id like to know that your love is a love i can be sure of so tell me now and i wont ask again will you still love me tomorrow,90.818,116.689
so tell me now and i wont ask again will you still love me tomorrow will you still love me tomorrow will you still love me,131.483,155.737
