words,start,end
all i know is evrything is not as its sold but the more i grow the less i know and i have lived so many lives though im not old and the more i see the less i grow the fewer the seeds the more i sow,16.938,54.757
then i see you standing there wanting more from me and all i can do is try,57.151,65.688
then i see you standing there wanting more from me and all i can do is try,67.284,77.576
try i wish i hadnt seen all of the realness and all the real people are really not real at all the more i learn the more i learn the more i cry the more i cry as i say goodbye to the way of life i thought i had designed for me,81.965,126.885
then i see you standing there wanting more from me and all i can do is try,128.64,137.417
then i see you standing there im all ill ever be but all i can do is try oh try try try,138.853,166.619
all of the moments that already passed well try to go back and make them last all of the things we want each other to be we never will be we never will be,179.145,198.215
thats wonderful and thats life thats you baby this is me baby,198.933,214.012
we are we are we are we are we are we are free in our love we are free in our love try,214.571,258.693
