words,start,end
i guess now its time for me to give up i feel its time got a picture of you beside me got your lipstick mark still on your coffee cup oh yeah got a fist of pure emotion got a head of shattered dreams gotta leave it gotta leave it all behind now whatever i said whatever i did i didnt mean it i just want you back for good,16.827,59.116
want you back want you back for good whenever im wrong just tell me the song and ill sing it youll be right and understood want you back i want you back for good,60.443,75.803
unaware but underlined i figured out the story it wasnt good but in a corner of my mind i celebrated glory but that was not to be in the twist of separation you excelled at being free cant you find a little room inside for me,77.557,110.98
whatever i said whatever i did i didnt mean it i just want you back for good want you back see i want you back for good whenever im wrong just tell me the song and ill sing it youll be right and understood want you back i want you back for good,113.066,136.676
and well be together this time is forever well be fighting and forever we will be so complete in our love we will never be uncovered again,138.667,164.836
whatever i said whatever i did i didnt mean it i just want you back for good want you back want you back for good whenever im wrong just tell me the song and ill sing it youll be right and understood want you back see i want you back for good whenever im wrong ill tell you want you back i want you back for good whenever im wrong ill tell you i want you back i want you back you see i want you back for good,168.013,216.559
oh yeah i guess now its time that you came back for good,218.882,231.824
